conn,suite,group,total_handshake_us,client_keygen_us,client_decap_us,key_schedule_us,sig_verify_us
1,TLS_AES_256_GCM_SHA384,RSA-3072-OAEP,260331.00,0.00,1272.00,110.00,52677.00
2,TLS_AES_256_GCM_SHA384,RSA-3072-OAEP,365190.00,1.00,246.00,42.00,44865.00
3,TLS_AES_256_GCM_SHA384,RSA-3072-OAEP,252627.00,0.00,243.00,44.00,45437.00
4,TLS_AES_256_GCM_SHA384,RSA-3072-OAEP,361859.00,0.00,227.00,39.00,45312.00
5,TLS_AES_256_GCM_SHA384,RSA-3072-OAEP,415978.00,0.00,237.00,40.00,45158.00
6,TLS_AES_256_GCM_SHA384,RSA-3072-OAEP,220756.00,0.00,214.00,39.00,45803.00
7,TLS_AES_256_GCM_SHA384,RSA-3072-OAEP,359597.00,0.00,255.00,44.00,45710.00
8,TLS_AES_256_GCM_SHA384,RSA-3072-OAEP,286095.00,0.00,225.00,41.00,45313.00
9,TLS_AES_256_GCM_SHA384,RSA-3072-OAEP,256945.00,0.00,316.00,51.00,46272.00
10,TLS_AES_256_GCM_SHA384,RSA-3072-OAEP,180868.00,0.00,229.00,39.00,44898.00
11,TLS_AES_256_GCM_SHA384,RSA-3072-OAEP,424563.00,0.00,239.00,39.00,44945.00
12,TLS_AES_256_GCM_SHA384,RSA-3072-OAEP,539109.00,0.00,222.00,40.00,45360.00
13,TLS_AES_256_GCM_SHA384,RSA-3072-OAEP,562758.00,0.00,224.00,41.00,45506.00
14,TLS_AES_256_GCM_SHA384,RSA-3072-OAEP,288875.00,0.00,246.00,45.00,44844.00
15,TLS_AES_256_GCM_SHA384,RSA-3072-OAEP,393437.00,0.00,245.00,42.00,46269.00
16,TLS_AES_256_GCM_SHA384,RSA-3072-OAEP,374000.00,0.00,244.00,41.00,45257.00
17,TLS_AES_256_GCM_SHA384,RSA-3072-OAEP,763991.00,0.00,508.00,167.00,54124.00
18,TLS_AES_256_GCM_SHA384,RSA-3072-OAEP,460618.00,0.00,348.00,44.00,46838.00
19,TLS_AES_256_GCM_SHA384,RSA-3072-OAEP,202198.00,1.00,406.00,82.00,50903.00
20,TLS_AES_256_GCM_SHA384,RSA-3072-OAEP,453868.00,0.00,685.00,96.00,45151.00
21,TLS_AES_256_GCM_SHA384,RSA-3072-OAEP,310969.00,0.00,515.00,72.00,46303.00
22,TLS_AES_256_GCM_SHA384,RSA-3072-OAEP,232738.00,0.00,270.00,48.00,45732.00
23,TLS_AES_256_GCM_SHA384,RSA-3072-OAEP,222036.00,0.00,244.00,46.00,45979.00
24,TLS_AES_256_GCM_SHA384,RSA-3072-OAEP,256972.00,0.00,262.00,66.00,44960.00
25,TLS_AES_256_GCM_SHA384,RSA-3072-OAEP,300839.00,0.00,721.00,154.00,44981.00
26,TLS_AES_256_GCM_SHA384,RSA-3072-OAEP,322954.00,0.00,231.00,64.00,45110.00
27,TLS_AES_256_GCM_SHA384,RSA-3072-OAEP,453869.00,0.00,521.00,83.00,45569.00
28,TLS_AES_256_GCM_SHA384,RSA-3072-OAEP,554002.00,0.00,294.00,54.00,44701.00
29,TLS_AES_256_GCM_SHA384,RSA-3072-OAEP,150316.00,0.00,319.00,42.00,45945.00
30,TLS_AES_256_GCM_SHA384,RSA-3072-OAEP,501219.00,0.00,230.00,40.00,45252.00
31,TLS_AES_256_GCM_SHA384,RSA-3072-OAEP,365612.00,0.00,347.00,204.00,45040.00
32,TLS_AES_256_GCM_SHA384,RSA-3072-OAEP,168778.00,0.00,326.00,51.00,46233.00
33,TLS_AES_256_GCM_SHA384,RSA-3072-OAEP,283091.00,0.00,222.00,41.00,45876.00
34,TLS_AES_256_GCM_SHA384,RSA-3072-OAEP,338605.00,0.00,229.00,42.00,45344.00
35,TLS_AES_256_GCM_SHA384,RSA-3072-OAEP,139069.00,0.00,231.00,43.00,45791.00
36,TLS_AES_256_GCM_SHA384,RSA-3072-OAEP,162524.00,0.00,226.00,40.00,45772.00
37,TLS_AES_256_GCM_SHA384,RSA-3072-OAEP,288103.00,0.00,216.00,39.00,45878.00
38,TLS_AES_256_GCM_SHA384,RSA-3072-OAEP,400733.00,0.00,241.00,44.00,45594.00
39,TLS_AES_256_GCM_SHA384,RSA-3072-OAEP,617961.00,0.00,304.00,42.00,45934.00
40,TLS_AES_256_GCM_SHA384,RSA-3072-OAEP,214752.00,0.00,299.00,39.00,45022.00
41,TLS_AES_256_GCM_SHA384,RSA-3072-OAEP,284738.00,1.00,225.00,55.00,45245.00
42,TLS_AES_256_GCM_SHA384,RSA-3072-OAEP,163950.00,0.00,323.00,42.00,45921.00
43,TLS_AES_256_GCM_SHA384,RSA-3072-OAEP,240583.00,0.00,225.00,40.00,45345.00
44,TLS_AES_256_GCM_SHA384,RSA-3072-OAEP,168152.00,0.00,290.00,45.00,45880.00
45,TLS_AES_256_GCM_SHA384,RSA-3072-OAEP,166917.00,0.00,225.00,58.00,45262.00
46,TLS_AES_256_GCM_SHA384,RSA-3072-OAEP,573679.00,0.00,223.00,40.00,45321.00
47,TLS_AES_256_GCM_SHA384,RSA-3072-OAEP,200806.00,0.00,220.00,39.00,45795.00
48,TLS_AES_256_GCM_SHA384,RSA-3072-OAEP,350794.00,1.00,222.00,39.00,45317.00
49,TLS_AES_256_GCM_SHA384,RSA-3072-OAEP,360873.00,0.00,229.00,39.00,45428.00
50,TLS_AES_256_GCM_SHA384,RSA-3072-OAEP,260102.00,0.00,266.00,41.00,45107.00
51,TLS_AES_256_GCM_SHA384,RSA-3072-OAEP,230575.00,0.00,222.00,41.00,45548.00
52,TLS_AES_256_GCM_SHA384,RSA-3072-OAEP,207033.00,0.00,221.00,41.00,45444.00
53,TLS_AES_256_GCM_SHA384,RSA-3072-OAEP,313808.00,0.00,231.00,40.00,45607.00
54,TLS_AES_256_GCM_SHA384,RSA-3072-OAEP,318809.00,1.00,231.00,41.00,45707.00
55,TLS_AES_256_GCM_SHA384,RSA-3072-OAEP,479607.00,0.00,286.00,39.00,45519.00
56,TLS_AES_256_GCM_SHA384,RSA-3072-OAEP,434068.00,0.00,295.00,41.00,45705.00
57,TLS_AES_256_GCM_SHA384,RSA-3072-OAEP,313894.00,0.00,236.00,42.00,45155.00
58,TLS_AES_256_GCM_SHA384,RSA-3072-OAEP,332404.00,0.00,215.00,39.00,45408.00
59,TLS_AES_256_GCM_SHA384,RSA-3072-OAEP,603402.00,0.00,310.00,39.00,44737.00
60,TLS_AES_256_GCM_SHA384,RSA-3072-OAEP,314826.00,0.00,240.00,39.00,44576.00
61,TLS_AES_256_GCM_SHA384,RSA-3072-OAEP,361742.00,1.00,316.00,49.00,45726.00
62,TLS_AES_256_GCM_SHA384,RSA-3072-OAEP,428022.00,0.00,226.00,41.00,50226.00
63,TLS_AES_256_GCM_SHA384,RSA-3072-OAEP,465666.00,0.00,317.00,50.00,45881.00
64,TLS_AES_256_GCM_SHA384,RSA-3072-OAEP,199053.00,0.00,229.00,41.00,45826.00
65,TLS_AES_256_GCM_SHA384,RSA-3072-OAEP,250875.00,0.00,239.00,42.00,45502.00
66,TLS_AES_256_GCM_SHA384,RSA-3072-OAEP,320832.00,0.00,211.00,40.00,45153.00
67,TLS_AES_256_GCM_SHA384,RSA-3072-OAEP,229850.00,0.00,239.00,40.00,45072.00
68,TLS_AES_256_GCM_SHA384,RSA-3072-OAEP,401777.00,0.00,221.00,40.00,45629.00
69,TLS_AES_256_GCM_SHA384,RSA-3072-OAEP,241655.00,0.00,227.00,40.00,45449.00
70,TLS_AES_256_GCM_SHA384,RSA-3072-OAEP,364948.00,0.00,218.00,40.00,45294.00
71,TLS_AES_256_GCM_SHA384,RSA-3072-OAEP,213968.00,0.00,230.00,40.00,45104.00
72,TLS_AES_256_GCM_SHA384,RSA-3072-OAEP,340704.00,0.00,213.00,40.00,45469.00
73,TLS_AES_256_GCM_SHA384,RSA-3072-OAEP,240050.00,0.00,236.00,40.00,44961.00
74,TLS_AES_256_GCM_SHA384,RSA-3072-OAEP,142947.00,0.00,254.00,42.00,45056.00
75,TLS_AES_256_GCM_SHA384,RSA-3072-OAEP,290613.00,0.00,225.00,40.00,44797.00
76,TLS_AES_256_GCM_SHA384,RSA-3072-OAEP,366731.00,0.00,218.00,40.00,45597.00
77,TLS_AES_256_GCM_SHA384,RSA-3072-OAEP,251151.00,0.00,242.00,43.00,45077.00
78,TLS_AES_256_GCM_SHA384,RSA-3072-OAEP,207982.00,1.00,229.00,41.00,45738.00
79,TLS_AES_256_GCM_SHA384,RSA-3072-OAEP,407849.00,0.00,243.00,41.00,44816.00
80,TLS_AES_256_GCM_SHA384,RSA-3072-OAEP,283883.00,0.00,224.00,39.00,44994.00
81,TLS_AES_256_GCM_SHA384,RSA-3072-OAEP,231585.00,1.00,242.00,41.00,45598.00
82,TLS_AES_256_GCM_SHA384,RSA-3072-OAEP,361814.00,0.00,222.00,40.00,44638.00
83,TLS_AES_256_GCM_SHA384,RSA-3072-OAEP,414175.00,0.00,254.00,50.00,45860.00
84,TLS_AES_256_GCM_SHA384,RSA-3072-OAEP,339567.00,0.00,242.00,40.00,45102.00
85,TLS_AES_256_GCM_SHA384,RSA-3072-OAEP,281923.00,0.00,219.00,40.00,45137.00
86,TLS_AES_256_GCM_SHA384,RSA-3072-OAEP,148114.00,1.00,244.00,42.00,45169.00
87,TLS_AES_256_GCM_SHA384,RSA-3072-OAEP,200868.00,0.00,214.00,44.00,45567.00
88,TLS_AES_256_GCM_SHA384,RSA-3072-OAEP,141819.00,0.00,247.00,42.00,44885.00
89,TLS_AES_256_GCM_SHA384,RSA-3072-OAEP,149768.00,0.00,227.00,40.00,44934.00
90,TLS_AES_256_GCM_SHA384,RSA-3072-OAEP,202916.00,0.00,212.00,39.00,45828.00
91,TLS_AES_256_GCM_SHA384,RSA-3072-OAEP,188027.00,0.00,409.00,46.00,45127.00
92,TLS_AES_256_GCM_SHA384,RSA-3072-OAEP,164677.00,0.00,216.00,40.00,45860.00
93,TLS_AES_256_GCM_SHA384,RSA-3072-OAEP,292954.00,0.00,245.00,40.00,44925.00
94,TLS_AES_256_GCM_SHA384,RSA-3072-OAEP,750575.00,0.00,240.00,40.00,44791.00
95,TLS_AES_256_GCM_SHA384,RSA-3072-OAEP,256016.00,1.00,240.00,39.00,45062.00
96,TLS_AES_256_GCM_SHA384,RSA-3072-OAEP,332792.00,0.00,226.00,41.00,45251.00
97,TLS_AES_256_GCM_SHA384,RSA-3072-OAEP,184880.00,0.00,216.00,40.00,45272.00
98,TLS_AES_256_GCM_SHA384,RSA-3072-OAEP,293951.00,0.00,237.00,42.00,45580.00
99,TLS_AES_256_GCM_SHA384,RSA-3072-OAEP,828769.00,0.00,224.00,40.00,44665.00
100,TLS_AES_256_GCM_SHA384,RSA-3072-OAEP,234826.00,0.00,238.00,42.00,45488.00
101,TLS_AES_256_GCM_SHA384,RSA-3072-OAEP,296795.00,0.00,217.00,40.00,45478.00
102,TLS_AES_256_GCM_SHA384,RSA-3072-OAEP,509098.00,0.00,252.00,41.00,44990.00
103,TLS_AES_256_GCM_SHA384,RSA-3072-OAEP,405774.00,0.00,213.00,41.00,45891.00
104,TLS_AES_256_GCM_SHA384,RSA-3072-OAEP,276901.00,0.00,225.00,59.00,44951.00
105,TLS_AES_256_GCM_SHA384,RSA-3072-OAEP,316805.00,0.00,218.00,40.00,45126.00
106,TLS_AES_256_GCM_SHA384,RSA-3072-OAEP,295851.00,1.00,238.00,40.00,44832.00
107,TLS_AES_256_GCM_SHA384,RSA-3072-OAEP,188663.00,1.00,236.00,39.00,44964.00
108,TLS_AES_256_GCM_SHA384,RSA-3072-OAEP,262190.00,0.00,213.00,40.00,44837.00
109,TLS_AES_256_GCM_SHA384,RSA-3072-OAEP,377679.00,0.00,220.00,40.00,45407.00
110,TLS_AES_256_GCM_SHA384,RSA-3072-OAEP,305928.00,0.00,217.00,41.00,44887.00
111,TLS_AES_256_GCM_SHA384,RSA-3072-OAEP,396808.00,0.00,241.00,42.00,45165.00
112,TLS_AES_256_GCM_SHA384,RSA-3072-OAEP,375988.00,0.00,215.00,40.00,44508.00
113,TLS_AES_256_GCM_SHA384,RSA-3072-OAEP,238700.00,0.00,232.00,41.00,45828.00
114,TLS_AES_256_GCM_SHA384,RSA-3072-OAEP,219635.00,0.00,224.00,40.00,45558.00
115,TLS_AES_256_GCM_SHA384,RSA-3072-OAEP,486072.00,0.00,218.00,39.00,44845.00
116,TLS_AES_256_GCM_SHA384,RSA-3072-OAEP,453638.00,0.00,226.00,40.00,45526.00
117,TLS_AES_256_GCM_SHA384,RSA-3072-OAEP,430338.00,0.00,310.00,40.00,45057.00
118,TLS_AES_256_GCM_SHA384,RSA-3072-OAEP,333801.00,0.00,239.00,41.00,45222.00
119,TLS_AES_256_GCM_SHA384,RSA-3072-OAEP,256855.00,0.00,239.00,41.00,45396.00
120,TLS_AES_256_GCM_SHA384,RSA-3072-OAEP,232537.00,0.00,306.00,46.00,44672.00
121,TLS_AES_256_GCM_SHA384,RSA-3072-OAEP,184079.00,0.00,243.00,43.00,45342.00
122,TLS_AES_256_GCM_SHA384,RSA-3072-OAEP,391091.00,0.00,217.00,40.00,44810.00
123,TLS_AES_256_GCM_SHA384,RSA-3072-OAEP,268689.00,0.00,217.00,39.00,45576.00
124,TLS_AES_256_GCM_SHA384,RSA-3072-OAEP,264783.00,0.00,221.00,40.00,45522.00
125,TLS_AES_256_GCM_SHA384,RSA-3072-OAEP,558031.00,0.00,268.00,46.00,44782.00
126,TLS_AES_256_GCM_SHA384,RSA-3072-OAEP,256618.00,0.00,214.00,40.00,45436.00
127,TLS_AES_256_GCM_SHA384,RSA-3072-OAEP,270929.00,0.00,222.00,40.00,45224.00
128,TLS_AES_256_GCM_SHA384,RSA-3072-OAEP,320962.00,0.00,264.00,46.00,44933.00
129,TLS_AES_256_GCM_SHA384,RSA-3072-OAEP,196009.00,0.00,353.00,47.00,44857.00
130,TLS_AES_256_GCM_SHA384,RSA-3072-OAEP,265525.00,0.00,219.00,39.00,45369.00
131,TLS_AES_256_GCM_SHA384,RSA-3072-OAEP,358192.00,0.00,230.00,39.00,45024.00
132,TLS_AES_256_GCM_SHA384,RSA-3072-OAEP,410036.00,0.00,222.00,41.00,45535.00
133,TLS_AES_256_GCM_SHA384,RSA-3072-OAEP,515426.00,0.00,222.00,41.00,44646.00
134,TLS_AES_256_GCM_SHA384,RSA-3072-OAEP,227986.00,0.00,217.00,40.00,45410.00
135,TLS_AES_256_GCM_SHA384,RSA-3072-OAEP,140091.00,0.00,243.00,43.00,45698.00
136,TLS_AES_256_GCM_SHA384,RSA-3072-OAEP,448694.00,0.00,215.00,39.00,45318.00
137,TLS_AES_256_GCM_SHA384,RSA-3072-OAEP,1227091.00,0.00,313.00,41.00,44914.00
138,TLS_AES_256_GCM_SHA384,RSA-3072-OAEP,282611.00,0.00,212.00,45.00,45468.00
139,TLS_AES_256_GCM_SHA384,RSA-3072-OAEP,291026.00,0.00,232.00,41.00,45181.00
140,TLS_AES_256_GCM_SHA384,RSA-3072-OAEP,240865.00,0.00,220.00,39.00,45497.00
141,TLS_AES_256_GCM_SHA384,RSA-3072-OAEP,281967.00,0.00,296.00,39.00,45794.00
142,TLS_AES_256_GCM_SHA384,RSA-3072-OAEP,383414.00,0.00,237.00,63.00,44430.00
143,TLS_AES_256_GCM_SHA384,RSA-3072-OAEP,218133.00,0.00,209.00,72.00,45019.00
144,TLS_AES_256_GCM_SHA384,RSA-3072-OAEP,264685.00,1.00,208.00,60.00,44702.00
145,TLS_AES_256_GCM_SHA384,RSA-3072-OAEP,164983.00,1.00,222.00,57.00,89945.00
146,TLS_AES_256_GCM_SHA384,RSA-3072-OAEP,500747.00,0.00,240.00,90.00,44899.00
147,TLS_AES_256_GCM_SHA384,RSA-3072-OAEP,137054.00,0.00,264.00,66.00,45792.00
148,TLS_AES_256_GCM_SHA384,RSA-3072-OAEP,317880.00,0.00,210.00,59.00,44580.00
149,TLS_AES_256_GCM_SHA384,RSA-3072-OAEP,178202.00,0.00,245.00,45.00,45202.00
150,TLS_AES_256_GCM_SHA384,RSA-3072-OAEP,396979.00,1.00,232.00,41.00,45536.00
151,TLS_AES_256_GCM_SHA384,RSA-3072-OAEP,308493.00,0.00,218.00,39.00,45313.00
152,TLS_AES_256_GCM_SHA384,RSA-3072-OAEP,228350.00,1.00,231.00,42.00,45638.00
153,TLS_AES_256_GCM_SHA384,RSA-3072-OAEP,210493.00,0.00,314.00,50.00,45620.00
154,TLS_AES_256_GCM_SHA384,RSA-3072-OAEP,161081.00,0.00,222.00,41.00,45472.00
155,TLS_AES_256_GCM_SHA384,RSA-3072-OAEP,212621.00,0.00,235.00,40.00,45037.00
156,TLS_AES_256_GCM_SHA384,RSA-3072-OAEP,247140.00,0.00,217.00,40.00,45415.00
157,TLS_AES_256_GCM_SHA384,RSA-3072-OAEP,313900.00,0.00,223.00,42.00,45671.00
158,TLS_AES_256_GCM_SHA384,RSA-3072-OAEP,240816.00,0.00,217.00,40.00,44569.00
159,TLS_AES_256_GCM_SHA384,RSA-3072-OAEP,310874.00,0.00,224.00,40.00,45702.00
160,TLS_AES_256_GCM_SHA384,RSA-3072-OAEP,268893.00,0.00,236.00,42.00,45871.00
161,TLS_AES_256_GCM_SHA384,RSA-3072-OAEP,553465.00,0.00,212.00,39.00,45492.00
162,TLS_AES_256_GCM_SHA384,RSA-3072-OAEP,134429.00,0.00,281.00,49.00,45785.00
163,TLS_AES_256_GCM_SHA384,RSA-3072-OAEP,232700.00,0.00,215.00,40.00,44892.00
164,TLS_AES_256_GCM_SHA384,RSA-3072-OAEP,275919.00,0.00,219.00,39.00,45775.00
165,TLS_AES_256_GCM_SHA384,RSA-3072-OAEP,152768.00,0.00,244.00,41.00,45995.00
166,TLS_AES_256_GCM_SHA384,RSA-3072-OAEP,422781.00,0.00,238.00,42.00,45758.00
167,TLS_AES_256_GCM_SHA384,RSA-3072-OAEP,272090.00,0.00,236.00,40.00,44997.00
168,TLS_AES_256_GCM_SHA384,RSA-3072-OAEP,362724.00,0.00,240.00,39.00,44920.00
169,TLS_AES_256_GCM_SHA384,RSA-3072-OAEP,212775.00,0.00,230.00,41.00,45378.00
170,TLS_AES_256_GCM_SHA384,RSA-3072-OAEP,175575.00,1.00,218.00,39.00,45896.00
171,TLS_AES_256_GCM_SHA384,RSA-3072-OAEP,264289.00,0.00,221.00,40.00,45840.00
172,TLS_AES_256_GCM_SHA384,RSA-3072-OAEP,142691.00,0.00,235.00,43.00,45951.00
173,TLS_AES_256_GCM_SHA384,RSA-3072-OAEP,157914.00,0.00,222.00,41.00,45313.00
174,TLS_AES_256_GCM_SHA384,RSA-3072-OAEP,232894.00,0.00,239.00,40.00,44902.00
175,TLS_AES_256_GCM_SHA384,RSA-3072-OAEP,429947.00,0.00,222.00,39.00,45647.00
176,TLS_AES_256_GCM_SHA384,RSA-3072-OAEP,559771.00,0.00,224.00,40.00,45514.00
177,TLS_AES_256_GCM_SHA384,RSA-3072-OAEP,228782.00,0.00,233.00,40.00,44937.00
178,TLS_AES_256_GCM_SHA384,RSA-3072-OAEP,358814.00,0.00,228.00,39.00,45159.00
179,TLS_AES_256_GCM_SHA384,RSA-3072-OAEP,326872.00,1.00,305.00,41.00,45009.00
180,TLS_AES_256_GCM_SHA384,RSA-3072-OAEP,201915.00,0.00,214.00,55.00,45065.00
181,TLS_AES_256_GCM_SHA384,RSA-3072-OAEP,340925.00,0.00,227.00,39.00,44671.00
182,TLS_AES_256_GCM_SHA384,RSA-3072-OAEP,532933.00,0.00,248.00,43.00,45712.00
183,TLS_AES_256_GCM_SHA384,RSA-3072-OAEP,260675.00,0.00,234.00,40.00,45081.00
184,TLS_AES_256_GCM_SHA384,RSA-3072-OAEP,214072.00,0.00,224.00,40.00,45272.00
185,TLS_AES_256_GCM_SHA384,RSA-3072-OAEP,518746.00,0.00,265.00,42.00,45089.00
186,TLS_AES_256_GCM_SHA384,RSA-3072-OAEP,342870.00,0.00,268.00,43.00,45103.00
187,TLS_AES_256_GCM_SHA384,RSA-3072-OAEP,384695.00,0.00,217.00,40.00,45822.00
188,TLS_AES_256_GCM_SHA384,RSA-3072-OAEP,211709.00,1.00,291.00,40.00,45737.00
189,TLS_AES_256_GCM_SHA384,RSA-3072-OAEP,266148.00,0.00,230.00,40.00,45329.00
190,TLS_AES_256_GCM_SHA384,RSA-3072-OAEP,368750.00,0.00,218.00,40.00,45805.00
191,TLS_AES_256_GCM_SHA384,RSA-3072-OAEP,246582.00,0.00,227.00,39.00,45661.00
192,TLS_AES_256_GCM_SHA384,RSA-3072-OAEP,184104.00,0.00,220.00,42.00,45811.00
193,TLS_AES_256_GCM_SHA384,RSA-3072-OAEP,412055.00,0.00,219.00,39.00,45212.00
194,TLS_AES_256_GCM_SHA384,RSA-3072-OAEP,211576.00,0.00,237.00,40.00,45014.00
195,TLS_AES_256_GCM_SHA384,RSA-3072-OAEP,300745.00,1.00,212.00,73.00,44807.00
196,TLS_AES_256_GCM_SHA384,RSA-3072-OAEP,131175.00,0.00,245.00,69.00,45358.00
197,TLS_AES_256_GCM_SHA384,RSA-3072-OAEP,603030.00,0.00,243.00,42.00,45187.00
198,TLS_AES_256_GCM_SHA384,RSA-3072-OAEP,176684.00,1.00,222.00,41.00,45694.00
199,TLS_AES_256_GCM_SHA384,RSA-3072-OAEP,224852.00,0.00,236.00,40.00,44805.00
200,TLS_AES_256_GCM_SHA384,RSA-3072-OAEP,466839.00,0.00,213.00,39.00,45276.00
201,TLS_AES_256_GCM_SHA384,RSA-3072-OAEP,138945.00,0.00,230.00,43.00,45917.00
202,TLS_AES_256_GCM_SHA384,RSA-3072-OAEP,272771.00,0.00,225.00,39.00,45204.00
203,TLS_AES_256_GCM_SHA384,RSA-3072-OAEP,402776.00,1.00,241.00,59.00,44749.00
204,TLS_AES_256_GCM_SHA384,RSA-3072-OAEP,432805.00,0.00,220.00,40.00,45151.00
205,TLS_AES_256_GCM_SHA384,RSA-3072-OAEP,246060.00,0.00,218.00,39.00,45815.00
206,TLS_AES_256_GCM_SHA384,RSA-3072-OAEP,259650.00,0.00,214.00,65.00,45147.00
207,TLS_AES_256_GCM_SHA384,RSA-3072-OAEP,197765.00,0.00,208.00,58.00,44964.00
208,TLS_AES_256_GCM_SHA384,RSA-3072-OAEP,168873.00,1.00,198.00,57.00,45485.00
209,TLS_AES_256_GCM_SHA384,RSA-3072-OAEP,198014.00,0.00,195.00,74.00,45109.00
210,TLS_AES_256_GCM_SHA384,RSA-3072-OAEP,181842.00,0.00,208.00,60.00,44297.00
211,TLS_AES_256_GCM_SHA384,RSA-3072-OAEP,262207.00,1.00,229.00,57.00,45129.00
212,TLS_AES_256_GCM_SHA384,RSA-3072-OAEP,181089.00,0.00,225.00,41.00,46016.00
213,TLS_AES_256_GCM_SHA384,RSA-3072-OAEP,392662.00,1.00,219.00,39.00,45678.00
214,TLS_AES_256_GCM_SHA384,RSA-3072-OAEP,189939.00,0.00,227.00,42.00,45381.00
215,TLS_AES_256_GCM_SHA384,RSA-3072-OAEP,545519.00,0.00,219.00,40.00,45717.00
216,TLS_AES_256_GCM_SHA384,RSA-3072-OAEP,178143.00,0.00,219.00,41.00,45597.00
217,TLS_AES_256_GCM_SHA384,RSA-3072-OAEP,674963.00,0.00,223.00,40.00,45557.00
218,TLS_AES_256_GCM_SHA384,RSA-3072-OAEP,308697.00,0.00,218.00,60.00,45142.00
219,TLS_AES_256_GCM_SHA384,RSA-3072-OAEP,355811.00,0.00,216.00,45.00,45740.00
220,TLS_AES_256_GCM_SHA384,RSA-3072-OAEP,208802.00,0.00,220.00,41.00,45622.00
221,TLS_AES_256_GCM_SHA384,RSA-3072-OAEP,208982.00,1.00,241.00,68.00,45107.00
222,TLS_AES_256_GCM_SHA384,RSA-3072-OAEP,224682.00,1.00,217.00,40.00,45278.00
223,TLS_AES_256_GCM_SHA384,RSA-3072-OAEP,508044.00,0.00,244.00,73.00,44997.00
224,TLS_AES_256_GCM_SHA384,RSA-3072-OAEP,220929.00,0.00,214.00,45.00,45810.00
225,TLS_AES_256_GCM_SHA384,RSA-3072-OAEP,212691.00,0.00,221.00,40.00,44894.00
226,TLS_AES_256_GCM_SHA384,RSA-3072-OAEP,388893.00,0.00,244.00,40.00,44872.00
227,TLS_AES_256_GCM_SHA384,RSA-3072-OAEP,262807.00,0.00,211.00,45.00,45385.00
228,TLS_AES_256_GCM_SHA384,RSA-3072-OAEP,355928.00,1.00,223.00,40.00,45484.00
229,TLS_AES_256_GCM_SHA384,RSA-3072-OAEP,496710.00,0.00,239.00,42.00,45521.00
230,TLS_AES_256_GCM_SHA384,RSA-3072-OAEP,286877.00,0.00,217.00,39.00,45320.00
231,TLS_AES_256_GCM_SHA384,RSA-3072-OAEP,216610.00,0.00,234.00,40.00,44921.00
232,TLS_AES_256_GCM_SHA384,RSA-3072-OAEP,213047.00,0.00,238.00,41.00,45342.00
233,TLS_AES_256_GCM_SHA384,RSA-3072-OAEP,211854.00,0.00,215.00,41.00,45234.00
234,TLS_AES_256_GCM_SHA384,RSA-3072-OAEP,634792.00,0.00,219.00,39.00,45784.00
235,TLS_AES_256_GCM_SHA384,RSA-3072-OAEP,211902.00,0.00,222.00,39.00,45639.00
236,TLS_AES_256_GCM_SHA384,RSA-3072-OAEP,196002.00,0.00,270.00,42.00,46109.00
237,TLS_AES_256_GCM_SHA384,RSA-3072-OAEP,400696.00,0.00,231.00,41.00,45670.00
238,TLS_AES_256_GCM_SHA384,RSA-3072-OAEP,185871.00,0.00,222.00,41.00,45346.00
239,TLS_AES_256_GCM_SHA384,RSA-3072-OAEP,435844.00,0.00,223.00,40.00,45139.00
240,TLS_AES_256_GCM_SHA384,RSA-3072-OAEP,220755.00,0.00,217.00,39.00,45339.00
241,TLS_AES_256_GCM_SHA384,RSA-3072-OAEP,385873.00,0.00,223.00,41.00,45479.00
242,TLS_AES_256_GCM_SHA384,RSA-3072-OAEP,144065.00,0.00,225.00,42.00,45945.00
243,TLS_AES_256_GCM_SHA384,RSA-3072-OAEP,239826.00,0.00,245.00,42.00,45599.00
244,TLS_AES_256_GCM_SHA384,RSA-3072-OAEP,165593.00,0.00,229.00,41.00,45193.00
245,TLS_AES_256_GCM_SHA384,RSA-3072-OAEP,409982.00,0.00,241.00,43.00,45306.00
246,TLS_AES_256_GCM_SHA384,RSA-3072-OAEP,587715.00,0.00,239.00,42.00,45002.00
247,TLS_AES_256_GCM_SHA384,RSA-3072-OAEP,518319.00,0.00,221.00,41.00,45506.00
248,TLS_AES_256_GCM_SHA384,RSA-3072-OAEP,176784.00,0.00,231.00,39.00,45781.00
249,TLS_AES_256_GCM_SHA384,RSA-3072-OAEP,169583.00,1.00,224.00,39.00,45671.00
250,TLS_AES_256_GCM_SHA384,RSA-3072-OAEP,167227.00,0.00,216.00,40.00,45322.00
251,TLS_AES_256_GCM_SHA384,RSA-3072-OAEP,645493.00,0.00,239.00,42.00,45721.00
252,TLS_AES_256_GCM_SHA384,RSA-3072-OAEP,165859.00,0.00,231.00,43.00,45802.00
253,TLS_AES_256_GCM_SHA384,RSA-3072-OAEP,217980.00,0.00,222.00,40.00,45923.00
254,TLS_AES_256_GCM_SHA384,RSA-3072-OAEP,132117.00,1.00,245.00,43.00,45533.00
255,TLS_AES_256_GCM_SHA384,RSA-3072-OAEP,433680.00,0.00,245.00,42.00,45170.00
256,TLS_AES_256_GCM_SHA384,RSA-3072-OAEP,336769.00,1.00,222.00,41.00,45314.00
257,TLS_AES_256_GCM_SHA384,RSA-3072-OAEP,356723.00,0.00,226.00,40.00,45145.00
258,TLS_AES_256_GCM_SHA384,RSA-3072-OAEP,278874.00,0.00,225.00,39.00,45488.00
259,TLS_AES_256_GCM_SHA384,RSA-3072-OAEP,221921.00,0.00,233.00,40.00,44981.00
260,TLS_AES_256_GCM_SHA384,RSA-3072-OAEP,316701.00,0.00,219.00,41.00,45893.00
261,TLS_AES_256_GCM_SHA384,RSA-3072-OAEP,152885.00,0.00,230.00,41.00,45733.00
262,TLS_AES_256_GCM_SHA384,RSA-3072-OAEP,317998.00,0.00,315.00,43.00,45705.00
263,TLS_AES_256_GCM_SHA384,RSA-3072-OAEP,327819.00,1.00,225.00,39.00,44723.00
264,TLS_AES_256_GCM_SHA384,RSA-3072-OAEP,324808.00,1.00,218.00,39.00,45335.00
265,TLS_AES_256_GCM_SHA384,RSA-3072-OAEP,240794.00,0.00,216.00,38.00,44674.00
266,TLS_AES_256_GCM_SHA384,RSA-3072-OAEP,513961.00,1.00,222.00,40.00,45705.00
267,TLS_AES_256_GCM_SHA384,RSA-3072-OAEP,266801.00,0.00,216.00,45.00,45712.00
268,TLS_AES_256_GCM_SHA384,RSA-3072-OAEP,328464.00,0.00,273.00,42.00,44922.00
269,TLS_AES_256_GCM_SHA384,RSA-3072-OAEP,134318.00,1.00,242.00,41.00,45233.00
270,TLS_AES_256_GCM_SHA384,RSA-3072-OAEP,260841.00,0.00,219.00,40.00,45936.00
271,TLS_AES_256_GCM_SHA384,RSA-3072-OAEP,427825.00,0.00,238.00,41.00,45383.00
272,TLS_AES_256_GCM_SHA384,RSA-3072-OAEP,184838.00,0.00,214.00,39.00,45427.00
273,TLS_AES_256_GCM_SHA384,RSA-3072-OAEP,329967.00,0.00,224.00,41.00,45488.00
274,TLS_AES_256_GCM_SHA384,RSA-3072-OAEP,518400.00,0.00,236.00,41.00,44943.00
275,TLS_AES_256_GCM_SHA384,RSA-3072-OAEP,609338.00,0.00,241.00,42.00,45365.00
276,TLS_AES_256_GCM_SHA384,RSA-3072-OAEP,434710.00,0.00,242.00,40.00,45017.00
277,TLS_AES_256_GCM_SHA384,RSA-3072-OAEP,526984.00,0.00,215.00,39.00,45295.00
278,TLS_AES_256_GCM_SHA384,RSA-3072-OAEP,258729.00,0.00,240.00,40.00,45035.00
279,TLS_AES_256_GCM_SHA384,RSA-3072-OAEP,278992.00,0.00,216.00,40.00,45683.00
280,TLS_AES_256_GCM_SHA384,RSA-3072-OAEP,498061.00,0.00,216.00,40.00,44885.00
281,TLS_AES_256_GCM_SHA384,RSA-3072-OAEP,313454.00,0.00,336.00,40.00,44655.00
282,TLS_AES_256_GCM_SHA384,RSA-3072-OAEP,293872.00,0.00,217.00,41.00,45429.00
283,TLS_AES_256_GCM_SHA384,RSA-3072-OAEP,394028.00,0.00,250.00,39.00,44703.00
284,TLS_AES_256_GCM_SHA384,RSA-3072-OAEP,317663.00,0.00,243.00,40.00,44986.00
285,TLS_AES_256_GCM_SHA384,RSA-3072-OAEP,158973.00,1.00,224.00,42.00,45638.00
286,TLS_AES_256_GCM_SHA384,RSA-3072-OAEP,208547.00,1.00,224.00,41.00,45858.00
287,TLS_AES_256_GCM_SHA384,RSA-3072-OAEP,348138.00,0.00,223.00,39.00,45386.00
288,TLS_AES_256_GCM_SHA384,RSA-3072-OAEP,230882.00,1.00,235.00,42.00,45770.00
289,TLS_AES_256_GCM_SHA384,RSA-3072-OAEP,357774.00,0.00,218.00,39.00,45196.00
290,TLS_AES_256_GCM_SHA384,RSA-3072-OAEP,355863.00,0.00,226.00,85.00,45285.00
291,TLS_AES_256_GCM_SHA384,RSA-3072-OAEP,315584.00,0.00,333.00,40.00,44783.00
292,TLS_AES_256_GCM_SHA384,RSA-3072-OAEP,160391.00,0.00,217.00,41.00,45523.00
293,TLS_AES_256_GCM_SHA384,RSA-3072-OAEP,262347.00,0.00,232.00,43.00,45721.00
294,TLS_AES_256_GCM_SHA384,RSA-3072-OAEP,256296.00,0.00,219.00,40.00,45844.00
295,TLS_AES_256_GCM_SHA384,RSA-3072-OAEP,416645.00,0.00,224.00,40.00,45068.00
296,TLS_AES_256_GCM_SHA384,RSA-3072-OAEP,151835.00,0.00,242.00,41.00,44933.00
297,TLS_AES_256_GCM_SHA384,RSA-3072-OAEP,393814.00,0.00,220.00,39.00,45798.00
298,TLS_AES_256_GCM_SHA384,RSA-3072-OAEP,445546.00,0.00,216.00,41.00,45651.00
299,TLS_AES_256_GCM_SHA384,RSA-3072-OAEP,318320.00,0.00,240.00,40.00,44936.00
300,TLS_AES_256_GCM_SHA384,RSA-3072-OAEP,424865.00,0.00,228.00,42.00,45281.00
301,TLS_AES_256_GCM_SHA384,RSA-3072-OAEP,356785.00,0.00,227.00,41.00,45305.00
302,TLS_AES_256_GCM_SHA384,RSA-3072-OAEP,136998.00,1.00,251.00,42.00,44885.00
303,TLS_AES_256_GCM_SHA384,RSA-3072-OAEP,287938.00,0.00,231.00,42.00,45333.00
304,TLS_AES_256_GCM_SHA384,RSA-3072-OAEP,275645.00,0.00,238.00,42.00,45655.00
305,TLS_AES_256_GCM_SHA384,RSA-3072-OAEP,254694.00,0.00,221.00,39.00,45501.00
306,TLS_AES_256_GCM_SHA384,RSA-3072-OAEP,455122.00,0.00,240.00,44.00,45918.00
307,TLS_AES_256_GCM_SHA384,RSA-3072-OAEP,293765.00,0.00,218.00,40.00,45487.00
308,TLS_AES_256_GCM_SHA384,RSA-3072-OAEP,134926.00,0.00,235.00,43.00,45329.00
309,TLS_AES_256_GCM_SHA384,RSA-3072-OAEP,466855.00,0.00,245.00,42.00,44849.00
310,TLS_AES_256_GCM_SHA384,RSA-3072-OAEP,236552.00,0.00,214.00,45.00,45740.00
311,TLS_AES_256_GCM_SHA384,RSA-3072-OAEP,231863.00,0.00,237.00,40.00,44984.00
312,TLS_AES_256_GCM_SHA384,RSA-3072-OAEP,235145.00,0.00,214.00,41.00,45510.00
313,TLS_AES_256_GCM_SHA384,RSA-3072-OAEP,557004.00,1.00,221.00,62.00,45221.00
314,TLS_AES_256_GCM_SHA384,RSA-3072-OAEP,320719.00,0.00,238.00,42.00,45624.00
315,TLS_AES_256_GCM_SHA384,RSA-3072-OAEP,395788.00,0.00,225.00,41.00,45483.00
316,TLS_AES_256_GCM_SHA384,RSA-3072-OAEP,309911.00,1.00,223.00,39.00,45638.00
317,TLS_AES_256_GCM_SHA384,RSA-3072-OAEP,517850.00,0.00,218.00,39.00,45061.00
318,TLS_AES_256_GCM_SHA384,RSA-3072-OAEP,134743.00,0.00,230.00,42.00,45564.00
319,TLS_AES_256_GCM_SHA384,RSA-3072-OAEP,213040.00,0.00,216.00,39.00,45303.00
320,TLS_AES_256_GCM_SHA384,RSA-3072-OAEP,436567.00,0.00,223.00,40.00,45694.00
321,TLS_AES_256_GCM_SHA384,RSA-3072-OAEP,232006.00,0.00,214.00,40.00,44730.00
322,TLS_AES_256_GCM_SHA384,RSA-3072-OAEP,299842.00,0.00,228.00,40.00,44811.00
323,TLS_AES_256_GCM_SHA384,RSA-3072-OAEP,352961.00,0.00,239.00,39.00,45031.00
324,TLS_AES_256_GCM_SHA384,RSA-3072-OAEP,455436.00,0.00,235.00,43.00,45547.00
325,TLS_AES_256_GCM_SHA384,RSA-3072-OAEP,327097.00,0.00,239.00,39.00,44534.00
326,TLS_AES_256_GCM_SHA384,RSA-3072-OAEP,186020.00,1.00,244.00,41.00,45164.00
327,TLS_AES_256_GCM_SHA384,RSA-3072-OAEP,172708.00,0.00,214.00,40.00,45869.00
328,TLS_AES_256_GCM_SHA384,RSA-3072-OAEP,789933.00,0.00,214.00,39.00,45606.00
329,TLS_AES_256_GCM_SHA384,RSA-3072-OAEP,277003.00,0.00,223.00,64.00,45260.00
330,TLS_AES_256_GCM_SHA384,RSA-3072-OAEP,287869.00,0.00,233.00,45.00,45138.00
331,TLS_AES_256_GCM_SHA384,RSA-3072-OAEP,276497.00,0.00,218.00,40.00,45418.00
332,TLS_AES_256_GCM_SHA384,RSA-3072-OAEP,261905.00,0.00,223.00,40.00,45711.00
333,TLS_AES_256_GCM_SHA384,RSA-3072-OAEP,406034.00,0.00,239.00,42.00,45202.00
334,TLS_AES_256_GCM_SHA384,RSA-3072-OAEP,258865.00,0.00,218.00,41.00,45346.00
335,TLS_AES_256_GCM_SHA384,RSA-3072-OAEP,277511.00,0.00,218.00,39.00,44997.00
336,TLS_AES_256_GCM_SHA384,RSA-3072-OAEP,494152.00,0.00,224.00,40.00,44820.00
337,TLS_AES_256_GCM_SHA384,RSA-3072-OAEP,285992.00,0.00,222.00,40.00,45318.00
338,TLS_AES_256_GCM_SHA384,RSA-3072-OAEP,304605.00,0.00,242.00,40.00,45056.00
339,TLS_AES_256_GCM_SHA384,RSA-3072-OAEP,290020.00,0.00,246.00,42.00,44901.00
340,TLS_AES_256_GCM_SHA384,RSA-3072-OAEP,276643.00,1.00,218.00,40.00,45626.00
341,TLS_AES_256_GCM_SHA384,RSA-3072-OAEP,382750.00,0.00,224.00,40.00,45836.00
342,TLS_AES_256_GCM_SHA384,RSA-3072-OAEP,166006.00,0.00,217.00,39.00,45327.00
343,TLS_AES_256_GCM_SHA384,RSA-3072-OAEP,248881.00,0.00,216.00,44.00,45900.00
344,TLS_AES_256_GCM_SHA384,RSA-3072-OAEP,351459.00,0.00,334.00,51.00,46364.00
345,TLS_AES_256_GCM_SHA384,RSA-3072-OAEP,290025.00,0.00,341.00,40.00,44874.00
346,TLS_AES_256_GCM_SHA384,RSA-3072-OAEP,188647.00,0.00,212.00,40.00,45155.00
347,TLS_AES_256_GCM_SHA384,RSA-3072-OAEP,165141.00,0.00,224.00,41.00,45892.00
348,TLS_AES_256_GCM_SHA384,RSA-3072-OAEP,349583.00,0.00,222.00,41.00,45280.00
349,TLS_AES_256_GCM_SHA384,RSA-3072-OAEP,439127.00,0.00,221.00,40.00,45704.00
350,TLS_AES_256_GCM_SHA384,RSA-3072-OAEP,419632.00,0.00,244.00,42.00,45493.00
351,TLS_AES_256_GCM_SHA384,RSA-3072-OAEP,344197.00,1.00,240.00,41.00,45253.00
352,TLS_AES_256_GCM_SHA384,RSA-3072-OAEP,237846.00,0.00,216.00,40.00,45415.00
353,TLS_AES_256_GCM_SHA384,RSA-3072-OAEP,163749.00,0.00,218.00,40.00,45894.00
354,TLS_AES_256_GCM_SHA384,RSA-3072-OAEP,557966.00,0.00,221.00,41.00,45686.00
355,TLS_AES_256_GCM_SHA384,RSA-3072-OAEP,292787.00,0.00,222.00,40.00,45591.00
356,TLS_AES_256_GCM_SHA384,RSA-3072-OAEP,256872.00,0.00,232.00,42.00,45678.00
357,TLS_AES_256_GCM_SHA384,RSA-3072-OAEP,251156.00,0.00,223.00,39.00,45871.00
358,TLS_AES_256_GCM_SHA384,RSA-3072-OAEP,253527.00,0.00,219.00,39.00,44629.00
359,TLS_AES_256_GCM_SHA384,RSA-3072-OAEP,364849.00,0.00,223.00,41.00,45916.00
360,TLS_AES_256_GCM_SHA384,RSA-3072-OAEP,413936.00,0.00,240.00,40.00,44910.00
361,TLS_AES_256_GCM_SHA384,RSA-3072-OAEP,180761.00,0.00,214.00,39.00,45372.00
362,TLS_AES_256_GCM_SHA384,RSA-3072-OAEP,441850.00,0.00,242.00,41.00,45270.00
363,TLS_AES_256_GCM_SHA384,RSA-3072-OAEP,221566.00,0.00,220.00,40.00,44891.00
364,TLS_AES_256_GCM_SHA384,RSA-3072-OAEP,165358.00,0.00,237.00,44.00,90974.00
365,TLS_AES_256_GCM_SHA384,RSA-3072-OAEP,250504.00,0.00,235.00,40.00,45528.00
366,TLS_AES_256_GCM_SHA384,RSA-3072-OAEP,553896.00,1.00,209.00,60.00,44954.00
367,TLS_AES_256_GCM_SHA384,RSA-3072-OAEP,337735.00,0.00,207.00,60.00,45091.00
368,TLS_AES_256_GCM_SHA384,RSA-3072-OAEP,178038.00,0.00,201.00,60.00,44465.00
369,TLS_AES_256_GCM_SHA384,RSA-3072-OAEP,223756.00,0.00,227.00,67.00,44773.00
370,TLS_AES_256_GCM_SHA384,RSA-3072-OAEP,189878.00,0.00,210.00,62.00,44458.00
371,TLS_AES_256_GCM_SHA384,RSA-3072-OAEP,214175.00,0.00,227.00,39.00,45522.00
372,TLS_AES_256_GCM_SHA384,RSA-3072-OAEP,311945.00,0.00,213.00,41.00,45473.00
373,TLS_AES_256_GCM_SHA384,RSA-3072-OAEP,327632.00,0.00,218.00,39.00,44972.00
374,TLS_AES_256_GCM_SHA384,RSA-3072-OAEP,239840.00,0.00,216.00,40.00,45655.00
375,TLS_AES_256_GCM_SHA384,RSA-3072-OAEP,534265.00,0.00,215.00,40.00,45475.00
376,TLS_AES_256_GCM_SHA384,RSA-3072-OAEP,559901.00,0.00,217.00,40.00,45078.00
377,TLS_AES_256_GCM_SHA384,RSA-3072-OAEP,191786.00,1.00,237.00,40.00,45057.00
378,TLS_AES_256_GCM_SHA384,RSA-3072-OAEP,274014.00,0.00,299.00,45.00,44615.00
379,TLS_AES_256_GCM_SHA384,RSA-3072-OAEP,507714.00,0.00,216.00,45.00,45020.00
380,TLS_AES_256_GCM_SHA384,RSA-3072-OAEP,547902.00,0.00,222.00,57.00,45052.00
381,TLS_AES_256_GCM_SHA384,RSA-3072-OAEP,819834.00,0.00,233.00,41.00,45778.00
382,TLS_AES_256_GCM_SHA384,RSA-3072-OAEP,318804.00,0.00,217.00,40.00,45356.00
383,TLS_AES_256_GCM_SHA384,RSA-3072-OAEP,294071.00,0.00,232.00,40.00,45816.00
384,TLS_AES_256_GCM_SHA384,RSA-3072-OAEP,216585.00,0.00,221.00,40.00,45334.00
385,TLS_AES_256_GCM_SHA384,RSA-3072-OAEP,260963.00,0.00,226.00,39.00,45224.00
386,TLS_AES_256_GCM_SHA384,RSA-3072-OAEP,284844.00,0.00,241.00,41.00,45439.00
387,TLS_AES_256_GCM_SHA384,RSA-3072-OAEP,410631.00,0.00,286.00,40.00,45873.00
388,TLS_AES_256_GCM_SHA384,RSA-3072-OAEP,369861.00,0.00,232.00,42.00,45309.00
389,TLS_AES_256_GCM_SHA384,RSA-3072-OAEP,322864.00,0.00,212.00,40.00,44556.00
390,TLS_AES_256_GCM_SHA384,RSA-3072-OAEP,150230.00,1.00,222.00,41.00,45398.00
391,TLS_AES_256_GCM_SHA384,RSA-3072-OAEP,487030.00,0.00,205.00,40.00,45579.00
392,TLS_AES_256_GCM_SHA384,RSA-3072-OAEP,180704.00,0.00,219.00,40.00,45764.00
393,TLS_AES_256_GCM_SHA384,RSA-3072-OAEP,254786.00,0.00,229.00,40.00,45495.00
394,TLS_AES_256_GCM_SHA384,RSA-3072-OAEP,570580.00,0.00,314.00,51.00,45573.00
395,TLS_AES_256_GCM_SHA384,RSA-3072-OAEP,189116.00,1.00,213.00,39.00,45456.00
396,TLS_AES_256_GCM_SHA384,RSA-3072-OAEP,562696.00,0.00,218.00,45.00,45787.00
397,TLS_AES_256_GCM_SHA384,RSA-3072-OAEP,429811.00,0.00,220.00,41.00,45582.00
398,TLS_AES_256_GCM_SHA384,RSA-3072-OAEP,303891.00,0.00,212.00,40.00,45643.00
399,TLS_AES_256_GCM_SHA384,RSA-3072-OAEP,389126.00,0.00,236.00,41.00,45338.00
400,TLS_AES_256_GCM_SHA384,RSA-3072-OAEP,274799.00,0.00,222.00,39.00,45800.00
401,TLS_AES_256_GCM_SHA384,RSA-3072-OAEP,259891.00,1.00,222.00,39.00,45769.00
402,TLS_AES_256_GCM_SHA384,RSA-3072-OAEP,226018.00,0.00,253.00,44.00,45349.00
403,TLS_AES_256_GCM_SHA384,RSA-3072-OAEP,426665.00,0.00,302.00,39.00,44917.00
404,TLS_AES_256_GCM_SHA384,RSA-3072-OAEP,694621.00,0.00,233.00,47.00,45729.00
405,TLS_AES_256_GCM_SHA384,RSA-3072-OAEP,231941.00,0.00,216.00,39.00,45769.00
406,TLS_AES_256_GCM_SHA384,RSA-3072-OAEP,261792.00,1.00,223.00,39.00,45280.00
407,TLS_AES_256_GCM_SHA384,RSA-3072-OAEP,357069.00,1.00,260.00,48.00,45103.00
408,TLS_AES_256_GCM_SHA384,RSA-3072-OAEP,454852.00,0.00,233.00,39.00,44963.00
409,TLS_AES_256_GCM_SHA384,RSA-3072-OAEP,306638.00,0.00,270.00,45.00,45165.00
410,TLS_AES_256_GCM_SHA384,RSA-3072-OAEP,262967.00,0.00,391.00,63.00,46878.00
411,TLS_AES_256_GCM_SHA384,RSA-3072-OAEP,316050.00,0.00,217.00,40.00,45307.00
412,TLS_AES_256_GCM_SHA384,RSA-3072-OAEP,169883.00,0.00,239.00,42.00,45281.00
413,TLS_AES_256_GCM_SHA384,RSA-3072-OAEP,190651.00,0.00,228.00,40.00,45742.00
414,TLS_AES_256_GCM_SHA384,RSA-3072-OAEP,189116.00,0.00,221.00,39.00,45671.00
415,TLS_AES_256_GCM_SHA384,RSA-3072-OAEP,404782.00,0.00,284.00,40.00,45839.00
416,TLS_AES_256_GCM_SHA384,RSA-3072-OAEP,151964.00,0.00,227.00,42.00,45433.00
417,TLS_AES_256_GCM_SHA384,RSA-3072-OAEP,364535.00,0.00,232.00,40.00,45524.00
418,TLS_AES_256_GCM_SHA384,RSA-3072-OAEP,166202.00,0.00,228.00,42.00,45148.00
419,TLS_AES_256_GCM_SHA384,RSA-3072-OAEP,868554.00,0.00,219.00,39.00,45770.00
420,TLS_AES_256_GCM_SHA384,RSA-3072-OAEP,481149.00,0.00,216.00,41.00,45727.00
421,TLS_AES_256_GCM_SHA384,RSA-3072-OAEP,247883.00,0.00,286.00,39.00,45588.00
422,TLS_AES_256_GCM_SHA384,RSA-3072-OAEP,379014.00,1.00,228.00,39.00,45205.00
423,TLS_AES_256_GCM_SHA384,RSA-3072-OAEP,320650.00,0.00,216.00,40.00,45325.00
424,TLS_AES_256_GCM_SHA384,RSA-3072-OAEP,469789.00,1.00,315.00,42.00,45879.00
425,TLS_AES_256_GCM_SHA384,RSA-3072-OAEP,160239.00,0.00,223.00,39.00,45742.00
426,TLS_AES_256_GCM_SHA384,RSA-3072-OAEP,270368.00,0.00,263.00,40.00,44958.00
427,TLS_AES_256_GCM_SHA384,RSA-3072-OAEP,311938.00,0.00,298.00,41.00,45860.00
428,TLS_AES_256_GCM_SHA384,RSA-3072-OAEP,384863.00,0.00,225.00,55.00,45323.00
429,TLS_AES_256_GCM_SHA384,RSA-3072-OAEP,160581.00,0.00,223.00,42.00,45212.00
430,TLS_AES_256_GCM_SHA384,RSA-3072-OAEP,612887.00,0.00,248.00,44.00,45248.00
431,TLS_AES_256_GCM_SHA384,RSA-3072-OAEP,280328.00,0.00,216.00,40.00,45328.00
432,TLS_AES_256_GCM_SHA384,RSA-3072-OAEP,731547.00,0.00,244.00,42.00,44966.00
433,TLS_AES_256_GCM_SHA384,RSA-3072-OAEP,590621.00,0.00,237.00,45.00,45751.00
434,TLS_AES_256_GCM_SHA384,RSA-3072-OAEP,233203.00,0.00,219.00,41.00,45378.00
435,TLS_AES_256_GCM_SHA384,RSA-3072-OAEP,222825.00,0.00,224.00,40.00,45198.00
436,TLS_AES_256_GCM_SHA384,RSA-3072-OAEP,142834.00,0.00,237.00,42.00,45741.00
437,TLS_AES_256_GCM_SHA384,RSA-3072-OAEP,435655.00,0.00,221.00,39.00,45440.00
438,TLS_AES_256_GCM_SHA384,RSA-3072-OAEP,393602.00,0.00,244.00,40.00,45074.00
439,TLS_AES_256_GCM_SHA384,RSA-3072-OAEP,223035.00,0.00,296.00,39.00,44675.00
440,TLS_AES_256_GCM_SHA384,RSA-3072-OAEP,341665.00,0.00,208.00,58.00,45046.00
441,TLS_AES_256_GCM_SHA384,RSA-3072-OAEP,378070.00,0.00,246.00,59.00,44496.00
442,TLS_AES_256_GCM_SHA384,RSA-3072-OAEP,449068.00,0.00,209.00,60.00,44298.00
443,TLS_AES_256_GCM_SHA384,RSA-3072-OAEP,241814.00,0.00,211.00,59.00,45001.00
444,TLS_AES_256_GCM_SHA384,RSA-3072-OAEP,674331.00,0.00,219.00,40.00,45492.00
445,TLS_AES_256_GCM_SHA384,RSA-3072-OAEP,584746.00,0.00,214.00,39.00,45139.00
446,TLS_AES_256_GCM_SHA384,RSA-3072-OAEP,781877.00,0.00,212.00,42.00,45491.00
447,TLS_AES_256_GCM_SHA384,RSA-3072-OAEP,192851.00,0.00,228.00,38.00,44804.00
448,TLS_AES_256_GCM_SHA384,RSA-3072-OAEP,281838.00,0.00,221.00,40.00,45007.00
449,TLS_AES_256_GCM_SHA384,RSA-3072-OAEP,263472.00,0.00,217.00,39.00,45282.00
450,TLS_AES_256_GCM_SHA384,RSA-3072-OAEP,719209.00,0.00,250.00,42.00,45505.00
451,TLS_AES_256_GCM_SHA384,RSA-3072-OAEP,186925.00,0.00,242.00,41.00,45167.00
452,TLS_AES_256_GCM_SHA384,RSA-3072-OAEP,256791.00,0.00,225.00,40.00,45807.00
453,TLS_AES_256_GCM_SHA384,RSA-3072-OAEP,275855.00,1.00,236.00,41.00,45132.00
454,TLS_AES_256_GCM_SHA384,RSA-3072-OAEP,186014.00,0.00,283.00,41.00,45917.00
455,TLS_AES_256_GCM_SHA384,RSA-3072-OAEP,306725.00,0.00,232.00,41.00,45332.00
456,TLS_AES_256_GCM_SHA384,RSA-3072-OAEP,315751.00,0.00,227.00,40.00,44766.00
457,TLS_AES_256_GCM_SHA384,RSA-3072-OAEP,199919.00,0.00,235.00,40.00,44926.00
458,TLS_AES_256_GCM_SHA384,RSA-3072-OAEP,185902.00,0.00,221.00,41.00,45494.00
459,TLS_AES_256_GCM_SHA384,RSA-3072-OAEP,221766.00,1.00,211.00,57.00,45169.00
460,TLS_AES_256_GCM_SHA384,RSA-3072-OAEP,378579.00,0.00,302.00,58.00,44365.00
461,TLS_AES_256_GCM_SHA384,RSA-3072-OAEP,305182.00,0.00,218.00,56.00,44625.00
462,TLS_AES_256_GCM_SHA384,RSA-3072-OAEP,281889.00,0.00,227.00,57.00,45464.00
463,TLS_AES_256_GCM_SHA384,RSA-3072-OAEP,270694.00,1.00,224.00,40.00,45209.00
464,TLS_AES_256_GCM_SHA384,RSA-3072-OAEP,162195.00,0.00,308.00,39.00,45527.00
465,TLS_AES_256_GCM_SHA384,RSA-3072-OAEP,229735.00,1.00,217.00,46.00,45651.00
466,TLS_AES_256_GCM_SHA384,RSA-3072-OAEP,391960.00,0.00,212.00,47.00,45798.00
467,TLS_AES_256_GCM_SHA384,RSA-3072-OAEP,217763.00,0.00,230.00,41.00,45120.00
468,TLS_AES_256_GCM_SHA384,RSA-3072-OAEP,564851.00,0.00,228.00,42.00,44659.00
469,TLS_AES_256_GCM_SHA384,RSA-3072-OAEP,265021.00,0.00,226.00,41.00,45787.00
470,TLS_AES_256_GCM_SHA384,RSA-3072-OAEP,533686.00,0.00,226.00,40.00,45189.00
471,TLS_AES_256_GCM_SHA384,RSA-3072-OAEP,165919.00,0.00,232.00,42.00,90134.00
472,TLS_AES_256_GCM_SHA384,RSA-3072-OAEP,174644.00,0.00,222.00,40.00,45407.00
473,TLS_AES_256_GCM_SHA384,RSA-3072-OAEP,516962.00,0.00,239.00,40.00,44960.00
474,TLS_AES_256_GCM_SHA384,RSA-3072-OAEP,252893.00,0.00,210.00,41.00,45314.00
475,TLS_AES_256_GCM_SHA384,RSA-3072-OAEP,301765.00,0.00,223.00,39.00,45640.00
476,TLS_AES_256_GCM_SHA384,RSA-3072-OAEP,317910.00,1.00,222.00,39.00,45442.00
477,TLS_AES_256_GCM_SHA384,RSA-3072-OAEP,570953.00,1.00,222.00,40.00,45721.00
478,TLS_AES_256_GCM_SHA384,RSA-3072-OAEP,199838.00,0.00,215.00,72.00,44950.00
479,TLS_AES_256_GCM_SHA384,RSA-3072-OAEP,350477.00,0.00,212.00,58.00,44890.00
480,TLS_AES_256_GCM_SHA384,RSA-3072-OAEP,263949.00,0.00,206.00,60.00,45028.00
481,TLS_AES_256_GCM_SHA384,RSA-3072-OAEP,302193.00,0.00,214.00,60.00,44702.00
482,TLS_AES_256_GCM_SHA384,RSA-3072-OAEP,309047.00,0.00,225.00,59.00,45220.00
483,TLS_AES_256_GCM_SHA384,RSA-3072-OAEP,368716.00,0.00,247.00,39.00,44891.00
484,TLS_AES_256_GCM_SHA384,RSA-3072-OAEP,204614.00,0.00,219.00,40.00,45436.00
485,TLS_AES_256_GCM_SHA384,RSA-3072-OAEP,235120.00,0.00,228.00,40.00,45440.00
486,TLS_AES_256_GCM_SHA384,RSA-3072-OAEP,764020.00,0.00,233.00,39.00,45850.00
487,TLS_AES_256_GCM_SHA384,RSA-3072-OAEP,179759.00,0.00,236.00,41.00,45095.00
488,TLS_AES_256_GCM_SHA384,RSA-3072-OAEP,217923.00,0.00,221.00,39.00,45444.00
489,TLS_AES_256_GCM_SHA384,RSA-3072-OAEP,275716.00,0.00,225.00,39.00,45635.00
490,TLS_AES_256_GCM_SHA384,RSA-3072-OAEP,334852.00,0.00,249.00,40.00,44920.00
491,TLS_AES_256_GCM_SHA384,RSA-3072-OAEP,418588.00,0.00,216.00,40.00,45069.00
492,TLS_AES_256_GCM_SHA384,RSA-3072-OAEP,519690.00,1.00,223.00,41.00,45054.00
493,TLS_AES_256_GCM_SHA384,RSA-3072-OAEP,275171.00,0.00,278.00,42.00,44922.00
494,TLS_AES_256_GCM_SHA384,RSA-3072-OAEP,253624.00,0.00,218.00,187.00,50458.00
495,TLS_AES_256_GCM_SHA384,RSA-3072-OAEP,231852.00,0.00,216.00,40.00,45705.00
496,TLS_AES_256_GCM_SHA384,RSA-3072-OAEP,254847.00,0.00,221.00,40.00,45262.00
497,TLS_AES_256_GCM_SHA384,RSA-3072-OAEP,301155.00,0.00,231.00,41.00,44805.00
498,TLS_AES_256_GCM_SHA384,RSA-3072-OAEP,153346.00,0.00,227.00,61.00,44575.00
499,TLS_AES_256_GCM_SHA384,RSA-3072-OAEP,518031.00,0.00,318.00,50.00,45994.00
500,TLS_AES_256_GCM_SHA384,RSA-3072-OAEP,204817.00,1.00,246.00,41.00,44991.00
501,TLS_AES_256_GCM_SHA384,RSA-3072-OAEP,281861.00,0.00,216.00,39.00,44717.00
502,TLS_AES_256_GCM_SHA384,RSA-3072-OAEP,364553.00,0.00,240.00,43.00,45781.00
503,TLS_AES_256_GCM_SHA384,RSA-3072-OAEP,264303.00,0.00,235.00,42.00,45396.00
504,TLS_AES_256_GCM_SHA384,RSA-3072-OAEP,225715.00,0.00,227.00,39.00,45157.00
505,TLS_AES_256_GCM_SHA384,RSA-3072-OAEP,203519.00,0.00,234.00,39.00,45696.00
506,TLS_AES_256_GCM_SHA384,RSA-3072-OAEP,432033.00,0.00,242.00,41.00,44993.00
507,TLS_AES_256_GCM_SHA384,RSA-3072-OAEP,696798.00,1.00,218.00,40.00,45270.00
508,TLS_AES_256_GCM_SHA384,RSA-3072-OAEP,208844.00,0.00,217.00,39.00,45573.00
509,TLS_AES_256_GCM_SHA384,RSA-3072-OAEP,318682.00,0.00,220.00,41.00,45784.00
510,TLS_AES_256_GCM_SHA384,RSA-3072-OAEP,686933.00,0.00,244.00,40.00,45274.00
511,TLS_AES_256_GCM_SHA384,RSA-3072-OAEP,205951.00,0.00,224.00,62.00,44836.00
512,TLS_AES_256_GCM_SHA384,RSA-3072-OAEP,153571.00,1.00,217.00,62.00,45383.00
513,TLS_AES_256_GCM_SHA384,RSA-3072-OAEP,368095.00,0.00,298.00,59.00,44635.00
514,TLS_AES_256_GCM_SHA384,RSA-3072-OAEP,195464.00,0.00,268.00,39.00,45015.00
515,TLS_AES_256_GCM_SHA384,RSA-3072-OAEP,573515.00,0.00,224.00,39.00,45370.00
516,TLS_AES_256_GCM_SHA384,RSA-3072-OAEP,203821.00,0.00,218.00,68.00,45073.00
517,TLS_AES_256_GCM_SHA384,RSA-3072-OAEP,183983.00,0.00,223.00,40.00,45034.00
518,TLS_AES_256_GCM_SHA384,RSA-3072-OAEP,235633.00,0.00,237.00,42.00,45771.00
519,TLS_AES_256_GCM_SHA384,RSA-3072-OAEP,173963.00,0.00,226.00,42.00,45871.00
520,TLS_AES_256_GCM_SHA384,RSA-3072-OAEP,143483.00,0.00,244.00,62.00,46039.00
521,TLS_AES_256_GCM_SHA384,RSA-3072-OAEP,234207.00,0.00,231.00,40.00,45497.00
522,TLS_AES_256_GCM_SHA384,RSA-3072-OAEP,316778.00,0.00,222.00,40.00,45331.00
523,TLS_AES_256_GCM_SHA384,RSA-3072-OAEP,353662.00,0.00,218.00,40.00,45354.00
524,TLS_AES_256_GCM_SHA384,RSA-3072-OAEP,312067.00,1.00,219.00,38.00,44848.00
525,TLS_AES_256_GCM_SHA384,RSA-3072-OAEP,162923.00,0.00,239.00,42.00,45689.00
526,TLS_AES_256_GCM_SHA384,RSA-3072-OAEP,165761.00,1.00,224.00,40.00,45721.00
527,TLS_AES_256_GCM_SHA384,RSA-3072-OAEP,444620.00,1.00,227.00,40.00,45248.00
528,TLS_AES_256_GCM_SHA384,RSA-3072-OAEP,180130.00,0.00,210.00,38.00,45723.00
529,TLS_AES_256_GCM_SHA384,RSA-3072-OAEP,319775.00,0.00,235.00,40.00,44972.00
530,TLS_AES_256_GCM_SHA384,RSA-3072-OAEP,241885.00,0.00,240.00,42.00,45595.00
531,TLS_AES_256_GCM_SHA384,RSA-3072-OAEP,448846.00,0.00,214.00,39.00,45716.00
532,TLS_AES_256_GCM_SHA384,RSA-3072-OAEP,326769.00,1.00,218.00,40.00,45533.00
533,TLS_AES_256_GCM_SHA384,RSA-3072-OAEP,192666.00,0.00,217.00,40.00,44900.00
534,TLS_AES_256_GCM_SHA384,RSA-3072-OAEP,331272.00,0.00,222.00,40.00,45403.00
535,TLS_AES_256_GCM_SHA384,RSA-3072-OAEP,235667.00,0.00,217.00,39.00,45308.00
536,TLS_AES_256_GCM_SHA384,RSA-3072-OAEP,195848.00,0.00,230.00,39.00,44871.00
537,TLS_AES_256_GCM_SHA384,RSA-3072-OAEP,482884.00,0.00,215.00,61.00,44929.00
538,TLS_AES_256_GCM_SHA384,RSA-3072-OAEP,599619.00,0.00,269.00,43.00,44943.00
539,TLS_AES_256_GCM_SHA384,RSA-3072-OAEP,217053.00,0.00,240.00,39.00,44596.00
540,TLS_AES_256_GCM_SHA384,RSA-3072-OAEP,352741.00,1.00,227.00,41.00,45765.00
541,TLS_AES_256_GCM_SHA384,RSA-3072-OAEP,152825.00,0.00,327.00,41.00,45874.00
542,TLS_AES_256_GCM_SHA384,RSA-3072-OAEP,447827.00,0.00,240.00,41.00,44775.00
543,TLS_AES_256_GCM_SHA384,RSA-3072-OAEP,278014.00,0.00,217.00,39.00,45313.00
544,TLS_AES_256_GCM_SHA384,RSA-3072-OAEP,208872.00,0.00,285.00,41.00,44894.00
545,TLS_AES_256_GCM_SHA384,RSA-3072-OAEP,186728.00,0.00,218.00,40.00,45416.00
546,TLS_AES_256_GCM_SHA384,RSA-3072-OAEP,447183.00,0.00,214.00,40.00,45412.00
547,TLS_AES_256_GCM_SHA384,RSA-3072-OAEP,375651.00,0.00,217.00,39.00,45310.00
548,TLS_AES_256_GCM_SHA384,RSA-3072-OAEP,216563.00,0.00,220.00,40.00,44585.00
549,TLS_AES_256_GCM_SHA384,RSA-3072-OAEP,462163.00,0.00,234.00,40.00,45221.00
550,TLS_AES_256_GCM_SHA384,RSA-3072-OAEP,451605.00,0.00,301.00,40.00,44809.00
551,TLS_AES_256_GCM_SHA384,RSA-3072-OAEP,212105.00,0.00,221.00,40.00,45864.00
552,TLS_AES_256_GCM_SHA384,RSA-3072-OAEP,311908.00,0.00,216.00,40.00,45431.00
553,TLS_AES_256_GCM_SHA384,RSA-3072-OAEP,462700.00,0.00,228.00,57.00,45192.00
554,TLS_AES_256_GCM_SHA384,RSA-3072-OAEP,426027.00,0.00,410.00,42.00,45511.00
555,TLS_AES_256_GCM_SHA384,RSA-3072-OAEP,362543.00,0.00,294.00,39.00,44774.00
556,TLS_AES_256_GCM_SHA384,RSA-3072-OAEP,486970.00,0.00,222.00,41.00,45193.00
557,TLS_AES_256_GCM_SHA384,RSA-3072-OAEP,150982.00,0.00,222.00,41.00,45392.00
558,TLS_AES_256_GCM_SHA384,RSA-3072-OAEP,401721.00,0.00,216.00,39.00,45370.00
559,TLS_AES_256_GCM_SHA384,RSA-3072-OAEP,235925.00,0.00,209.00,39.00,45561.00
560,TLS_AES_256_GCM_SHA384,RSA-3072-OAEP,202860.00,0.00,233.00,43.00,45377.00
561,TLS_AES_256_GCM_SHA384,RSA-3072-OAEP,303863.00,0.00,238.00,44.00,45695.00
562,TLS_AES_256_GCM_SHA384,RSA-3072-OAEP,446736.00,0.00,239.00,42.00,45471.00
563,TLS_AES_256_GCM_SHA384,RSA-3072-OAEP,463991.00,0.00,217.00,40.00,45357.00
564,TLS_AES_256_GCM_SHA384,RSA-3072-OAEP,236832.00,1.00,369.00,41.00,44908.00
565,TLS_AES_256_GCM_SHA384,RSA-3072-OAEP,304582.00,1.00,240.00,42.00,45189.00
566,TLS_AES_256_GCM_SHA384,RSA-3072-OAEP,225264.00,0.00,241.00,42.00,45476.00
567,TLS_AES_256_GCM_SHA384,RSA-3072-OAEP,273761.00,0.00,222.00,40.00,45309.00
568,TLS_AES_256_GCM_SHA384,RSA-3072-OAEP,331764.00,0.00,223.00,41.00,45088.00
569,TLS_AES_256_GCM_SHA384,RSA-3072-OAEP,209893.00,0.00,215.00,40.00,45096.00
570,TLS_AES_256_GCM_SHA384,RSA-3072-OAEP,211808.00,0.00,215.00,40.00,45281.00
571,TLS_AES_256_GCM_SHA384,RSA-3072-OAEP,451835.00,0.00,316.00,51.00,45989.00
572,TLS_AES_256_GCM_SHA384,RSA-3072-OAEP,261849.00,1.00,220.00,40.00,45564.00
573,TLS_AES_256_GCM_SHA384,RSA-3072-OAEP,393676.00,0.00,237.00,43.00,45383.00
574,TLS_AES_256_GCM_SHA384,RSA-3072-OAEP,214109.00,0.00,220.00,39.00,45797.00
575,TLS_AES_256_GCM_SHA384,RSA-3072-OAEP,903061.00,0.00,266.00,43.00,45855.00
576,TLS_AES_256_GCM_SHA384,RSA-3072-OAEP,305438.00,0.00,226.00,40.00,45183.00
577,TLS_AES_256_GCM_SHA384,RSA-3072-OAEP,374008.00,0.00,226.00,40.00,45159.00
578,TLS_AES_256_GCM_SHA384,RSA-3072-OAEP,788854.00,0.00,221.00,40.00,45640.00
579,TLS_AES_256_GCM_SHA384,RSA-3072-OAEP,222867.00,0.00,225.00,71.00,44810.00
580,TLS_AES_256_GCM_SHA384,RSA-3072-OAEP,285754.00,0.00,234.00,42.00,45273.00
581,TLS_AES_256_GCM_SHA384,RSA-3072-OAEP,423881.00,0.00,244.00,43.00,45229.00
582,TLS_AES_256_GCM_SHA384,RSA-3072-OAEP,444870.00,0.00,216.00,40.00,45353.00
583,TLS_AES_256_GCM_SHA384,RSA-3072-OAEP,456795.00,0.00,214.00,40.00,44989.00
584,TLS_AES_256_GCM_SHA384,RSA-3072-OAEP,272891.00,0.00,221.00,39.00,45493.00
585,TLS_AES_256_GCM_SHA384,RSA-3072-OAEP,239837.00,0.00,220.00,40.00,45216.00
586,TLS_AES_256_GCM_SHA384,RSA-3072-OAEP,280841.00,0.00,240.00,41.00,45072.00
587,TLS_AES_256_GCM_SHA384,RSA-3072-OAEP,286823.00,0.00,222.00,39.00,45720.00
588,TLS_AES_256_GCM_SHA384,RSA-3072-OAEP,330075.00,0.00,239.00,42.00,45491.00
589,TLS_AES_256_GCM_SHA384,RSA-3072-OAEP,204698.00,0.00,220.00,41.00,45571.00
590,TLS_AES_256_GCM_SHA384,RSA-3072-OAEP,571863.00,0.00,220.00,44.00,45350.00
591,TLS_AES_256_GCM_SHA384,RSA-3072-OAEP,202001.00,1.00,218.00,39.00,45167.00
592,TLS_AES_256_GCM_SHA384,RSA-3072-OAEP,262839.00,0.00,223.00,43.00,45682.00
593,TLS_AES_256_GCM_SHA384,RSA-3072-OAEP,147565.00,0.00,229.00,41.00,45658.00
594,TLS_AES_256_GCM_SHA384,RSA-3072-OAEP,647062.00,0.00,225.00,41.00,44759.00
595,TLS_AES_256_GCM_SHA384,RSA-3072-OAEP,233905.00,0.00,216.00,39.00,45747.00
596,TLS_AES_256_GCM_SHA384,RSA-3072-OAEP,477795.00,0.00,216.00,40.00,45205.00
597,TLS_AES_256_GCM_SHA384,RSA-3072-OAEP,357616.00,0.00,217.00,39.00,45300.00
598,TLS_AES_256_GCM_SHA384,RSA-3072-OAEP,299959.00,0.00,223.00,40.00,44747.00
599,TLS_AES_256_GCM_SHA384,RSA-3072-OAEP,272735.00,0.00,221.00,40.00,44993.00
600,TLS_AES_256_GCM_SHA384,RSA-3072-OAEP,205112.00,1.00,217.00,40.00,45380.00
601,TLS_AES_256_GCM_SHA384,RSA-3072-OAEP,306510.00,0.00,227.00,41.00,45347.00
602,TLS_AES_256_GCM_SHA384,RSA-3072-OAEP,185071.00,0.00,225.00,39.00,45621.00
603,TLS_AES_256_GCM_SHA384,RSA-3072-OAEP,569838.00,0.00,217.00,40.00,45438.00
604,TLS_AES_256_GCM_SHA384,RSA-3072-OAEP,254036.00,1.00,212.00,40.00,45704.00
605,TLS_AES_256_GCM_SHA384,RSA-3072-OAEP,182999.00,0.00,238.00,39.00,44819.00
606,TLS_AES_256_GCM_SHA384,RSA-3072-OAEP,409713.00,0.00,250.00,41.00,44854.00
607,TLS_AES_256_GCM_SHA384,RSA-3072-OAEP,399804.00,0.00,216.00,40.00,45268.00
608,TLS_AES_256_GCM_SHA384,RSA-3072-OAEP,374846.00,0.00,223.00,40.00,44801.00
609,TLS_AES_256_GCM_SHA384,RSA-3072-OAEP,380887.00,0.00,227.00,39.00,45381.00
610,TLS_AES_256_GCM_SHA384,RSA-3072-OAEP,295024.00,1.00,223.00,40.00,44590.00
611,TLS_AES_256_GCM_SHA384,RSA-3072-OAEP,207716.00,0.00,206.00,39.00,44876.00
612,TLS_AES_256_GCM_SHA384,RSA-3072-OAEP,326878.00,0.00,221.00,40.00,45618.00
613,TLS_AES_256_GCM_SHA384,RSA-3072-OAEP,437762.00,0.00,235.00,43.00,45751.00
614,TLS_AES_256_GCM_SHA384,RSA-3072-OAEP,350997.00,1.00,243.00,41.00,44987.00
615,TLS_AES_256_GCM_SHA384,RSA-3072-OAEP,240782.00,0.00,241.00,40.00,44930.00
616,TLS_AES_256_GCM_SHA384,RSA-3072-OAEP,280830.00,0.00,226.00,40.00,45563.00
617,TLS_AES_256_GCM_SHA384,RSA-3072-OAEP,196961.00,0.00,216.00,45.00,45500.00
618,TLS_AES_256_GCM_SHA384,RSA-3072-OAEP,331768.00,0.00,319.00,41.00,45832.00
619,TLS_AES_256_GCM_SHA384,RSA-3072-OAEP,174976.00,0.00,263.00,45.00,45197.00
620,TLS_AES_256_GCM_SHA384,RSA-3072-OAEP,628658.00,0.00,243.00,41.00,45005.00
621,TLS_AES_256_GCM_SHA384,RSA-3072-OAEP,195605.00,0.00,217.00,40.00,45296.00
622,TLS_AES_256_GCM_SHA384,RSA-3072-OAEP,623112.00,0.00,223.00,41.00,45265.00
623,TLS_AES_256_GCM_SHA384,RSA-3072-OAEP,429807.00,0.00,244.00,41.00,45596.00
624,TLS_AES_256_GCM_SHA384,RSA-3072-OAEP,363014.00,1.00,237.00,41.00,45407.00
625,TLS_AES_256_GCM_SHA384,RSA-3072-OAEP,228735.00,0.00,223.00,40.00,45451.00
626,TLS_AES_256_GCM_SHA384,RSA-3072-OAEP,240893.00,0.00,225.00,41.00,45396.00
627,TLS_AES_256_GCM_SHA384,RSA-3072-OAEP,359723.00,0.00,221.00,40.00,45639.00
628,TLS_AES_256_GCM_SHA384,RSA-3072-OAEP,725822.00,0.00,227.00,40.00,45311.00
629,TLS_AES_256_GCM_SHA384,RSA-3072-OAEP,437000.00,1.00,221.00,39.00,45333.00
630,TLS_AES_256_GCM_SHA384,RSA-3072-OAEP,241838.00,0.00,235.00,40.00,45146.00
631,TLS_AES_256_GCM_SHA384,RSA-3072-OAEP,285672.00,0.00,218.00,39.00,44843.00
632,TLS_AES_256_GCM_SHA384,RSA-3072-OAEP,312040.00,0.00,216.00,39.00,45277.00
633,TLS_AES_256_GCM_SHA384,RSA-3072-OAEP,381963.00,0.00,233.00,40.00,45607.00
634,TLS_AES_256_GCM_SHA384,RSA-3072-OAEP,350850.00,0.00,226.00,41.00,45684.00
635,TLS_AES_256_GCM_SHA384,RSA-3072-OAEP,452715.00,0.00,240.00,39.00,44971.00
636,TLS_AES_256_GCM_SHA384,RSA-3072-OAEP,348827.00,0.00,237.00,42.00,45241.00
637,TLS_AES_256_GCM_SHA384,RSA-3072-OAEP,347831.00,0.00,243.00,40.00,44907.00
638,TLS_AES_256_GCM_SHA384,RSA-3072-OAEP,202643.00,1.00,215.00,39.00,45695.00
639,TLS_AES_256_GCM_SHA384,RSA-3072-OAEP,174418.00,0.00,326.00,40.00,45881.00
640,TLS_AES_256_GCM_SHA384,RSA-3072-OAEP,320372.00,0.00,235.00,40.00,45392.00
641,TLS_AES_256_GCM_SHA384,RSA-3072-OAEP,271841.00,0.00,233.00,44.00,44841.00
642,TLS_AES_256_GCM_SHA384,RSA-3072-OAEP,201177.00,0.00,214.00,39.00,45530.00
643,TLS_AES_256_GCM_SHA384,RSA-3072-OAEP,237595.00,0.00,266.00,45.00,44891.00
644,TLS_AES_256_GCM_SHA384,RSA-3072-OAEP,217120.00,0.00,222.00,40.00,45199.00
645,TLS_AES_256_GCM_SHA384,RSA-3072-OAEP,292670.00,0.00,228.00,40.00,45282.00
646,TLS_AES_256_GCM_SHA384,RSA-3072-OAEP,216089.00,0.00,320.00,40.00,45003.00
647,TLS_AES_256_GCM_SHA384,RSA-3072-OAEP,135864.00,0.00,315.00,42.00,45896.00
648,TLS_AES_256_GCM_SHA384,RSA-3072-OAEP,141722.00,0.00,235.00,43.00,45417.00
649,TLS_AES_256_GCM_SHA384,RSA-3072-OAEP,437901.00,0.00,210.00,39.00,45822.00
650,TLS_AES_256_GCM_SHA384,RSA-3072-OAEP,490866.00,0.00,241.00,41.00,45260.00
651,TLS_AES_256_GCM_SHA384,RSA-3072-OAEP,339796.00,0.00,213.00,39.00,45243.00
652,TLS_AES_256_GCM_SHA384,RSA-3072-OAEP,229369.00,0.00,216.00,40.00,45779.00
653,TLS_AES_256_GCM_SHA384,RSA-3072-OAEP,357066.00,0.00,222.00,40.00,45643.00
654,TLS_AES_256_GCM_SHA384,RSA-3072-OAEP,302436.00,0.00,228.00,40.00,45199.00
655,TLS_AES_256_GCM_SHA384,RSA-3072-OAEP,412685.00,0.00,233.00,40.00,45128.00
656,TLS_AES_256_GCM_SHA384,RSA-3072-OAEP,378855.00,0.00,279.00,39.00,44832.00
657,TLS_AES_256_GCM_SHA384,RSA-3072-OAEP,238989.00,0.00,218.00,39.00,45082.00
658,TLS_AES_256_GCM_SHA384,RSA-3072-OAEP,208742.00,0.00,237.00,40.00,45013.00
659,TLS_AES_256_GCM_SHA384,RSA-3072-OAEP,141789.00,0.00,227.00,40.00,45693.00
660,TLS_AES_256_GCM_SHA384,RSA-3072-OAEP,215871.00,1.00,237.00,40.00,45034.00
661,TLS_AES_256_GCM_SHA384,RSA-3072-OAEP,211673.00,0.00,232.00,42.00,45584.00
662,TLS_AES_256_GCM_SHA384,RSA-3072-OAEP,343807.00,0.00,233.00,42.00,45427.00
663,TLS_AES_256_GCM_SHA384,RSA-3072-OAEP,330143.00,0.00,216.00,38.00,45513.00
664,TLS_AES_256_GCM_SHA384,RSA-3072-OAEP,415811.00,1.00,219.00,39.00,45278.00
665,TLS_AES_256_GCM_SHA384,RSA-3072-OAEP,241976.00,0.00,222.00,39.00,45530.00
666,TLS_AES_256_GCM_SHA384,RSA-3072-OAEP,945163.00,0.00,225.00,42.00,45241.00
667,TLS_AES_256_GCM_SHA384,RSA-3072-OAEP,291176.00,1.00,211.00,39.00,45412.00
668,TLS_AES_256_GCM_SHA384,RSA-3072-OAEP,258081.00,0.00,219.00,59.00,44967.00
669,TLS_AES_256_GCM_SHA384,RSA-3072-OAEP,305989.00,0.00,306.00,40.00,44964.00
670,TLS_AES_256_GCM_SHA384,RSA-3072-OAEP,221557.00,0.00,216.00,40.00,45245.00
671,TLS_AES_256_GCM_SHA384,RSA-3072-OAEP,306054.00,0.00,214.00,39.00,45725.00
672,TLS_AES_256_GCM_SHA384,RSA-3072-OAEP,352634.00,0.00,232.00,46.00,44776.00
673,TLS_AES_256_GCM_SHA384,RSA-3072-OAEP,344247.00,0.00,218.00,39.00,44778.00
674,TLS_AES_256_GCM_SHA384,RSA-3072-OAEP,363743.00,0.00,218.00,41.00,44735.00
675,TLS_AES_256_GCM_SHA384,RSA-3072-OAEP,406444.00,0.00,218.00,40.00,45741.00
676,TLS_AES_256_GCM_SHA384,RSA-3072-OAEP,210109.00,0.00,219.00,39.00,45916.00
677,TLS_AES_256_GCM_SHA384,RSA-3072-OAEP,259026.00,0.00,312.00,40.00,44937.00
678,TLS_AES_256_GCM_SHA384,RSA-3072-OAEP,248388.00,0.00,391.00,51.00,45835.00
679,TLS_AES_256_GCM_SHA384,RSA-3072-OAEP,259210.00,0.00,224.00,39.00,44953.00
680,TLS_AES_256_GCM_SHA384,RSA-3072-OAEP,403977.00,0.00,410.00,52.00,44668.00
681,TLS_AES_256_GCM_SHA384,RSA-3072-OAEP,407584.00,1.00,208.00,39.00,45423.00
682,TLS_AES_256_GCM_SHA384,RSA-3072-OAEP,279840.00,0.00,234.00,42.00,45480.00
683,TLS_AES_256_GCM_SHA384,RSA-3072-OAEP,365015.00,0.00,222.00,40.00,45310.00
684,TLS_AES_256_GCM_SHA384,RSA-3072-OAEP,183735.00,0.00,212.00,46.00,45290.00
685,TLS_AES_256_GCM_SHA384,RSA-3072-OAEP,146945.00,1.00,334.00,44.00,46034.00
686,TLS_AES_256_GCM_SHA384,RSA-3072-OAEP,407579.00,0.00,222.00,41.00,45601.00
687,TLS_AES_256_GCM_SHA384,RSA-3072-OAEP,336994.00,0.00,245.00,43.00,45426.00
688,TLS_AES_256_GCM_SHA384,RSA-3072-OAEP,477853.00,0.00,227.00,41.00,45194.00
689,TLS_AES_256_GCM_SHA384,RSA-3072-OAEP,352695.00,0.00,215.00,40.00,45479.00
690,TLS_AES_256_GCM_SHA384,RSA-3072-OAEP,338103.00,0.00,242.00,72.00,45293.00
691,TLS_AES_256_GCM_SHA384,RSA-3072-OAEP,330996.00,0.00,224.00,40.00,45284.00
692,TLS_AES_256_GCM_SHA384,RSA-3072-OAEP,183424.00,0.00,223.00,40.00,45552.00
693,TLS_AES_256_GCM_SHA384,RSA-3072-OAEP,304099.00,0.00,217.00,40.00,45304.00
694,TLS_AES_256_GCM_SHA384,RSA-3072-OAEP,453047.00,0.00,240.00,43.00,45574.00
695,TLS_AES_256_GCM_SHA384,RSA-3072-OAEP,286707.00,0.00,220.00,40.00,45430.00
696,TLS_AES_256_GCM_SHA384,RSA-3072-OAEP,199828.00,0.00,218.00,40.00,45127.00
697,TLS_AES_256_GCM_SHA384,RSA-3072-OAEP,439853.00,0.00,225.00,39.00,44881.00
698,TLS_AES_256_GCM_SHA384,RSA-3072-OAEP,327671.00,1.00,220.00,41.00,45480.00
699,TLS_AES_256_GCM_SHA384,RSA-3072-OAEP,298826.00,0.00,311.00,50.00,45970.00
700,TLS_AES_256_GCM_SHA384,RSA-3072-OAEP,319209.00,0.00,320.00,50.00,46232.00
701,TLS_AES_256_GCM_SHA384,RSA-3072-OAEP,281517.00,0.00,507.00,77.00,44937.00
702,TLS_AES_256_GCM_SHA384,RSA-3072-OAEP,271196.00,0.00,206.00,63.00,45316.00
703,TLS_AES_256_GCM_SHA384,RSA-3072-OAEP,711657.00,0.00,219.00,62.00,45641.00
704,TLS_AES_256_GCM_SHA384,RSA-3072-OAEP,216806.00,0.00,208.00,61.00,45005.00
705,TLS_AES_256_GCM_SHA384,RSA-3072-OAEP,219552.00,1.00,248.00,61.00,44554.00
706,TLS_AES_256_GCM_SHA384,RSA-3072-OAEP,469728.00,0.00,218.00,39.00,46388.00
707,TLS_AES_256_GCM_SHA384,RSA-3072-OAEP,283793.00,0.00,239.00,42.00,45826.00
708,TLS_AES_256_GCM_SHA384,RSA-3072-OAEP,484771.00,0.00,224.00,40.00,45047.00
709,TLS_AES_256_GCM_SHA384,RSA-3072-OAEP,426523.00,0.00,244.00,44.00,45712.00
710,TLS_AES_256_GCM_SHA384,RSA-3072-OAEP,354965.00,0.00,223.00,40.00,44753.00
711,TLS_AES_256_GCM_SHA384,RSA-3072-OAEP,202804.00,0.00,215.00,39.00,45306.00
712,TLS_AES_256_GCM_SHA384,RSA-3072-OAEP,341872.00,0.00,224.00,42.00,45576.00
713,TLS_AES_256_GCM_SHA384,RSA-3072-OAEP,176443.00,0.00,234.00,59.00,45200.00
714,TLS_AES_256_GCM_SHA384,RSA-3072-OAEP,281577.00,0.00,218.00,40.00,45948.00
715,TLS_AES_256_GCM_SHA384,RSA-3072-OAEP,907538.00,0.00,428.00,57.00,45203.00
716,TLS_AES_256_GCM_SHA384,RSA-3072-OAEP,332943.00,0.00,210.00,61.00,44327.00
717,TLS_AES_256_GCM_SHA384,RSA-3072-OAEP,334875.00,0.00,304.00,62.00,44587.00
718,TLS_AES_256_GCM_SHA384,RSA-3072-OAEP,400982.00,0.00,210.00,60.00,44881.00
719,TLS_AES_256_GCM_SHA384,RSA-3072-OAEP,170144.00,0.00,315.00,50.00,45755.00
720,TLS_AES_256_GCM_SHA384,RSA-3072-OAEP,140589.00,0.00,244.00,45.00,46229.00
721,TLS_AES_256_GCM_SHA384,RSA-3072-OAEP,165192.00,1.00,222.00,42.00,45453.00
722,TLS_AES_256_GCM_SHA384,RSA-3072-OAEP,202967.00,1.00,220.00,41.00,45507.00
723,TLS_AES_256_GCM_SHA384,RSA-3072-OAEP,228589.00,0.00,210.00,60.00,45225.00
724,TLS_AES_256_GCM_SHA384,RSA-3072-OAEP,183783.00,0.00,205.00,58.00,44974.00
725,TLS_AES_256_GCM_SHA384,RSA-3072-OAEP,389154.00,1.00,461.00,56.00,50254.00
726,TLS_AES_256_GCM_SHA384,RSA-3072-OAEP,205901.00,0.00,313.00,41.00,45069.00
727,TLS_AES_256_GCM_SHA384,RSA-3072-OAEP,210981.00,0.00,215.00,40.00,45764.00
728,TLS_AES_256_GCM_SHA384,RSA-3072-OAEP,427831.00,0.00,214.00,39.00,45410.00
729,TLS_AES_256_GCM_SHA384,RSA-3072-OAEP,483840.00,0.00,239.00,42.00,45658.00
730,TLS_AES_256_GCM_SHA384,RSA-3072-OAEP,388812.00,0.00,212.00,39.00,45479.00
731,TLS_AES_256_GCM_SHA384,RSA-3072-OAEP,484848.00,0.00,224.00,40.00,45345.00
732,TLS_AES_256_GCM_SHA384,RSA-3072-OAEP,399777.00,0.00,218.00,40.00,45583.00
733,TLS_AES_256_GCM_SHA384,RSA-3072-OAEP,222777.00,1.00,245.00,69.00,44936.00
734,TLS_AES_256_GCM_SHA384,RSA-3072-OAEP,340915.00,0.00,252.00,42.00,45142.00
735,TLS_AES_256_GCM_SHA384,RSA-3072-OAEP,245015.00,0.00,220.00,40.00,45296.00
736,TLS_AES_256_GCM_SHA384,RSA-3072-OAEP,368934.00,1.00,218.00,39.00,45436.00
737,TLS_AES_256_GCM_SHA384,RSA-3072-OAEP,221348.00,0.00,238.00,42.00,45689.00
738,TLS_AES_256_GCM_SHA384,RSA-3072-OAEP,334357.00,0.00,215.00,40.00,45417.00
739,TLS_AES_256_GCM_SHA384,RSA-3072-OAEP,254882.00,0.00,216.00,39.00,45162.00
740,TLS_AES_256_GCM_SHA384,RSA-3072-OAEP,360770.00,0.00,227.00,45.00,45120.00
741,TLS_AES_256_GCM_SHA384,RSA-3072-OAEP,339846.00,0.00,219.00,40.00,45306.00
742,TLS_AES_256_GCM_SHA384,RSA-3072-OAEP,156837.00,0.00,303.00,46.00,45997.00
743,TLS_AES_256_GCM_SHA384,RSA-3072-OAEP,574076.00,1.00,305.00,40.00,44913.00
744,TLS_AES_256_GCM_SHA384,RSA-3072-OAEP,197706.00,0.00,214.00,39.00,45490.00
745,TLS_AES_256_GCM_SHA384,RSA-3072-OAEP,135009.00,0.00,239.00,44.00,46152.00
746,TLS_AES_256_GCM_SHA384,RSA-3072-OAEP,344449.00,0.00,215.00,40.00,45786.00
747,TLS_AES_256_GCM_SHA384,RSA-3072-OAEP,254209.00,0.00,228.00,40.00,45753.00
748,TLS_AES_256_GCM_SHA384,RSA-3072-OAEP,151807.00,0.00,365.00,44.00,45922.00
749,TLS_AES_256_GCM_SHA384,RSA-3072-OAEP,214449.00,0.00,218.00,39.00,45533.00
750,TLS_AES_256_GCM_SHA384,RSA-3072-OAEP,184129.00,0.00,211.00,39.00,45199.00
751,TLS_AES_256_GCM_SHA384,RSA-3072-OAEP,412716.00,0.00,216.00,38.00,45425.00
752,TLS_AES_256_GCM_SHA384,RSA-3072-OAEP,646870.00,0.00,331.00,44.00,45973.00
753,TLS_AES_256_GCM_SHA384,RSA-3072-OAEP,427179.00,0.00,229.00,41.00,45688.00
754,TLS_AES_256_GCM_SHA384,RSA-3072-OAEP,162746.00,0.00,229.00,42.00,45433.00
755,TLS_AES_256_GCM_SHA384,RSA-3072-OAEP,382811.00,0.00,400.00,45.00,45899.00
756,TLS_AES_256_GCM_SHA384,RSA-3072-OAEP,211919.00,1.00,222.00,40.00,45142.00
757,TLS_AES_256_GCM_SHA384,RSA-3072-OAEP,435805.00,0.00,219.00,60.00,44900.00
758,TLS_AES_256_GCM_SHA384,RSA-3072-OAEP,260897.00,0.00,216.00,41.00,45590.00
759,TLS_AES_256_GCM_SHA384,RSA-3072-OAEP,358584.00,0.00,218.00,41.00,45409.00
760,TLS_AES_256_GCM_SHA384,RSA-3072-OAEP,343187.00,0.00,214.00,41.00,45168.00
761,TLS_AES_256_GCM_SHA384,RSA-3072-OAEP,394773.00,0.00,322.00,40.00,44716.00
762,TLS_AES_256_GCM_SHA384,RSA-3072-OAEP,514656.00,1.00,221.00,39.00,44926.00
763,TLS_AES_256_GCM_SHA384,RSA-3072-OAEP,339690.00,0.00,215.00,44.00,44771.00
764,TLS_AES_256_GCM_SHA384,RSA-3072-OAEP,292297.00,0.00,242.00,42.00,45767.00
765,TLS_AES_256_GCM_SHA384,RSA-3072-OAEP,389057.00,0.00,238.00,42.00,45981.00
766,TLS_AES_256_GCM_SHA384,RSA-3072-OAEP,733630.00,0.00,303.00,39.00,44825.00
767,TLS_AES_256_GCM_SHA384,RSA-3072-OAEP,302884.00,0.00,238.00,39.00,45034.00
768,TLS_AES_256_GCM_SHA384,RSA-3072-OAEP,570820.00,0.00,212.00,40.00,45485.00
769,TLS_AES_256_GCM_SHA384,RSA-3072-OAEP,219892.00,0.00,284.00,40.00,45716.00
770,TLS_AES_256_GCM_SHA384,RSA-3072-OAEP,207918.00,0.00,221.00,40.00,45402.00
771,TLS_AES_256_GCM_SHA384,RSA-3072-OAEP,285910.00,0.00,248.00,40.00,44995.00
772,TLS_AES_256_GCM_SHA384,RSA-3072-OAEP,315648.00,0.00,294.00,40.00,44620.00
773,TLS_AES_256_GCM_SHA384,RSA-3072-OAEP,241027.00,0.00,215.00,41.00,45751.00
774,TLS_AES_256_GCM_SHA384,RSA-3072-OAEP,212622.00,0.00,224.00,40.00,45727.00
775,TLS_AES_256_GCM_SHA384,RSA-3072-OAEP,508907.00,0.00,304.00,44.00,45896.00
776,TLS_AES_256_GCM_SHA384,RSA-3072-OAEP,489874.00,0.00,442.00,40.00,45671.00
777,TLS_AES_256_GCM_SHA384,RSA-3072-OAEP,357797.00,0.00,221.00,40.00,45783.00
778,TLS_AES_256_GCM_SHA384,RSA-3072-OAEP,233941.00,0.00,240.00,40.00,44930.00
779,TLS_AES_256_GCM_SHA384,RSA-3072-OAEP,199966.00,0.00,217.00,39.00,45435.00
780,TLS_AES_256_GCM_SHA384,RSA-3072-OAEP,304521.00,0.00,216.00,40.00,45605.00
781,TLS_AES_256_GCM_SHA384,RSA-3072-OAEP,704911.00,0.00,319.00,51.00,45680.00
782,TLS_AES_256_GCM_SHA384,RSA-3072-OAEP,313035.00,0.00,315.00,51.00,46137.00
783,TLS_AES_256_GCM_SHA384,RSA-3072-OAEP,437394.00,0.00,467.00,77.00,44411.00
784,TLS_AES_256_GCM_SHA384,RSA-3072-OAEP,383973.00,0.00,212.00,62.00,45136.00
785,TLS_AES_256_GCM_SHA384,RSA-3072-OAEP,355876.00,0.00,460.00,72.00,45686.00
786,TLS_AES_256_GCM_SHA384,RSA-3072-OAEP,395935.00,0.00,215.00,63.00,44354.00
787,TLS_AES_256_GCM_SHA384,RSA-3072-OAEP,282223.00,0.00,344.00,70.00,45669.00
788,TLS_AES_256_GCM_SHA384,RSA-3072-OAEP,237882.00,0.00,216.00,39.00,45378.00
789,TLS_AES_256_GCM_SHA384,RSA-3072-OAEP,300819.00,0.00,220.00,39.00,45780.00
790,TLS_AES_256_GCM_SHA384,RSA-3072-OAEP,624833.00,0.00,223.00,40.00,45327.00
791,TLS_AES_256_GCM_SHA384,RSA-3072-OAEP,414861.00,0.00,220.00,39.00,45357.00
792,TLS_AES_256_GCM_SHA384,RSA-3072-OAEP,429607.00,0.00,213.00,39.00,45354.00
793,TLS_AES_256_GCM_SHA384,RSA-3072-OAEP,342215.00,0.00,281.00,39.00,45684.00
794,TLS_AES_256_GCM_SHA384,RSA-3072-OAEP,235906.00,0.00,219.00,45.00,44813.00
795,TLS_AES_256_GCM_SHA384,RSA-3072-OAEP,234924.00,0.00,215.00,41.00,45555.00
796,TLS_AES_256_GCM_SHA384,RSA-3072-OAEP,282902.00,0.00,243.00,42.00,45013.00
797,TLS_AES_256_GCM_SHA384,RSA-3072-OAEP,205557.00,1.00,287.00,40.00,45662.00
798,TLS_AES_256_GCM_SHA384,RSA-3072-OAEP,261143.00,0.00,222.00,40.00,45357.00
799,TLS_AES_256_GCM_SHA384,RSA-3072-OAEP,374918.00,0.00,310.00,40.00,45107.00
800,TLS_AES_256_GCM_SHA384,RSA-3072-OAEP,250575.00,0.00,218.00,39.00,45242.00
801,TLS_AES_256_GCM_SHA384,RSA-3072-OAEP,244885.00,0.00,215.00,40.00,45422.00
802,TLS_AES_256_GCM_SHA384,RSA-3072-OAEP,167616.00,0.00,312.00,40.00,44956.00
803,TLS_AES_256_GCM_SHA384,RSA-3072-OAEP,158187.00,0.00,222.00,41.00,45581.00
804,TLS_AES_256_GCM_SHA384,RSA-3072-OAEP,343920.00,0.00,226.00,39.00,45354.00
805,TLS_AES_256_GCM_SHA384,RSA-3072-OAEP,208831.00,0.00,374.00,40.00,45585.00
806,TLS_AES_256_GCM_SHA384,RSA-3072-OAEP,692923.00,0.00,224.00,40.00,45490.00
807,TLS_AES_256_GCM_SHA384,RSA-3072-OAEP,248723.00,0.00,222.00,40.00,45089.00
808,TLS_AES_256_GCM_SHA384,RSA-3072-OAEP,302943.00,1.00,233.00,42.00,45585.00
809,TLS_AES_256_GCM_SHA384,RSA-3072-OAEP,154820.00,0.00,233.00,42.00,45360.00
810,TLS_AES_256_GCM_SHA384,RSA-3072-OAEP,141970.00,0.00,230.00,41.00,45589.00
811,TLS_AES_256_GCM_SHA384,RSA-3072-OAEP,448728.00,1.00,220.00,40.00,45705.00
812,TLS_AES_256_GCM_SHA384,RSA-3072-OAEP,500085.00,0.00,214.00,40.00,45442.00
813,TLS_AES_256_GCM_SHA384,RSA-3072-OAEP,358252.00,0.00,234.00,62.00,45042.00
814,TLS_AES_256_GCM_SHA384,RSA-3072-OAEP,302066.00,0.00,322.00,63.00,44553.00
815,TLS_AES_256_GCM_SHA384,RSA-3072-OAEP,494208.00,0.00,210.00,60.00,44364.00
816,TLS_AES_256_GCM_SHA384,RSA-3072-OAEP,211593.00,0.00,214.00,60.00,45121.00
817,TLS_AES_256_GCM_SHA384,RSA-3072-OAEP,753587.00,0.00,209.00,59.00,44550.00
818,TLS_AES_256_GCM_SHA384,RSA-3072-OAEP,189319.00,0.00,221.00,40.00,45681.00
819,TLS_AES_256_GCM_SHA384,RSA-3072-OAEP,232887.00,0.00,236.00,40.00,45077.00
820,TLS_AES_256_GCM_SHA384,RSA-3072-OAEP,397560.00,0.00,215.00,40.00,45217.00
821,TLS_AES_256_GCM_SHA384,RSA-3072-OAEP,312138.00,0.00,265.00,46.00,45095.00
822,TLS_AES_256_GCM_SHA384,RSA-3072-OAEP,425810.00,0.00,222.00,41.00,45012.00
823,TLS_AES_256_GCM_SHA384,RSA-3072-OAEP,243805.00,0.00,217.00,41.00,45293.00
824,TLS_AES_256_GCM_SHA384,RSA-3072-OAEP,421705.00,0.00,235.00,43.00,45259.00
825,TLS_AES_256_GCM_SHA384,RSA-3072-OAEP,207059.00,0.00,219.00,40.00,45381.00
826,TLS_AES_256_GCM_SHA384,RSA-3072-OAEP,304808.00,0.00,211.00,39.00,44752.00
827,TLS_AES_256_GCM_SHA384,RSA-3072-OAEP,450736.00,1.00,241.00,41.00,45770.00
828,TLS_AES_256_GCM_SHA384,RSA-3072-OAEP,267612.00,0.00,209.00,39.00,45352.00
829,TLS_AES_256_GCM_SHA384,RSA-3072-OAEP,152199.00,0.00,217.00,40.00,45201.00
830,TLS_AES_256_GCM_SHA384,RSA-3072-OAEP,134591.00,0.00,337.00,43.00,45918.00
831,TLS_AES_256_GCM_SHA384,RSA-3072-OAEP,383026.00,0.00,218.00,40.00,45122.00
832,TLS_AES_256_GCM_SHA384,RSA-3072-OAEP,170039.00,0.00,227.00,43.00,90717.00
833,TLS_AES_256_GCM_SHA384,RSA-3072-OAEP,220819.00,1.00,307.00,42.00,45629.00
834,TLS_AES_256_GCM_SHA384,RSA-3072-OAEP,546806.00,0.00,230.00,41.00,44977.00
835,TLS_AES_256_GCM_SHA384,RSA-3072-OAEP,537757.00,1.00,223.00,40.00,45214.00
836,TLS_AES_256_GCM_SHA384,RSA-3072-OAEP,428109.00,0.00,219.00,40.00,45912.00
837,TLS_AES_256_GCM_SHA384,RSA-3072-OAEP,389663.00,0.00,216.00,40.00,45401.00
838,TLS_AES_256_GCM_SHA384,RSA-3072-OAEP,229971.00,0.00,307.00,45.00,44861.00
839,TLS_AES_256_GCM_SHA384,RSA-3072-OAEP,333709.00,0.00,216.00,39.00,44943.00
840,TLS_AES_256_GCM_SHA384,RSA-3072-OAEP,237879.00,0.00,268.00,42.00,44917.00
841,TLS_AES_256_GCM_SHA384,RSA-3072-OAEP,283854.00,0.00,214.00,39.00,45593.00
842,TLS_AES_256_GCM_SHA384,RSA-3072-OAEP,181561.00,1.00,237.00,43.00,45346.00
843,TLS_AES_256_GCM_SHA384,RSA-3072-OAEP,252713.00,0.00,218.00,41.00,45869.00
844,TLS_AES_256_GCM_SHA384,RSA-3072-OAEP,142141.00,0.00,238.00,44.00,45578.00
845,TLS_AES_256_GCM_SHA384,RSA-3072-OAEP,272838.00,0.00,216.00,39.00,44758.00
846,TLS_AES_256_GCM_SHA384,RSA-3072-OAEP,317874.00,0.00,223.00,39.00,45780.00
847,TLS_AES_256_GCM_SHA384,RSA-3072-OAEP,199046.00,0.00,218.00,58.00,45021.00
848,TLS_AES_256_GCM_SHA384,RSA-3072-OAEP,456831.00,0.00,236.00,40.00,45078.00
849,TLS_AES_256_GCM_SHA384,RSA-3072-OAEP,232598.00,0.00,217.00,44.00,44620.00
850,TLS_AES_256_GCM_SHA384,RSA-3072-OAEP,399171.00,1.00,223.00,40.00,45647.00
851,TLS_AES_256_GCM_SHA384,RSA-3072-OAEP,179844.00,0.00,247.00,44.00,45799.00
852,TLS_AES_256_GCM_SHA384,RSA-3072-OAEP,939767.00,0.00,297.00,41.00,44920.00
853,TLS_AES_256_GCM_SHA384,RSA-3072-OAEP,338812.00,1.00,238.00,42.00,45319.00
854,TLS_AES_256_GCM_SHA384,RSA-3072-OAEP,194960.00,0.00,210.00,39.00,45832.00
855,TLS_AES_256_GCM_SHA384,RSA-3072-OAEP,293892.00,0.00,320.00,39.00,44773.00
856,TLS_AES_256_GCM_SHA384,RSA-3072-OAEP,333453.00,0.00,208.00,59.00,44997.00
857,TLS_AES_256_GCM_SHA384,RSA-3072-OAEP,259905.00,0.00,223.00,58.00,44967.00
858,TLS_AES_256_GCM_SHA384,RSA-3072-OAEP,309044.00,0.00,203.00,58.00,44525.00
859,TLS_AES_256_GCM_SHA384,RSA-3072-OAEP,276131.00,0.00,221.00,41.00,44879.00
860,TLS_AES_256_GCM_SHA384,RSA-3072-OAEP,183938.00,0.00,306.00,45.00,44782.00
861,TLS_AES_256_GCM_SHA384,RSA-3072-OAEP,305705.00,0.00,210.00,39.00,44845.00
862,TLS_AES_256_GCM_SHA384,RSA-3072-OAEP,780040.00,0.00,220.00,40.00,45528.00
863,TLS_AES_256_GCM_SHA384,RSA-3072-OAEP,232579.00,0.00,216.00,40.00,45479.00
864,TLS_AES_256_GCM_SHA384,RSA-3072-OAEP,250801.00,0.00,223.00,41.00,45524.00
865,TLS_AES_256_GCM_SHA384,RSA-3072-OAEP,218297.00,0.00,232.00,40.00,45063.00
866,TLS_AES_256_GCM_SHA384,RSA-3072-OAEP,288700.00,0.00,225.00,47.00,45608.00
867,TLS_AES_256_GCM_SHA384,RSA-3072-OAEP,237861.00,0.00,288.00,39.00,45686.00
868,TLS_AES_256_GCM_SHA384,RSA-3072-OAEP,360973.00,0.00,203.00,61.00,44397.00
869,TLS_AES_256_GCM_SHA384,RSA-3072-OAEP,277957.00,0.00,216.00,40.00,45254.00
870,TLS_AES_256_GCM_SHA384,RSA-3072-OAEP,498675.00,0.00,217.00,40.00,45550.00
871,TLS_AES_256_GCM_SHA384,RSA-3072-OAEP,274976.00,0.00,352.00,57.00,45802.00
872,TLS_AES_256_GCM_SHA384,RSA-3072-OAEP,199699.00,0.00,216.00,44.00,45541.00
873,TLS_AES_256_GCM_SHA384,RSA-3072-OAEP,321683.00,0.00,220.00,39.00,45461.00
874,TLS_AES_256_GCM_SHA384,RSA-3072-OAEP,362180.00,1.00,239.00,67.00,45066.00
875,TLS_AES_256_GCM_SHA384,RSA-3072-OAEP,190757.00,0.00,240.00,43.00,45679.00
876,TLS_AES_256_GCM_SHA384,RSA-3072-OAEP,357005.00,0.00,227.00,40.00,45706.00
877,TLS_AES_256_GCM_SHA384,RSA-3072-OAEP,334737.00,1.00,211.00,40.00,45426.00
878,TLS_AES_256_GCM_SHA384,RSA-3072-OAEP,562951.00,0.00,267.00,43.00,45002.00
879,TLS_AES_256_GCM_SHA384,RSA-3072-OAEP,255726.00,0.00,306.00,39.00,44820.00
880,TLS_AES_256_GCM_SHA384,RSA-3072-OAEP,178933.00,0.00,262.00,49.00,44914.00
881,TLS_AES_256_GCM_SHA384,RSA-3072-OAEP,276830.00,0.00,289.00,41.00,44554.00
882,TLS_AES_256_GCM_SHA384,RSA-3072-OAEP,375779.00,0.00,235.00,41.00,45129.00
883,TLS_AES_256_GCM_SHA384,RSA-3072-OAEP,161783.00,0.00,245.00,46.00,45711.00
884,TLS_AES_256_GCM_SHA384,RSA-3072-OAEP,692628.00,0.00,233.00,40.00,45468.00
885,TLS_AES_256_GCM_SHA384,RSA-3072-OAEP,275233.00,0.00,286.00,40.00,44839.00
886,TLS_AES_256_GCM_SHA384,RSA-3072-OAEP,236744.00,0.00,214.00,39.00,44764.00
887,TLS_AES_256_GCM_SHA384,RSA-3072-OAEP,209788.00,0.00,228.00,40.00,45506.00
888,TLS_AES_256_GCM_SHA384,RSA-3072-OAEP,926074.00,0.00,226.00,59.00,45070.00
889,TLS_AES_256_GCM_SHA384,RSA-3072-OAEP,288622.00,0.00,217.00,40.00,45444.00
890,TLS_AES_256_GCM_SHA384,RSA-3072-OAEP,600919.00,0.00,271.00,46.00,44986.00
891,TLS_AES_256_GCM_SHA384,RSA-3072-OAEP,386863.00,0.00,225.00,39.00,45318.00
892,TLS_AES_256_GCM_SHA384,RSA-3072-OAEP,285718.00,0.00,251.00,54.00,44850.00
893,TLS_AES_256_GCM_SHA384,RSA-3072-OAEP,436895.00,0.00,228.00,40.00,45540.00
894,TLS_AES_256_GCM_SHA384,RSA-3072-OAEP,168036.00,0.00,221.00,40.00,45608.00
895,TLS_AES_256_GCM_SHA384,RSA-3072-OAEP,346756.00,0.00,241.00,41.00,45056.00
896,TLS_AES_256_GCM_SHA384,RSA-3072-OAEP,381671.00,0.00,316.00,50.00,46194.00
897,TLS_AES_256_GCM_SHA384,RSA-3072-OAEP,271986.00,1.00,219.00,55.00,45338.00
898,TLS_AES_256_GCM_SHA384,RSA-3072-OAEP,243723.00,0.00,241.00,42.00,45814.00
899,TLS_AES_256_GCM_SHA384,RSA-3072-OAEP,383828.00,0.00,223.00,40.00,44497.00
900,TLS_AES_256_GCM_SHA384,RSA-3072-OAEP,153785.00,0.00,229.00,41.00,45616.00
901,TLS_AES_256_GCM_SHA384,RSA-3072-OAEP,197099.00,0.00,223.00,42.00,45773.00
902,TLS_AES_256_GCM_SHA384,RSA-3072-OAEP,326853.00,1.00,223.00,40.00,45634.00
903,TLS_AES_256_GCM_SHA384,RSA-3072-OAEP,337657.00,0.00,240.00,42.00,45392.00
904,TLS_AES_256_GCM_SHA384,RSA-3072-OAEP,404701.00,0.00,219.00,40.00,45323.00
905,TLS_AES_256_GCM_SHA384,RSA-3072-OAEP,606722.00,0.00,231.00,40.00,44871.00
906,TLS_AES_256_GCM_SHA384,RSA-3072-OAEP,362109.00,0.00,238.00,40.00,45100.00
907,TLS_AES_256_GCM_SHA384,RSA-3072-OAEP,331821.00,0.00,211.00,39.00,45256.00
908,TLS_AES_256_GCM_SHA384,RSA-3072-OAEP,189758.00,0.00,214.00,64.00,45113.00
909,TLS_AES_256_GCM_SHA384,RSA-3072-OAEP,169962.00,0.00,234.00,45.00,91762.00
910,TLS_AES_256_GCM_SHA384,RSA-3072-OAEP,284947.00,0.00,224.00,41.00,45368.00
911,TLS_AES_256_GCM_SHA384,RSA-3072-OAEP,173994.00,0.00,237.00,72.00,45091.00
912,TLS_AES_256_GCM_SHA384,RSA-3072-OAEP,175605.00,0.00,248.00,41.00,45026.00
913,TLS_AES_256_GCM_SHA384,RSA-3072-OAEP,279028.00,1.00,233.00,38.00,44849.00
914,TLS_AES_256_GCM_SHA384,RSA-3072-OAEP,393719.00,0.00,222.00,40.00,45824.00
915,TLS_AES_256_GCM_SHA384,RSA-3072-OAEP,404964.00,0.00,235.00,40.00,45134.00
916,TLS_AES_256_GCM_SHA384,RSA-3072-OAEP,263453.00,0.00,221.00,41.00,45775.00
917,TLS_AES_256_GCM_SHA384,RSA-3072-OAEP,136121.00,1.00,247.00,43.00,46013.00
918,TLS_AES_256_GCM_SHA384,RSA-3072-OAEP,313803.00,0.00,222.00,38.00,45331.00
919,TLS_AES_256_GCM_SHA384,RSA-3072-OAEP,293863.00,0.00,217.00,40.00,45484.00
920,TLS_AES_256_GCM_SHA384,RSA-3072-OAEP,402832.00,0.00,349.00,43.00,45116.00
921,TLS_AES_256_GCM_SHA384,RSA-3072-OAEP,261928.00,0.00,221.00,40.00,45509.00
922,TLS_AES_256_GCM_SHA384,RSA-3072-OAEP,545646.00,0.00,220.00,39.00,44948.00
923,TLS_AES_256_GCM_SHA384,RSA-3072-OAEP,244067.00,0.00,220.00,40.00,45549.00
924,TLS_AES_256_GCM_SHA384,RSA-3072-OAEP,511593.00,0.00,220.00,40.00,45848.00
925,TLS_AES_256_GCM_SHA384,RSA-3072-OAEP,230902.00,0.00,243.00,42.00,45099.00
926,TLS_AES_256_GCM_SHA384,RSA-3072-OAEP,415017.00,0.00,227.00,50.00,44879.00
927,TLS_AES_256_GCM_SHA384,RSA-3072-OAEP,539755.00,0.00,227.00,40.00,45298.00
928,TLS_AES_256_GCM_SHA384,RSA-3072-OAEP,356614.00,0.00,219.00,44.00,44835.00
929,TLS_AES_256_GCM_SHA384,RSA-3072-OAEP,324068.00,0.00,221.00,39.00,45108.00
930,TLS_AES_256_GCM_SHA384,RSA-3072-OAEP,436843.00,0.00,244.00,42.00,45663.00
931,TLS_AES_256_GCM_SHA384,RSA-3072-OAEP,183628.00,0.00,216.00,39.00,45421.00
932,TLS_AES_256_GCM_SHA384,RSA-3072-OAEP,438172.00,0.00,218.00,40.00,45196.00
933,TLS_AES_256_GCM_SHA384,RSA-3072-OAEP,380463.00,0.00,223.00,40.00,44672.00
934,TLS_AES_256_GCM_SHA384,RSA-3072-OAEP,701157.00,0.00,237.00,43.00,44984.00
935,TLS_AES_256_GCM_SHA384,RSA-3072-OAEP,241624.00,0.00,233.00,42.00,45613.00
936,TLS_AES_256_GCM_SHA384,RSA-3072-OAEP,565922.00,0.00,227.00,39.00,45641.00
937,TLS_AES_256_GCM_SHA384,RSA-3072-OAEP,257907.00,1.00,213.00,39.00,44709.00
938,TLS_AES_256_GCM_SHA384,RSA-3072-OAEP,293951.00,0.00,218.00,41.00,45727.00
939,TLS_AES_256_GCM_SHA384,RSA-3072-OAEP,247629.00,0.00,220.00,40.00,45712.00
940,TLS_AES_256_GCM_SHA384,RSA-3072-OAEP,163956.00,0.00,224.00,40.00,45369.00
941,TLS_AES_256_GCM_SHA384,RSA-3072-OAEP,155886.00,0.00,239.00,41.00,44826.00
942,TLS_AES_256_GCM_SHA384,RSA-3072-OAEP,504142.00,0.00,215.00,40.00,45123.00
943,TLS_AES_256_GCM_SHA384,RSA-3072-OAEP,235694.00,0.00,243.00,42.00,45071.00
944,TLS_AES_256_GCM_SHA384,RSA-3072-OAEP,176959.00,0.00,213.00,39.00,44929.00
945,TLS_AES_256_GCM_SHA384,RSA-3072-OAEP,201931.00,0.00,222.00,39.00,45436.00
946,TLS_AES_256_GCM_SHA384,RSA-3072-OAEP,149482.00,1.00,346.00,44.00,45739.00
947,TLS_AES_256_GCM_SHA384,RSA-3072-OAEP,453136.00,0.00,222.00,40.00,45493.00
948,TLS_AES_256_GCM_SHA384,RSA-3072-OAEP,204763.00,0.00,231.00,41.00,44968.00
949,TLS_AES_256_GCM_SHA384,RSA-3072-OAEP,151090.00,1.00,234.00,43.00,45252.00
950,TLS_AES_256_GCM_SHA384,RSA-3072-OAEP,476758.00,0.00,220.00,40.00,45873.00
951,TLS_AES_256_GCM_SHA384,RSA-3072-OAEP,660771.00,0.00,238.00,41.00,45694.00
952,TLS_AES_256_GCM_SHA384,RSA-3072-OAEP,290905.00,0.00,222.00,39.00,45112.00
953,TLS_AES_256_GCM_SHA384,RSA-3072-OAEP,166557.00,0.00,264.00,43.00,45158.00
954,TLS_AES_256_GCM_SHA384,RSA-3072-OAEP,185100.00,0.00,214.00,39.00,45425.00
955,TLS_AES_256_GCM_SHA384,RSA-3072-OAEP,306852.00,0.00,224.00,40.00,44822.00
956,TLS_AES_256_GCM_SHA384,RSA-3072-OAEP,153921.00,0.00,225.00,40.00,45740.00
957,TLS_AES_256_GCM_SHA384,RSA-3072-OAEP,557793.00,0.00,219.00,41.00,45288.00
958,TLS_AES_256_GCM_SHA384,RSA-3072-OAEP,208625.00,0.00,219.00,40.00,45643.00
959,TLS_AES_256_GCM_SHA384,RSA-3072-OAEP,142087.00,0.00,229.00,43.00,45340.00
960,TLS_AES_256_GCM_SHA384,RSA-3072-OAEP,597713.00,0.00,241.00,61.00,46892.00
961,TLS_AES_256_GCM_SHA384,RSA-3072-OAEP,606999.00,0.00,241.00,44.00,45022.00
962,TLS_AES_256_GCM_SHA384,RSA-3072-OAEP,206392.00,1.00,236.00,42.00,45044.00
963,TLS_AES_256_GCM_SHA384,RSA-3072-OAEP,631094.00,0.00,361.00,87.00,45756.00
964,TLS_AES_256_GCM_SHA384,RSA-3072-OAEP,167965.00,1.00,225.00,62.00,45742.00
965,TLS_AES_256_GCM_SHA384,RSA-3072-OAEP,294205.00,0.00,246.00,43.00,44669.00
966,TLS_AES_256_GCM_SHA384,RSA-3072-OAEP,401696.00,0.00,345.00,54.00,46311.00
967,TLS_AES_256_GCM_SHA384,RSA-3072-OAEP,287657.00,0.00,235.00,42.00,45916.00
968,TLS_AES_256_GCM_SHA384,RSA-3072-OAEP,743114.00,0.00,246.00,44.00,45414.00
969,TLS_AES_256_GCM_SHA384,RSA-3072-OAEP,242599.00,0.00,257.00,43.00,46644.00
970,TLS_AES_256_GCM_SHA384,RSA-3072-OAEP,203106.00,0.00,395.00,354.00,52099.00
971,TLS_AES_256_GCM_SHA384,RSA-3072-OAEP,325950.00,0.00,439.00,42.00,45903.00
972,TLS_AES_256_GCM_SHA384,RSA-3072-OAEP,464592.00,0.00,392.00,61.00,46216.00
973,TLS_AES_256_GCM_SHA384,RSA-3072-OAEP,260971.00,0.00,355.00,56.00,45096.00
974,TLS_AES_256_GCM_SHA384,RSA-3072-OAEP,320851.00,0.00,236.00,43.00,44758.00
975,TLS_AES_256_GCM_SHA384,RSA-3072-OAEP,490629.00,0.00,230.00,41.00,45329.00
976,TLS_AES_256_GCM_SHA384,RSA-3072-OAEP,274695.00,0.00,238.00,41.00,44804.00
977,TLS_AES_256_GCM_SHA384,RSA-3072-OAEP,198962.00,0.00,311.00,41.00,45112.00
978,TLS_AES_256_GCM_SHA384,RSA-3072-OAEP,293196.00,0.00,337.00,53.00,51319.00
979,TLS_AES_256_GCM_SHA384,RSA-3072-OAEP,388921.00,1.00,246.00,63.00,44188.00
980,TLS_AES_256_GCM_SHA384,RSA-3072-OAEP,342745.00,0.00,215.00,68.00,44335.00
981,TLS_AES_256_GCM_SHA384,RSA-3072-OAEP,292148.00,0.00,221.00,59.00,44727.00
982,TLS_AES_256_GCM_SHA384,RSA-3072-OAEP,315675.00,0.00,224.00,71.00,44425.00
983,TLS_AES_256_GCM_SHA384,RSA-3072-OAEP,353031.00,0.00,212.00,59.00,44747.00
984,TLS_AES_256_GCM_SHA384,RSA-3072-OAEP,391927.00,0.00,223.00,65.00,45289.00
985,TLS_AES_256_GCM_SHA384,RSA-3072-OAEP,513928.00,0.00,235.00,64.00,44311.00
986,TLS_AES_256_GCM_SHA384,RSA-3072-OAEP,172912.00,0.00,224.00,66.00,44597.00
987,TLS_AES_256_GCM_SHA384,RSA-3072-OAEP,565866.00,0.00,244.00,65.00,44174.00
988,TLS_AES_256_GCM_SHA384,RSA-3072-OAEP,585296.00,0.00,233.00,42.00,45658.00
989,TLS_AES_256_GCM_SHA384,RSA-3072-OAEP,564529.00,0.00,221.00,40.00,45751.00
990,TLS_AES_256_GCM_SHA384,RSA-3072-OAEP,142582.00,0.00,222.00,40.00,45873.00
991,TLS_AES_256_GCM_SHA384,RSA-3072-OAEP,767822.00,0.00,221.00,60.00,44442.00
992,TLS_AES_256_GCM_SHA384,RSA-3072-OAEP,289994.00,0.00,225.00,41.00,45244.00
993,TLS_AES_256_GCM_SHA384,RSA-3072-OAEP,243784.00,0.00,216.00,41.00,44943.00
994,TLS_AES_256_GCM_SHA384,RSA-3072-OAEP,239893.00,0.00,224.00,41.00,44776.00
995,TLS_AES_256_GCM_SHA384,RSA-3072-OAEP,502232.00,0.00,250.00,39.00,44680.00
996,TLS_AES_256_GCM_SHA384,RSA-3072-OAEP,388772.00,0.00,218.00,59.00,45132.00
997,TLS_AES_256_GCM_SHA384,RSA-3072-OAEP,185699.00,0.00,221.00,42.00,45625.00
998,TLS_AES_256_GCM_SHA384,RSA-3072-OAEP,554064.00,0.00,237.00,42.00,45264.00
999,TLS_AES_256_GCM_SHA384,RSA-3072-OAEP,375967.00,0.00,221.00,40.00,44886.00
1000,TLS_AES_256_GCM_SHA384,RSA-3072-OAEP,246615.00,0.00,213.00,39.00,45444.00
