conn,suite,group,handshake_us,server_keygen_us,server_derive_us,server_sign_us
1,TLS_AES_256_GCM_SHA384,ML-KEM-512,129263.523,166.845,178.370,955.424
2,TLS_AES_256_GCM_SHA384,ML-KEM-512,125417.593,116.981,241.127,532.359
3,TLS_AES_256_GCM_SHA384,ML-KEM-512,127209.516,158.020,240.162,591.510
4,TLS_AES_256_GCM_SHA384,ML-KEM-512,124800.829,135.328,208.082,415.640
5,TLS_AES_256_GCM_SHA384,ML-KEM-512,125693.732,83.657,159.184,718.255
6,TLS_AES_256_GCM_SHA384,ML-KEM-512,127139.081,135.069,239.545,533.544
7,TLS_AES_256_GCM_SHA384,ML-KEM-512,126930.326,185.069,239.505,836.675
8,TLS_AES_256_GCM_SHA384,ML-KEM-512,126178.231,130.004,148.594,488.244
9,TLS_AES_256_GCM_SHA384,ML-KEM-512,125662.038,140.130,144.876,919.598
10,TLS_AES_256_GCM_SHA384,ML-KEM-512,126578.829,124.231,241.034,786.311
11,TLS_AES_256_GCM_SHA384,ML-KEM-512,126885.176,185.038,239.726,419.811
12,TLS_AES_256_GCM_SHA384,ML-KEM-512,125997.380,141.831,135.260,330.820
13,TLS_AES_256_GCM_SHA384,ML-KEM-512,125654.269,129.386,133.874,753.313
14,TLS_AES_256_GCM_SHA384,ML-KEM-512,126317.185,136.066,140.937,574.794
15,TLS_AES_256_GCM_SHA384,ML-KEM-512,125046.387,137.281,145.171,537.274
16,TLS_AES_256_GCM_SHA384,ML-KEM-512,126167.198,115.936,141.336,741.539
17,TLS_AES_256_GCM_SHA384,ML-KEM-512,125786.071,142.864,142.280,688.206
18,TLS_AES_256_GCM_SHA384,ML-KEM-512,125315.367,111.013,239.288,519.833
19,TLS_AES_256_GCM_SHA384,ML-KEM-512,125047.504,119.055,143.621,763.957
20,TLS_AES_256_GCM_SHA384,ML-KEM-512,123781.575,100.072,132.899,523.441
21,TLS_AES_256_GCM_SHA384,ML-KEM-512,124977.193,137.168,143.890,742.612
22,TLS_AES_256_GCM_SHA384,ML-KEM-512,126021.609,127.486,155.078,429.925
23,TLS_AES_256_GCM_SHA384,ML-KEM-512,128017.072,142.412,240.801,535.425
24,TLS_AES_256_GCM_SHA384,ML-KEM-512,124213.327,104.223,143.663,469.872
25,TLS_AES_256_GCM_SHA384,ML-KEM-512,125703.042,136.805,98.424,252.742
26,TLS_AES_256_GCM_SHA384,ML-KEM-512,125281.423,107.549,144.282,492.163
27,TLS_AES_256_GCM_SHA384,ML-KEM-512,126312.764,140.860,155.750,734.552
28,TLS_AES_256_GCM_SHA384,ML-KEM-512,125001.535,123.185,136.197,382.940
29,TLS_AES_256_GCM_SHA384,ML-KEM-512,126911.775,151.673,143.434,813.316
30,TLS_AES_256_GCM_SHA384,ML-KEM-512,126062.283,125.093,144.587,1159.506
31,TLS_AES_256_GCM_SHA384,ML-KEM-512,126264.431,135.474,140.541,365.723
32,TLS_AES_256_GCM_SHA384,ML-KEM-512,126102.771,133.334,143.180,442.234
33,TLS_AES_256_GCM_SHA384,ML-KEM-512,125063.986,125.154,118.532,526.224
34,TLS_AES_256_GCM_SHA384,ML-KEM-512,124844.829,417.092,175.509,520.465
35,TLS_AES_256_GCM_SHA384,ML-KEM-512,126053.657,133.893,143.806,379.447
36,TLS_AES_256_GCM_SHA384,ML-KEM-512,125997.968,140.744,143.945,743.670
37,TLS_AES_256_GCM_SHA384,ML-KEM-512,127172.848,217.205,241.834,1354.823
38,TLS_AES_256_GCM_SHA384,ML-KEM-512,125607.987,358.223,239.140,466.293
39,TLS_AES_256_GCM_SHA384,ML-KEM-512,125073.489,94.108,175.097,1043.579
40,TLS_AES_256_GCM_SHA384,ML-KEM-512,126594.828,168.170,240.671,448.758
41,TLS_AES_256_GCM_SHA384,ML-KEM-512,125654.467,170.691,242.253,498.625
42,TLS_AES_256_GCM_SHA384,ML-KEM-512,124833.968,175.937,62.394,162.520
43,TLS_AES_256_GCM_SHA384,ML-KEM-512,125082.038,139.853,141.632,570.216
44,TLS_AES_256_GCM_SHA384,ML-KEM-512,124258.848,123.675,165.301,665.124
45,TLS_AES_256_GCM_SHA384,ML-KEM-512,125381.046,113.150,204.870,523.252
46,TLS_AES_256_GCM_SHA384,ML-KEM-512,124813.624,151.945,172.649,1054.678
47,TLS_AES_256_GCM_SHA384,ML-KEM-512,125882.824,123.672,155.395,445.665
48,TLS_AES_256_GCM_SHA384,ML-KEM-512,126089.910,181.279,238.923,730.285
49,TLS_AES_256_GCM_SHA384,ML-KEM-512,126182.866,154.932,240.518,849.895
50,TLS_AES_256_GCM_SHA384,ML-KEM-512,124347.523,165.564,146.346,1330.617
51,TLS_AES_256_GCM_SHA384,ML-KEM-512,125356.701,134.231,241.640,616.423
52,TLS_AES_256_GCM_SHA384,ML-KEM-512,126099.533,139.764,144.728,469.393
53,TLS_AES_256_GCM_SHA384,ML-KEM-512,125211.658,136.285,117.995,451.503
54,TLS_AES_256_GCM_SHA384,ML-KEM-512,125048.259,122.619,143.026,957.180
55,TLS_AES_256_GCM_SHA384,ML-KEM-512,125365.614,137.303,141.888,372.392
56,TLS_AES_256_GCM_SHA384,ML-KEM-512,126181.877,151.111,157.592,620.926
57,TLS_AES_256_GCM_SHA384,ML-KEM-512,126973.728,125.659,242.103,622.481
58,TLS_AES_256_GCM_SHA384,ML-KEM-512,125337.598,104.364,154.093,487.809
59,TLS_AES_256_GCM_SHA384,ML-KEM-512,126237.250,136.843,143.430,908.188
60,TLS_AES_256_GCM_SHA384,ML-KEM-512,125084.353,121.939,144.294,404.190
61,TLS_AES_256_GCM_SHA384,ML-KEM-512,126038.500,125.767,135.086,605.839
62,TLS_AES_256_GCM_SHA384,ML-KEM-512,123924.315,125.439,137.787,717.258
63,TLS_AES_256_GCM_SHA384,ML-KEM-512,126131.873,143.342,239.791,722.494
64,TLS_AES_256_GCM_SHA384,ML-KEM-512,124187.197,104.598,151.123,572.510
65,TLS_AES_256_GCM_SHA384,ML-KEM-512,123595.918,126.836,126.432,379.481
66,TLS_AES_256_GCM_SHA384,ML-KEM-512,124086.775,70.938,135.456,685.990
67,TLS_AES_256_GCM_SHA384,ML-KEM-512,125693.637,153.223,142.124,917.115
68,TLS_AES_256_GCM_SHA384,ML-KEM-512,125088.285,139.668,122.937,1793.545
69,TLS_AES_256_GCM_SHA384,ML-KEM-512,126167.348,126.003,160.767,757.702
70,TLS_AES_256_GCM_SHA384,ML-KEM-512,125951.196,125.863,124.010,473.251
71,TLS_AES_256_GCM_SHA384,ML-KEM-512,125365.076,153.397,226.403,682.697
72,TLS_AES_256_GCM_SHA384,ML-KEM-512,125069.008,126.243,140.130,582.237
73,TLS_AES_256_GCM_SHA384,ML-KEM-512,125091.544,114.053,145.376,1100.872
74,TLS_AES_256_GCM_SHA384,ML-KEM-512,126053.572,141.522,217.020,355.044
75,TLS_AES_256_GCM_SHA384,ML-KEM-512,126077.868,137.612,128.456,380.799
76,TLS_AES_256_GCM_SHA384,ML-KEM-512,124412.234,112.775,154.974,1476.099
77,TLS_AES_256_GCM_SHA384,ML-KEM-512,125043.732,107.794,240.616,585.297
78,TLS_AES_256_GCM_SHA384,ML-KEM-512,125175.455,108.825,132.709,479.852
79,TLS_AES_256_GCM_SHA384,ML-KEM-512,126133.392,134.590,138.214,423.766
80,TLS_AES_256_GCM_SHA384,ML-KEM-512,125861.367,172.854,240.151,593.958
81,TLS_AES_256_GCM_SHA384,ML-KEM-512,125510.206,132.121,142.990,1458.533
82,TLS_AES_256_GCM_SHA384,ML-KEM-512,125717.625,201.521,242.572,1147.779
83,TLS_AES_256_GCM_SHA384,ML-KEM-512,127171.673,163.873,241.058,1079.518
84,TLS_AES_256_GCM_SHA384,ML-KEM-512,126029.274,136.878,242.599,838.571
85,TLS_AES_256_GCM_SHA384,ML-KEM-512,125181.888,136.971,154.977,392.143
86,TLS_AES_256_GCM_SHA384,ML-KEM-512,126040.977,149.935,163.684,707.461
87,TLS_AES_256_GCM_SHA384,ML-KEM-512,125192.532,114.431,136.020,616.368
88,TLS_AES_256_GCM_SHA384,ML-KEM-512,125416.438,119.743,239.570,760.236
89,TLS_AES_256_GCM_SHA384,ML-KEM-512,125933.274,199.362,201.354,952.713
90,TLS_AES_256_GCM_SHA384,ML-KEM-512,126125.023,213.697,240.749,503.490
91,TLS_AES_256_GCM_SHA384,ML-KEM-512,125963.998,183.167,174.082,341.766
92,TLS_AES_256_GCM_SHA384,ML-KEM-512,125721.429,150.556,239.916,719.192
93,TLS_AES_256_GCM_SHA384,ML-KEM-512,126021.619,142.901,241.980,745.506
94,TLS_AES_256_GCM_SHA384,ML-KEM-512,126433.302,168.834,144.100,370.333
95,TLS_AES_256_GCM_SHA384,ML-KEM-512,126199.058,168.044,143.620,374.493
96,TLS_AES_256_GCM_SHA384,ML-KEM-512,125156.124,171.313,122.271,547.559
97,TLS_AES_256_GCM_SHA384,ML-KEM-512,126284.498,149.795,241.875,660.343
98,TLS_AES_256_GCM_SHA384,ML-KEM-512,123464.628,199.731,114.292,635.397
99,TLS_AES_256_GCM_SHA384,ML-KEM-512,124882.032,74.356,154.777,438.387
100,TLS_AES_256_GCM_SHA384,ML-KEM-512,125717.909,127.750,240.651,835.357
101,TLS_AES_256_GCM_SHA384,ML-KEM-512,126095.566,161.085,146.927,685.784
102,TLS_AES_256_GCM_SHA384,ML-KEM-512,125984.570,189.922,157.387,850.917
103,TLS_AES_256_GCM_SHA384,ML-KEM-512,125061.998,142.608,139.999,424.199
104,TLS_AES_256_GCM_SHA384,ML-KEM-512,124973.831,130.756,91.924,284.107
105,TLS_AES_256_GCM_SHA384,ML-KEM-512,125213.135,134.323,200.053,940.849
106,TLS_AES_256_GCM_SHA384,ML-KEM-512,127434.137,160.866,248.252,1472.925
107,TLS_AES_256_GCM_SHA384,ML-KEM-512,125490.145,177.071,143.424,706.886
108,TLS_AES_256_GCM_SHA384,ML-KEM-512,126144.575,169.706,144.138,460.801
109,TLS_AES_256_GCM_SHA384,ML-KEM-512,126141.137,159.491,142.720,325.517
110,TLS_AES_256_GCM_SHA384,ML-KEM-512,125418.641,169.916,145.153,1744.505
111,TLS_AES_256_GCM_SHA384,ML-KEM-512,126161.668,167.450,142.656,375.573
112,TLS_AES_256_GCM_SHA384,ML-KEM-512,125758.492,136.133,158.272,469.046
113,TLS_AES_256_GCM_SHA384,ML-KEM-512,125568.724,103.315,174.495,698.797
114,TLS_AES_256_GCM_SHA384,ML-KEM-512,125607.455,220.026,247.051,625.540
115,TLS_AES_256_GCM_SHA384,ML-KEM-512,125833.225,323.549,240.897,400.971
116,TLS_AES_256_GCM_SHA384,ML-KEM-512,124151.075,119.662,103.461,319.461
117,TLS_AES_256_GCM_SHA384,ML-KEM-512,125642.913,155.307,239.077,476.849
118,TLS_AES_256_GCM_SHA384,ML-KEM-512,126666.191,189.579,244.954,860.119
119,TLS_AES_256_GCM_SHA384,ML-KEM-512,124372.249,140.516,149.888,581.187
120,TLS_AES_256_GCM_SHA384,ML-KEM-512,125825.599,134.948,239.108,542.122
121,TLS_AES_256_GCM_SHA384,ML-KEM-512,124075.522,151.716,137.802,706.447
122,TLS_AES_256_GCM_SHA384,ML-KEM-512,125668.255,141.966,212.812,1415.304
123,TLS_AES_256_GCM_SHA384,ML-KEM-512,125512.424,206.206,241.503,787.917
124,TLS_AES_256_GCM_SHA384,ML-KEM-512,125407.709,131.986,240.827,936.387
125,TLS_AES_256_GCM_SHA384,ML-KEM-512,125178.652,167.448,144.531,488.220
126,TLS_AES_256_GCM_SHA384,ML-KEM-512,126100.608,158.427,157.540,635.145
127,TLS_AES_256_GCM_SHA384,ML-KEM-512,125244.457,157.146,140.402,530.687
128,TLS_AES_256_GCM_SHA384,ML-KEM-512,126065.371,167.411,136.327,390.905
129,TLS_AES_256_GCM_SHA384,ML-KEM-512,125259.729,138.487,141.608,508.482
130,TLS_AES_256_GCM_SHA384,ML-KEM-512,125158.896,117.751,174.775,1259.534
131,TLS_AES_256_GCM_SHA384,ML-KEM-512,125708.672,167.061,240.197,504.531
132,TLS_AES_256_GCM_SHA384,ML-KEM-512,127064.783,126.142,238.672,603.014
133,TLS_AES_256_GCM_SHA384,ML-KEM-512,128029.385,138.145,241.121,1151.791
134,TLS_AES_256_GCM_SHA384,ML-KEM-512,126030.690,137.709,144.288,521.579
135,TLS_AES_256_GCM_SHA384,ML-KEM-512,125194.139,135.130,125.990,400.957
136,TLS_AES_256_GCM_SHA384,ML-KEM-512,126009.089,140.769,153.559,847.141
137,TLS_AES_256_GCM_SHA384,ML-KEM-512,124556.437,95.308,136.938,829.115
138,TLS_AES_256_GCM_SHA384,ML-KEM-512,125887.122,217.338,238.929,803.691
139,TLS_AES_256_GCM_SHA384,ML-KEM-512,126938.565,194.151,239.888,635.403
140,TLS_AES_256_GCM_SHA384,ML-KEM-512,127020.717,158.387,240.293,1780.038
141,TLS_AES_256_GCM_SHA384,ML-KEM-512,125817.509,293.192,240.560,1107.040
142,TLS_AES_256_GCM_SHA384,ML-KEM-512,125780.230,259.109,240.556,1003.583
143,TLS_AES_256_GCM_SHA384,ML-KEM-512,126392.374,148.293,239.571,1348.733
144,TLS_AES_256_GCM_SHA384,ML-KEM-512,125135.832,196.808,174.557,565.106
145,TLS_AES_256_GCM_SHA384,ML-KEM-512,124397.545,104.242,142.213,404.799
146,TLS_AES_256_GCM_SHA384,ML-KEM-512,126033.939,142.234,141.684,415.020
147,TLS_AES_256_GCM_SHA384,ML-KEM-512,126082.027,130.538,144.427,622.476
148,TLS_AES_256_GCM_SHA384,ML-KEM-512,126028.767,129.347,156.510,400.639
149,TLS_AES_256_GCM_SHA384,ML-KEM-512,125305.833,110.188,156.580,1178.938
150,TLS_AES_256_GCM_SHA384,ML-KEM-512,125327.329,132.369,199.910,373.168
151,TLS_AES_256_GCM_SHA384,ML-KEM-512,124232.692,111.169,189.540,370.530
152,TLS_AES_256_GCM_SHA384,ML-KEM-512,124854.418,135.533,137.496,535.479
153,TLS_AES_256_GCM_SHA384,ML-KEM-512,124431.098,132.703,178.855,977.665
154,TLS_AES_256_GCM_SHA384,ML-KEM-512,125719.051,187.846,240.260,456.921
155,TLS_AES_256_GCM_SHA384,ML-KEM-512,126200.530,141.160,143.499,1258.303
156,TLS_AES_256_GCM_SHA384,ML-KEM-512,125790.891,199.604,241.140,1114.710
157,TLS_AES_256_GCM_SHA384,ML-KEM-512,125056.019,220.189,142.817,516.972
158,TLS_AES_256_GCM_SHA384,ML-KEM-512,127237.908,130.885,241.453,497.141
159,TLS_AES_256_GCM_SHA384,ML-KEM-512,126078.514,150.493,158.918,975.479
160,TLS_AES_256_GCM_SHA384,ML-KEM-512,126124.144,113.600,239.460,569.193
161,TLS_AES_256_GCM_SHA384,ML-KEM-512,125948.474,358.964,242.383,770.091
162,TLS_AES_256_GCM_SHA384,ML-KEM-512,125655.857,240.140,241.347,1026.767
163,TLS_AES_256_GCM_SHA384,ML-KEM-512,126031.208,158.956,243.243,597.888
164,TLS_AES_256_GCM_SHA384,ML-KEM-512,125633.288,153.419,238.724,567.954
165,TLS_AES_256_GCM_SHA384,ML-KEM-512,126765.535,158.789,240.917,875.197
166,TLS_AES_256_GCM_SHA384,ML-KEM-512,123503.841,125.916,143.672,720.758
167,TLS_AES_256_GCM_SHA384,ML-KEM-512,124498.964,117.317,146.566,714.940
168,TLS_AES_256_GCM_SHA384,ML-KEM-512,123641.525,145.912,151.053,616.026
169,TLS_AES_256_GCM_SHA384,ML-KEM-512,126506.558,126.249,140.352,463.650
170,TLS_AES_256_GCM_SHA384,ML-KEM-512,126351.273,138.949,142.669,408.655
171,TLS_AES_256_GCM_SHA384,ML-KEM-512,126015.368,127.747,176.155,1112.527
172,TLS_AES_256_GCM_SHA384,ML-KEM-512,126999.859,161.169,240.761,565.533
173,TLS_AES_256_GCM_SHA384,ML-KEM-512,125362.211,132.945,143.773,476.452
174,TLS_AES_256_GCM_SHA384,ML-KEM-512,126048.163,122.823,142.550,520.046
175,TLS_AES_256_GCM_SHA384,ML-KEM-512,124485.613,247.786,110.172,685.755
176,TLS_AES_256_GCM_SHA384,ML-KEM-512,122738.390,70.076,50.030,155.296
177,TLS_AES_256_GCM_SHA384,ML-KEM-512,126723.602,78.664,239.305,547.761
178,TLS_AES_256_GCM_SHA384,ML-KEM-512,124432.881,112.893,152.312,814.045
179,TLS_AES_256_GCM_SHA384,ML-KEM-512,125959.380,136.374,143.698,536.861
180,TLS_AES_256_GCM_SHA384,ML-KEM-512,126234.334,136.219,140.852,351.114
181,TLS_AES_256_GCM_SHA384,ML-KEM-512,124928.265,114.715,135.203,375.712
182,TLS_AES_256_GCM_SHA384,ML-KEM-512,126155.769,134.193,139.431,385.075
183,TLS_AES_256_GCM_SHA384,ML-KEM-512,125018.017,115.789,115.518,488.148
184,TLS_AES_256_GCM_SHA384,ML-KEM-512,125350.739,130.571,198.689,396.224
185,TLS_AES_256_GCM_SHA384,ML-KEM-512,125338.553,135.124,128.373,573.576
186,TLS_AES_256_GCM_SHA384,ML-KEM-512,126841.642,162.918,156.834,469.011
187,TLS_AES_256_GCM_SHA384,ML-KEM-512,125319.518,135.892,139.578,1053.424
188,TLS_AES_256_GCM_SHA384,ML-KEM-512,126116.768,157.162,240.404,543.086
189,TLS_AES_256_GCM_SHA384,ML-KEM-512,127236.184,160.048,241.243,1569.731
190,TLS_AES_256_GCM_SHA384,ML-KEM-512,126856.075,208.411,242.406,1011.601
191,TLS_AES_256_GCM_SHA384,ML-KEM-512,125653.742,197.611,241.855,571.348
192,TLS_AES_256_GCM_SHA384,ML-KEM-512,126440.603,138.770,152.487,1404.161
193,TLS_AES_256_GCM_SHA384,ML-KEM-512,127178.786,214.603,240.286,589.050
194,TLS_AES_256_GCM_SHA384,ML-KEM-512,126132.686,131.395,155.058,831.769
195,TLS_AES_256_GCM_SHA384,ML-KEM-512,125214.792,102.095,153.331,419.421
196,TLS_AES_256_GCM_SHA384,ML-KEM-512,127165.489,136.807,242.241,495.456
197,TLS_AES_256_GCM_SHA384,ML-KEM-512,127526.515,169.740,141.625,1438.210
198,TLS_AES_256_GCM_SHA384,ML-KEM-512,125011.631,129.470,142.157,422.023
199,TLS_AES_256_GCM_SHA384,ML-KEM-512,126024.648,137.960,153.797,411.328
200,TLS_AES_256_GCM_SHA384,ML-KEM-512,124749.352,140.220,80.931,469.994
201,TLS_AES_256_GCM_SHA384,ML-KEM-512,123766.659,124.199,134.489,835.517
202,TLS_AES_256_GCM_SHA384,ML-KEM-512,123921.240,104.101,78.886,193.649
203,TLS_AES_256_GCM_SHA384,ML-KEM-512,125501.185,117.805,146.090,368.748
204,TLS_AES_256_GCM_SHA384,ML-KEM-512,124570.729,126.114,114.103,986.246
205,TLS_AES_256_GCM_SHA384,ML-KEM-512,125728.485,77.513,130.701,317.754
206,TLS_AES_256_GCM_SHA384,ML-KEM-512,124145.262,126.110,135.600,556.755
207,TLS_AES_256_GCM_SHA384,ML-KEM-512,124962.524,129.274,139.258,333.740
208,TLS_AES_256_GCM_SHA384,ML-KEM-512,123023.344,132.685,140.481,568.838
209,TLS_AES_256_GCM_SHA384,ML-KEM-512,123771.510,120.464,137.098,369.045
210,TLS_AES_256_GCM_SHA384,ML-KEM-512,124305.543,113.387,103.957,376.253
211,TLS_AES_256_GCM_SHA384,ML-KEM-512,125319.310,106.975,113.864,867.438
212,TLS_AES_256_GCM_SHA384,ML-KEM-512,124292.782,124.757,133.072,891.909
213,TLS_AES_256_GCM_SHA384,ML-KEM-512,123494.476,123.502,131.503,271.814
214,TLS_AES_256_GCM_SHA384,ML-KEM-512,124679.255,146.116,104.139,479.442
215,TLS_AES_256_GCM_SHA384,ML-KEM-512,123677.022,87.015,101.958,937.501
216,TLS_AES_256_GCM_SHA384,ML-KEM-512,124200.703,117.612,147.427,1103.445
217,TLS_AES_256_GCM_SHA384,ML-KEM-512,123589.740,108.459,64.256,180.183
218,TLS_AES_256_GCM_SHA384,ML-KEM-512,125737.038,146.864,157.210,484.645
219,TLS_AES_256_GCM_SHA384,ML-KEM-512,122691.221,139.873,98.751,419.697
220,TLS_AES_256_GCM_SHA384,ML-KEM-512,123716.985,93.008,111.823,454.299
221,TLS_AES_256_GCM_SHA384,ML-KEM-512,123651.328,83.025,112.751,489.364
222,TLS_AES_256_GCM_SHA384,ML-KEM-512,125425.413,120.586,108.774,574.922
223,TLS_AES_256_GCM_SHA384,ML-KEM-512,122620.761,79.388,87.999,474.587
224,TLS_AES_256_GCM_SHA384,ML-KEM-512,123796.097,64.943,102.438,425.896
225,TLS_AES_256_GCM_SHA384,ML-KEM-512,122787.781,74.667,115.683,304.476
226,TLS_AES_256_GCM_SHA384,ML-KEM-512,123630.096,116.589,157.214,422.144
227,TLS_AES_256_GCM_SHA384,ML-KEM-512,124323.755,120.959,247.496,115.402
228,TLS_AES_256_GCM_SHA384,ML-KEM-512,124634.568,83.471,146.046,658.850
229,TLS_AES_256_GCM_SHA384,ML-KEM-512,122724.493,86.321,148.131,678.442
230,TLS_AES_256_GCM_SHA384,ML-KEM-512,122840.908,75.427,137.157,820.799
231,TLS_AES_256_GCM_SHA384,ML-KEM-512,123523.745,170.620,114.900,357.187
232,TLS_AES_256_GCM_SHA384,ML-KEM-512,124260.955,106.022,146.232,371.250
233,TLS_AES_256_GCM_SHA384,ML-KEM-512,126443.707,147.942,97.569,827.575
234,TLS_AES_256_GCM_SHA384,ML-KEM-512,123313.276,133.293,90.829,350.589
235,TLS_AES_256_GCM_SHA384,ML-KEM-512,122942.610,75.747,68.633,455.953
236,TLS_AES_256_GCM_SHA384,ML-KEM-512,125095.146,134.370,110.482,733.000
237,TLS_AES_256_GCM_SHA384,ML-KEM-512,123476.185,139.395,140.957,680.364
238,TLS_AES_256_GCM_SHA384,ML-KEM-512,124072.363,68.993,82.695,258.289
239,TLS_AES_256_GCM_SHA384,ML-KEM-512,124998.192,93.754,198.918,511.017
240,TLS_AES_256_GCM_SHA384,ML-KEM-512,124728.807,78.949,85.554,203.324
241,TLS_AES_256_GCM_SHA384,ML-KEM-512,124584.204,78.987,157.196,1761.919
242,TLS_AES_256_GCM_SHA384,ML-KEM-512,122997.713,135.489,143.403,945.434
243,TLS_AES_256_GCM_SHA384,ML-KEM-512,122638.025,133.370,53.025,150.134
244,TLS_AES_256_GCM_SHA384,ML-KEM-512,122728.738,60.802,68.457,295.174
245,TLS_AES_256_GCM_SHA384,ML-KEM-512,122525.047,60.627,68.822,405.922
246,TLS_AES_256_GCM_SHA384,ML-KEM-512,122712.385,66.718,56.452,197.218
247,TLS_AES_256_GCM_SHA384,ML-KEM-512,122724.873,70.916,56.122,339.203
248,TLS_AES_256_GCM_SHA384,ML-KEM-512,122564.551,59.440,52.292,263.698
249,TLS_AES_256_GCM_SHA384,ML-KEM-512,122748.951,72.311,154.469,348.585
250,TLS_AES_256_GCM_SHA384,ML-KEM-512,122756.071,64.730,61.545,129.770
251,TLS_AES_256_GCM_SHA384,ML-KEM-512,123557.103,64.033,81.521,357.663
252,TLS_AES_256_GCM_SHA384,ML-KEM-512,122679.540,81.539,90.246,607.715
253,TLS_AES_256_GCM_SHA384,ML-KEM-512,122668.019,74.450,80.762,247.240
254,TLS_AES_256_GCM_SHA384,ML-KEM-512,124681.015,67.586,68.742,172.096
255,TLS_AES_256_GCM_SHA384,ML-KEM-512,122453.872,71.359,83.559,270.353
256,TLS_AES_256_GCM_SHA384,ML-KEM-512,122546.415,78.983,70.146,407.775
257,TLS_AES_256_GCM_SHA384,ML-KEM-512,122801.312,71.554,160.797,205.776
258,TLS_AES_256_GCM_SHA384,ML-KEM-512,122543.658,71.237,72.892,353.379
259,TLS_AES_256_GCM_SHA384,ML-KEM-512,123874.108,62.987,70.402,1037.882
260,TLS_AES_256_GCM_SHA384,ML-KEM-512,125378.447,137.769,96.025,231.598
261,TLS_AES_256_GCM_SHA384,ML-KEM-512,123572.493,92.607,93.344,389.626
262,TLS_AES_256_GCM_SHA384,ML-KEM-512,122562.575,76.110,165.475,1179.810
263,TLS_AES_256_GCM_SHA384,ML-KEM-512,124577.192,86.082,82.910,791.627
264,TLS_AES_256_GCM_SHA384,ML-KEM-512,124701.537,64.064,131.020,218.878
265,TLS_AES_256_GCM_SHA384,ML-KEM-512,122639.265,66.787,70.248,324.253
266,TLS_AES_256_GCM_SHA384,ML-KEM-512,122651.746,64.874,74.680,586.194
267,TLS_AES_256_GCM_SHA384,ML-KEM-512,122700.164,132.814,70.298,244.267
268,TLS_AES_256_GCM_SHA384,ML-KEM-512,124959.511,76.088,93.718,811.480
269,TLS_AES_256_GCM_SHA384,ML-KEM-512,125078.706,219.986,88.147,873.843
270,TLS_AES_256_GCM_SHA384,ML-KEM-512,124302.374,97.905,109.230,581.702
271,TLS_AES_256_GCM_SHA384,ML-KEM-512,123835.088,78.955,72.848,264.803
272,TLS_AES_256_GCM_SHA384,ML-KEM-512,125309.720,277.984,149.380,623.255
273,TLS_AES_256_GCM_SHA384,ML-KEM-512,126012.418,152.025,131.340,1166.624
274,TLS_AES_256_GCM_SHA384,ML-KEM-512,123079.248,115.008,175.917,668.024
275,TLS_AES_256_GCM_SHA384,ML-KEM-512,123749.462,83.622,83.145,326.216
276,TLS_AES_256_GCM_SHA384,ML-KEM-512,124112.455,61.438,118.808,170.588
277,TLS_AES_256_GCM_SHA384,ML-KEM-512,126770.139,156.173,75.893,180.863
278,TLS_AES_256_GCM_SHA384,ML-KEM-512,126451.874,119.015,118.507,379.151
279,TLS_AES_256_GCM_SHA384,ML-KEM-512,124903.851,94.996,142.756,523.821
280,TLS_AES_256_GCM_SHA384,ML-KEM-512,124994.917,122.114,119.273,610.586
281,TLS_AES_256_GCM_SHA384,ML-KEM-512,125298.456,124.217,138.616,492.321
282,TLS_AES_256_GCM_SHA384,ML-KEM-512,123993.295,126.421,92.923,777.523
283,TLS_AES_256_GCM_SHA384,ML-KEM-512,123398.981,95.111,128.520,353.139
284,TLS_AES_256_GCM_SHA384,ML-KEM-512,123216.160,107.441,115.497,484.785
285,TLS_AES_256_GCM_SHA384,ML-KEM-512,124578.777,78.722,53.377,161.973
286,TLS_AES_256_GCM_SHA384,ML-KEM-512,125746.637,135.484,154.824,387.986
287,TLS_AES_256_GCM_SHA384,ML-KEM-512,125434.848,91.688,117.689,619.371
288,TLS_AES_256_GCM_SHA384,ML-KEM-512,125364.402,146.675,141.128,566.968
289,TLS_AES_256_GCM_SHA384,ML-KEM-512,124617.370,116.641,117.279,313.836
290,TLS_AES_256_GCM_SHA384,ML-KEM-512,124974.412,126.112,115.867,342.662
291,TLS_AES_256_GCM_SHA384,ML-KEM-512,124372.941,104.536,126.826,842.175
292,TLS_AES_256_GCM_SHA384,ML-KEM-512,124999.015,146.393,178.898,819.424
293,TLS_AES_256_GCM_SHA384,ML-KEM-512,123930.450,78.617,135.274,766.202
294,TLS_AES_256_GCM_SHA384,ML-KEM-512,125409.078,125.864,268.165,690.816
295,TLS_AES_256_GCM_SHA384,ML-KEM-512,124292.254,199.485,133.753,399.634
296,TLS_AES_256_GCM_SHA384,ML-KEM-512,126685.178,119.501,242.201,726.392
297,TLS_AES_256_GCM_SHA384,ML-KEM-512,125665.965,250.083,181.811,842.714
298,TLS_AES_256_GCM_SHA384,ML-KEM-512,124364.205,211.875,138.003,538.521
299,TLS_AES_256_GCM_SHA384,ML-KEM-512,125004.682,118.472,111.901,434.047
300,TLS_AES_256_GCM_SHA384,ML-KEM-512,125305.466,148.664,155.014,2567.696
301,TLS_AES_256_GCM_SHA384,ML-KEM-512,124992.495,103.061,101.911,598.134
302,TLS_AES_256_GCM_SHA384,ML-KEM-512,124450.890,111.649,121.490,799.447
303,TLS_AES_256_GCM_SHA384,ML-KEM-512,122695.018,111.331,164.048,323.857
304,TLS_AES_256_GCM_SHA384,ML-KEM-512,123680.518,74.409,55.119,229.010
305,TLS_AES_256_GCM_SHA384,ML-KEM-512,123201.587,75.859,155.647,1004.826
306,TLS_AES_256_GCM_SHA384,ML-KEM-512,123179.623,122.721,93.030,446.812
307,TLS_AES_256_GCM_SHA384,ML-KEM-512,126515.700,72.710,93.753,348.634
308,TLS_AES_256_GCM_SHA384,ML-KEM-512,125613.120,74.944,86.140,367.804
309,TLS_AES_256_GCM_SHA384,ML-KEM-512,123651.493,78.224,79.287,368.757
310,TLS_AES_256_GCM_SHA384,ML-KEM-512,126607.344,90.887,130.796,538.462
311,TLS_AES_256_GCM_SHA384,ML-KEM-512,124547.311,68.506,115.541,544.467
312,TLS_AES_256_GCM_SHA384,ML-KEM-512,124587.455,66.572,162.814,656.993
313,TLS_AES_256_GCM_SHA384,ML-KEM-512,124787.889,106.523,84.306,405.653
314,TLS_AES_256_GCM_SHA384,ML-KEM-512,126317.964,132.120,204.490,942.302
315,TLS_AES_256_GCM_SHA384,ML-KEM-512,124271.769,113.063,103.343,291.238
316,TLS_AES_256_GCM_SHA384,ML-KEM-512,125807.280,124.300,117.028,776.913
317,TLS_AES_256_GCM_SHA384,ML-KEM-512,123429.614,110.608,89.410,983.734
318,TLS_AES_256_GCM_SHA384,ML-KEM-512,122738.523,73.225,65.499,284.982
319,TLS_AES_256_GCM_SHA384,ML-KEM-512,123110.290,121.150,106.801,471.416
320,TLS_AES_256_GCM_SHA384,ML-KEM-512,125289.338,97.636,102.592,539.494
321,TLS_AES_256_GCM_SHA384,ML-KEM-512,124728.772,82.936,84.721,395.039
322,TLS_AES_256_GCM_SHA384,ML-KEM-512,123665.616,90.240,137.239,715.356
323,TLS_AES_256_GCM_SHA384,ML-KEM-512,124554.151,76.590,110.268,596.686
324,TLS_AES_256_GCM_SHA384,ML-KEM-512,124573.006,87.407,90.194,224.251
325,TLS_AES_256_GCM_SHA384,ML-KEM-512,123596.108,85.149,139.974,1351.606
326,TLS_AES_256_GCM_SHA384,ML-KEM-512,124319.273,117.838,96.852,375.297
327,TLS_AES_256_GCM_SHA384,ML-KEM-512,123624.478,88.148,103.865,378.676
328,TLS_AES_256_GCM_SHA384,ML-KEM-512,124410.114,121.093,78.419,552.451
329,TLS_AES_256_GCM_SHA384,ML-KEM-512,124718.766,69.663,96.424,403.345
330,TLS_AES_256_GCM_SHA384,ML-KEM-512,124493.469,89.626,90.819,512.527
331,TLS_AES_256_GCM_SHA384,ML-KEM-512,123688.005,76.517,84.280,515.667
332,TLS_AES_256_GCM_SHA384,ML-KEM-512,124458.071,193.570,128.880,647.538
333,TLS_AES_256_GCM_SHA384,ML-KEM-512,124922.862,372.109,88.409,359.388
334,TLS_AES_256_GCM_SHA384,ML-KEM-512,123856.464,129.029,118.200,253.279
335,TLS_AES_256_GCM_SHA384,ML-KEM-512,123834.190,77.855,83.625,305.161
336,TLS_AES_256_GCM_SHA384,ML-KEM-512,124761.825,79.847,125.469,746.866
337,TLS_AES_256_GCM_SHA384,ML-KEM-512,123618.024,84.490,95.444,255.182
338,TLS_AES_256_GCM_SHA384,ML-KEM-512,124569.123,94.195,129.683,1228.083
339,TLS_AES_256_GCM_SHA384,ML-KEM-512,124758.838,96.770,79.519,276.655
340,TLS_AES_256_GCM_SHA384,ML-KEM-512,123506.247,114.252,88.290,417.601
341,TLS_AES_256_GCM_SHA384,ML-KEM-512,123549.618,154.408,86.563,400.559
342,TLS_AES_256_GCM_SHA384,ML-KEM-512,124741.790,158.217,84.536,210.907
343,TLS_AES_256_GCM_SHA384,ML-KEM-512,122696.752,73.989,85.340,214.044
344,TLS_AES_256_GCM_SHA384,ML-KEM-512,123061.141,127.173,103.454,395.398
345,TLS_AES_256_GCM_SHA384,ML-KEM-512,125655.719,79.010,93.700,380.477
346,TLS_AES_256_GCM_SHA384,ML-KEM-512,124803.030,91.227,135.740,493.098
347,TLS_AES_256_GCM_SHA384,ML-KEM-512,124537.663,119.982,128.255,439.394
348,TLS_AES_256_GCM_SHA384,ML-KEM-512,124388.597,127.195,122.431,1004.012
349,TLS_AES_256_GCM_SHA384,ML-KEM-512,122870.954,89.959,99.347,369.154
350,TLS_AES_256_GCM_SHA384,ML-KEM-512,124135.421,116.129,144.177,972.087
351,TLS_AES_256_GCM_SHA384,ML-KEM-512,124558.703,184.062,160.042,233.599
352,TLS_AES_256_GCM_SHA384,ML-KEM-512,124531.683,130.406,115.901,718.708
353,TLS_AES_256_GCM_SHA384,ML-KEM-512,124037.350,200.898,150.666,700.188
354,TLS_AES_256_GCM_SHA384,ML-KEM-512,123728.677,67.714,147.564,503.973
355,TLS_AES_256_GCM_SHA384,ML-KEM-512,124743.675,113.044,174.839,1245.517
356,TLS_AES_256_GCM_SHA384,ML-KEM-512,124332.886,92.519,117.199,2267.129
357,TLS_AES_256_GCM_SHA384,ML-KEM-512,124475.112,123.188,148.399,953.329
358,TLS_AES_256_GCM_SHA384,ML-KEM-512,124868.892,185.294,138.525,1125.789
359,TLS_AES_256_GCM_SHA384,ML-KEM-512,124816.340,181.425,133.718,1211.803
360,TLS_AES_256_GCM_SHA384,ML-KEM-512,124286.004,249.594,116.049,209.323
361,TLS_AES_256_GCM_SHA384,ML-KEM-512,124162.200,123.346,132.000,1030.317
362,TLS_AES_256_GCM_SHA384,ML-KEM-512,123345.871,112.670,101.172,356.696
363,TLS_AES_256_GCM_SHA384,ML-KEM-512,125004.376,87.370,139.434,872.337
364,TLS_AES_256_GCM_SHA384,ML-KEM-512,123723.057,149.430,137.272,288.177
365,TLS_AES_256_GCM_SHA384,ML-KEM-512,123552.789,86.976,85.178,275.404
366,TLS_AES_256_GCM_SHA384,ML-KEM-512,124830.395,109.873,93.367,297.840
367,TLS_AES_256_GCM_SHA384,ML-KEM-512,124415.062,92.668,139.149,1502.553
368,TLS_AES_256_GCM_SHA384,ML-KEM-512,124427.129,93.125,92.368,236.441
369,TLS_AES_256_GCM_SHA384,ML-KEM-512,123907.619,109.196,144.296,620.516
370,TLS_AES_256_GCM_SHA384,ML-KEM-512,124222.866,113.308,165.256,312.880
371,TLS_AES_256_GCM_SHA384,ML-KEM-512,124786.520,177.699,136.010,592.252
372,TLS_AES_256_GCM_SHA384,ML-KEM-512,124881.360,183.665,101.328,573.430
373,TLS_AES_256_GCM_SHA384,ML-KEM-512,123467.848,85.631,57.733,141.741
374,TLS_AES_256_GCM_SHA384,ML-KEM-512,124625.502,79.681,79.235,192.192
375,TLS_AES_256_GCM_SHA384,ML-KEM-512,124542.936,117.794,91.975,464.234
376,TLS_AES_256_GCM_SHA384,ML-KEM-512,123653.049,72.705,82.363,209.467
377,TLS_AES_256_GCM_SHA384,ML-KEM-512,124551.334,113.322,129.119,403.772
378,TLS_AES_256_GCM_SHA384,ML-KEM-512,123365.716,122.463,202.974,797.852
379,TLS_AES_256_GCM_SHA384,ML-KEM-512,124395.070,95.058,96.563,241.302
380,TLS_AES_256_GCM_SHA384,ML-KEM-512,123838.645,76.504,74.645,167.773
381,TLS_AES_256_GCM_SHA384,ML-KEM-512,124392.785,120.535,113.236,550.605
382,TLS_AES_256_GCM_SHA384,ML-KEM-512,123731.690,100.337,116.946,531.134
383,TLS_AES_256_GCM_SHA384,ML-KEM-512,124108.195,96.517,165.178,225.398
384,TLS_AES_256_GCM_SHA384,ML-KEM-512,124410.829,185.143,126.958,536.534
385,TLS_AES_256_GCM_SHA384,ML-KEM-512,124222.317,258.653,112.891,878.962
386,TLS_AES_256_GCM_SHA384,ML-KEM-512,124429.825,93.675,122.652,460.758
387,TLS_AES_256_GCM_SHA384,ML-KEM-512,124396.948,122.554,129.370,421.967
388,TLS_AES_256_GCM_SHA384,ML-KEM-512,125463.425,175.193,172.986,388.050
389,TLS_AES_256_GCM_SHA384,ML-KEM-512,123684.525,87.633,102.113,289.009
390,TLS_AES_256_GCM_SHA384,ML-KEM-512,124748.818,93.747,96.474,613.330
391,TLS_AES_256_GCM_SHA384,ML-KEM-512,123939.099,100.725,80.702,246.413
392,TLS_AES_256_GCM_SHA384,ML-KEM-512,124511.265,108.043,97.594,633.583
393,TLS_AES_256_GCM_SHA384,ML-KEM-512,123656.636,83.349,126.197,1021.354
394,TLS_AES_256_GCM_SHA384,ML-KEM-512,125793.750,73.983,138.529,423.262
395,TLS_AES_256_GCM_SHA384,ML-KEM-512,123788.899,66.166,81.279,255.566
396,TLS_AES_256_GCM_SHA384,ML-KEM-512,124589.350,94.244,88.643,551.587
397,TLS_AES_256_GCM_SHA384,ML-KEM-512,125934.577,99.096,128.341,345.613
398,TLS_AES_256_GCM_SHA384,ML-KEM-512,123776.976,120.415,104.314,328.802
399,TLS_AES_256_GCM_SHA384,ML-KEM-512,124287.134,102.979,113.929,298.754
400,TLS_AES_256_GCM_SHA384,ML-KEM-512,123308.924,110.532,104.647,474.966
401,TLS_AES_256_GCM_SHA384,ML-KEM-512,123482.292,155.400,130.495,470.161
402,TLS_AES_256_GCM_SHA384,ML-KEM-512,124385.430,126.449,114.742,520.321
403,TLS_AES_256_GCM_SHA384,ML-KEM-512,124574.927,87.656,117.415,383.026
404,TLS_AES_256_GCM_SHA384,ML-KEM-512,124563.008,107.177,73.806,1121.086
405,TLS_AES_256_GCM_SHA384,ML-KEM-512,125119.897,112.997,135.265,1101.291
406,TLS_AES_256_GCM_SHA384,ML-KEM-512,123315.167,130.826,137.210,762.474
407,TLS_AES_256_GCM_SHA384,ML-KEM-512,124719.239,94.674,88.301,294.984
408,TLS_AES_256_GCM_SHA384,ML-KEM-512,124337.122,124.862,108.125,290.970
409,TLS_AES_256_GCM_SHA384,ML-KEM-512,123571.278,85.458,83.364,287.610
410,TLS_AES_256_GCM_SHA384,ML-KEM-512,124620.477,68.636,95.609,815.058
411,TLS_AES_256_GCM_SHA384,ML-KEM-512,123833.000,80.022,141.972,402.859
412,TLS_AES_256_GCM_SHA384,ML-KEM-512,125475.336,197.442,130.233,480.990
413,TLS_AES_256_GCM_SHA384,ML-KEM-512,125411.543,152.173,121.922,902.988
414,TLS_AES_256_GCM_SHA384,ML-KEM-512,123963.077,98.118,122.273,570.357
415,TLS_AES_256_GCM_SHA384,ML-KEM-512,124553.552,61.881,74.217,231.901
416,TLS_AES_256_GCM_SHA384,ML-KEM-512,122804.643,67.984,106.586,483.440
417,TLS_AES_256_GCM_SHA384,ML-KEM-512,124708.180,69.018,89.172,482.636
418,TLS_AES_256_GCM_SHA384,ML-KEM-512,124623.916,102.617,152.583,962.791
419,TLS_AES_256_GCM_SHA384,ML-KEM-512,124342.229,136.508,121.570,342.290
420,TLS_AES_256_GCM_SHA384,ML-KEM-512,124440.285,187.824,156.045,774.546
421,TLS_AES_256_GCM_SHA384,ML-KEM-512,124307.628,123.750,131.461,1168.860
422,TLS_AES_256_GCM_SHA384,ML-KEM-512,125077.673,125.725,133.292,518.928
423,TLS_AES_256_GCM_SHA384,ML-KEM-512,124012.012,138.068,155.012,1015.452
424,TLS_AES_256_GCM_SHA384,ML-KEM-512,123309.286,111.259,130.589,680.645
425,TLS_AES_256_GCM_SHA384,ML-KEM-512,124386.957,75.869,102.043,205.779
426,TLS_AES_256_GCM_SHA384,ML-KEM-512,124287.560,140.178,126.693,753.071
427,TLS_AES_256_GCM_SHA384,ML-KEM-512,122654.872,92.606,97.630,429.753
428,TLS_AES_256_GCM_SHA384,ML-KEM-512,123398.385,89.020,101.899,204.401
429,TLS_AES_256_GCM_SHA384,ML-KEM-512,123714.959,186.699,119.150,359.275
430,TLS_AES_256_GCM_SHA384,ML-KEM-512,125165.083,102.279,110.635,745.287
431,TLS_AES_256_GCM_SHA384,ML-KEM-512,123874.191,148.884,97.623,294.598
432,TLS_AES_256_GCM_SHA384,ML-KEM-512,124393.770,121.680,116.686,506.287
433,TLS_AES_256_GCM_SHA384,ML-KEM-512,123500.493,314.799,101.652,598.776
434,TLS_AES_256_GCM_SHA384,ML-KEM-512,124322.552,189.490,142.818,580.690
435,TLS_AES_256_GCM_SHA384,ML-KEM-512,124548.011,157.139,136.997,420.040
436,TLS_AES_256_GCM_SHA384,ML-KEM-512,124414.598,118.399,102.529,254.765
437,TLS_AES_256_GCM_SHA384,ML-KEM-512,124581.904,101.930,90.067,407.485
438,TLS_AES_256_GCM_SHA384,ML-KEM-512,124567.438,223.216,90.291,276.353
439,TLS_AES_256_GCM_SHA384,ML-KEM-512,123780.513,131.192,163.670,233.827
440,TLS_AES_256_GCM_SHA384,ML-KEM-512,122968.734,114.357,149.327,1231.721
441,TLS_AES_256_GCM_SHA384,ML-KEM-512,124644.617,90.262,95.817,338.810
442,TLS_AES_256_GCM_SHA384,ML-KEM-512,125736.504,92.319,97.978,285.852
443,TLS_AES_256_GCM_SHA384,ML-KEM-512,125552.241,174.173,128.998,397.931
444,TLS_AES_256_GCM_SHA384,ML-KEM-512,124280.475,179.108,74.386,384.545
445,TLS_AES_256_GCM_SHA384,ML-KEM-512,123498.487,86.030,192.560,917.976
446,TLS_AES_256_GCM_SHA384,ML-KEM-512,122675.846,75.610,98.855,503.981
447,TLS_AES_256_GCM_SHA384,ML-KEM-512,124659.301,97.427,88.604,448.060
448,TLS_AES_256_GCM_SHA384,ML-KEM-512,125427.537,114.314,102.777,599.740
449,TLS_AES_256_GCM_SHA384,ML-KEM-512,124969.393,71.342,146.513,1112.924
450,TLS_AES_256_GCM_SHA384,ML-KEM-512,124826.512,123.895,87.887,407.578
451,TLS_AES_256_GCM_SHA384,ML-KEM-512,123895.002,70.693,118.021,1253.908
452,TLS_AES_256_GCM_SHA384,ML-KEM-512,126216.905,139.977,172.893,386.329
453,TLS_AES_256_GCM_SHA384,ML-KEM-512,123629.542,101.103,112.502,749.486
454,TLS_AES_256_GCM_SHA384,ML-KEM-512,124447.728,112.042,101.415,771.898
455,TLS_AES_256_GCM_SHA384,ML-KEM-512,125686.142,90.622,127.596,487.808
456,TLS_AES_256_GCM_SHA384,ML-KEM-512,123239.710,118.583,151.724,1930.870
457,TLS_AES_256_GCM_SHA384,ML-KEM-512,124729.203,187.166,121.312,2010.532
458,TLS_AES_256_GCM_SHA384,ML-KEM-512,126212.093,134.936,143.898,585.127
459,TLS_AES_256_GCM_SHA384,ML-KEM-512,124031.387,84.999,166.179,744.723
460,TLS_AES_256_GCM_SHA384,ML-KEM-512,125680.920,87.901,140.976,1078.804
461,TLS_AES_256_GCM_SHA384,ML-KEM-512,124350.154,168.142,114.451,814.390
462,TLS_AES_256_GCM_SHA384,ML-KEM-512,124672.349,78.133,93.544,236.602
463,TLS_AES_256_GCM_SHA384,ML-KEM-512,123396.700,157.824,101.771,300.352
464,TLS_AES_256_GCM_SHA384,ML-KEM-512,125203.949,88.895,113.582,1192.376
465,TLS_AES_256_GCM_SHA384,ML-KEM-512,122825.581,83.079,179.912,515.392
466,TLS_AES_256_GCM_SHA384,ML-KEM-512,123797.389,70.236,107.091,651.270
467,TLS_AES_256_GCM_SHA384,ML-KEM-512,124751.817,102.480,130.394,368.860
468,TLS_AES_256_GCM_SHA384,ML-KEM-512,123107.698,138.400,142.312,1633.764
469,TLS_AES_256_GCM_SHA384,ML-KEM-512,124601.952,74.829,236.368,445.298
470,TLS_AES_256_GCM_SHA384,ML-KEM-512,125704.972,94.651,82.315,318.289
471,TLS_AES_256_GCM_SHA384,ML-KEM-512,123549.969,131.044,68.901,250.087
472,TLS_AES_256_GCM_SHA384,ML-KEM-512,123273.402,99.914,81.454,181.687
473,TLS_AES_256_GCM_SHA384,ML-KEM-512,122422.616,57.135,99.630,192.120
474,TLS_AES_256_GCM_SHA384,ML-KEM-512,123847.494,101.033,83.857,1108.948
475,TLS_AES_256_GCM_SHA384,ML-KEM-512,123571.478,107.234,92.430,431.375
476,TLS_AES_256_GCM_SHA384,ML-KEM-512,125487.725,123.651,185.606,229.468
477,TLS_AES_256_GCM_SHA384,ML-KEM-512,124718.326,87.450,101.330,453.483
478,TLS_AES_256_GCM_SHA384,ML-KEM-512,123527.369,120.893,95.261,1182.254
479,TLS_AES_256_GCM_SHA384,ML-KEM-512,124539.720,117.931,126.731,423.019
480,TLS_AES_256_GCM_SHA384,ML-KEM-512,123336.799,231.934,93.313,697.510
481,TLS_AES_256_GCM_SHA384,ML-KEM-512,124745.914,76.261,121.962,329.635
482,TLS_AES_256_GCM_SHA384,ML-KEM-512,124345.680,116.773,170.089,328.441
483,TLS_AES_256_GCM_SHA384,ML-KEM-512,124394.832,129.161,116.471,302.387
484,TLS_AES_256_GCM_SHA384,ML-KEM-512,123933.430,108.070,113.311,551.545
485,TLS_AES_256_GCM_SHA384,ML-KEM-512,125148.933,90.418,91.412,925.417
486,TLS_AES_256_GCM_SHA384,ML-KEM-512,123671.800,89.316,86.961,1812.206
487,TLS_AES_256_GCM_SHA384,ML-KEM-512,124103.686,117.186,112.726,296.546
488,TLS_AES_256_GCM_SHA384,ML-KEM-512,123630.604,97.330,106.026,615.807
489,TLS_AES_256_GCM_SHA384,ML-KEM-512,125236.774,300.222,97.011,547.856
490,TLS_AES_256_GCM_SHA384,ML-KEM-512,123057.819,79.347,77.543,196.478
491,TLS_AES_256_GCM_SHA384,ML-KEM-512,126004.624,106.031,91.151,207.299
492,TLS_AES_256_GCM_SHA384,ML-KEM-512,123709.710,79.296,104.217,930.714
493,TLS_AES_256_GCM_SHA384,ML-KEM-512,123307.414,133.754,102.961,760.902
494,TLS_AES_256_GCM_SHA384,ML-KEM-512,123450.813,88.684,62.981,403.452
495,TLS_AES_256_GCM_SHA384,ML-KEM-512,122783.585,78.043,67.419,194.303
496,TLS_AES_256_GCM_SHA384,ML-KEM-512,123575.969,104.970,126.007,357.626
497,TLS_AES_256_GCM_SHA384,ML-KEM-512,124877.802,108.799,110.613,359.426
498,TLS_AES_256_GCM_SHA384,ML-KEM-512,125391.243,94.841,97.564,725.754
499,TLS_AES_256_GCM_SHA384,ML-KEM-512,123788.643,116.187,98.275,659.781
500,TLS_AES_256_GCM_SHA384,ML-KEM-512,123424.336,94.788,153.794,744.557
501,TLS_AES_256_GCM_SHA384,ML-KEM-512,123561.323,109.399,118.536,324.662
502,TLS_AES_256_GCM_SHA384,ML-KEM-512,124593.609,88.428,82.379,358.060
503,TLS_AES_256_GCM_SHA384,ML-KEM-512,123777.089,93.155,108.772,240.620
504,TLS_AES_256_GCM_SHA384,ML-KEM-512,123178.675,114.824,102.103,346.898
505,TLS_AES_256_GCM_SHA384,ML-KEM-512,123624.567,98.437,103.219,263.903
506,TLS_AES_256_GCM_SHA384,ML-KEM-512,123433.244,185.706,117.216,281.362
507,TLS_AES_256_GCM_SHA384,ML-KEM-512,123668.431,128.089,76.842,879.100
508,TLS_AES_256_GCM_SHA384,ML-KEM-512,123520.481,186.514,115.141,261.190
509,TLS_AES_256_GCM_SHA384,ML-KEM-512,125576.901,135.709,109.093,368.755
510,TLS_AES_256_GCM_SHA384,ML-KEM-512,123511.194,71.924,143.359,469.797
511,TLS_AES_256_GCM_SHA384,ML-KEM-512,124538.576,93.114,125.129,346.923
512,TLS_AES_256_GCM_SHA384,ML-KEM-512,122562.516,79.641,94.582,369.971
513,TLS_AES_256_GCM_SHA384,ML-KEM-512,123762.856,86.321,111.342,613.107
514,TLS_AES_256_GCM_SHA384,ML-KEM-512,123710.150,111.142,157.703,273.462
515,TLS_AES_256_GCM_SHA384,ML-KEM-512,125782.419,172.785,184.843,314.288
516,TLS_AES_256_GCM_SHA384,ML-KEM-512,124827.774,101.695,129.582,506.240
517,TLS_AES_256_GCM_SHA384,ML-KEM-512,125131.179,114.110,155.635,426.682
518,TLS_AES_256_GCM_SHA384,ML-KEM-512,123740.362,103.010,145.007,605.086
519,TLS_AES_256_GCM_SHA384,ML-KEM-512,125593.396,125.064,95.491,311.128
520,TLS_AES_256_GCM_SHA384,ML-KEM-512,122680.803,86.533,101.749,626.155
521,TLS_AES_256_GCM_SHA384,ML-KEM-512,125164.217,84.599,85.411,243.517
522,TLS_AES_256_GCM_SHA384,ML-KEM-512,123634.950,84.430,77.864,340.278
523,TLS_AES_256_GCM_SHA384,ML-KEM-512,122603.857,69.152,72.422,173.947
524,TLS_AES_256_GCM_SHA384,ML-KEM-512,122630.632,71.099,69.189,415.050
525,TLS_AES_256_GCM_SHA384,ML-KEM-512,123710.946,64.653,72.444,333.201
526,TLS_AES_256_GCM_SHA384,ML-KEM-512,123511.327,173.103,107.341,613.183
527,TLS_AES_256_GCM_SHA384,ML-KEM-512,123192.437,104.222,91.286,510.028
528,TLS_AES_256_GCM_SHA384,ML-KEM-512,122642.217,79.242,66.005,127.137
529,TLS_AES_256_GCM_SHA384,ML-KEM-512,122850.051,92.347,94.374,493.710
530,TLS_AES_256_GCM_SHA384,ML-KEM-512,124339.555,191.081,143.943,639.387
531,TLS_AES_256_GCM_SHA384,ML-KEM-512,125584.702,187.258,82.911,373.091
532,TLS_AES_256_GCM_SHA384,ML-KEM-512,124577.582,107.929,87.989,867.444
533,TLS_AES_256_GCM_SHA384,ML-KEM-512,123208.891,132.162,78.242,163.702
534,TLS_AES_256_GCM_SHA384,ML-KEM-512,124347.542,129.999,80.966,192.593
535,TLS_AES_256_GCM_SHA384,ML-KEM-512,125420.050,132.678,105.019,540.611
536,TLS_AES_256_GCM_SHA384,ML-KEM-512,123618.706,93.754,91.686,566.208
537,TLS_AES_256_GCM_SHA384,ML-KEM-512,123600.468,86.856,85.525,535.057
538,TLS_AES_256_GCM_SHA384,ML-KEM-512,123647.213,83.170,89.658,523.357
539,TLS_AES_256_GCM_SHA384,ML-KEM-512,123550.722,81.126,159.305,477.938
540,TLS_AES_256_GCM_SHA384,ML-KEM-512,122695.308,89.728,93.398,219.583
541,TLS_AES_256_GCM_SHA384,ML-KEM-512,122724.979,76.489,148.213,1032.253
542,TLS_AES_256_GCM_SHA384,ML-KEM-512,124788.677,93.262,180.029,423.730
543,TLS_AES_256_GCM_SHA384,ML-KEM-512,124503.820,170.889,96.879,664.145
544,TLS_AES_256_GCM_SHA384,ML-KEM-512,123208.673,127.269,88.493,212.375
545,TLS_AES_256_GCM_SHA384,ML-KEM-512,124077.711,188.176,146.860,1189.988
546,TLS_AES_256_GCM_SHA384,ML-KEM-512,125443.363,87.386,157.927,1980.596
547,TLS_AES_256_GCM_SHA384,ML-KEM-512,124522.666,100.134,117.088,1774.601
548,TLS_AES_256_GCM_SHA384,ML-KEM-512,124513.024,186.823,162.701,209.606
549,TLS_AES_256_GCM_SHA384,ML-KEM-512,125599.145,84.844,112.597,352.419
550,TLS_AES_256_GCM_SHA384,ML-KEM-512,126564.808,80.511,90.601,528.907
551,TLS_AES_256_GCM_SHA384,ML-KEM-512,124360.141,141.483,126.105,346.992
552,TLS_AES_256_GCM_SHA384,ML-KEM-512,122922.154,80.898,84.185,206.356
553,TLS_AES_256_GCM_SHA384,ML-KEM-512,123599.259,108.257,111.491,386.597
554,TLS_AES_256_GCM_SHA384,ML-KEM-512,123696.394,264.721,139.072,685.213
555,TLS_AES_256_GCM_SHA384,ML-KEM-512,125719.790,131.137,88.224,319.992
556,TLS_AES_256_GCM_SHA384,ML-KEM-512,125377.014,79.222,97.191,286.118
557,TLS_AES_256_GCM_SHA384,ML-KEM-512,123773.833,68.046,87.699,281.596
558,TLS_AES_256_GCM_SHA384,ML-KEM-512,123604.356,83.726,77.221,639.535
559,TLS_AES_256_GCM_SHA384,ML-KEM-512,122662.269,77.798,96.596,598.197
560,TLS_AES_256_GCM_SHA384,ML-KEM-512,123773.269,95.122,86.417,694.704
561,TLS_AES_256_GCM_SHA384,ML-KEM-512,124187.211,164.715,60.238,171.291
562,TLS_AES_256_GCM_SHA384,ML-KEM-512,123473.564,95.424,103.289,240.417
563,TLS_AES_256_GCM_SHA384,ML-KEM-512,122783.515,144.815,88.929,560.845
564,TLS_AES_256_GCM_SHA384,ML-KEM-512,123562.575,168.824,131.226,901.552
565,TLS_AES_256_GCM_SHA384,ML-KEM-512,126630.102,93.626,108.601,357.687
566,TLS_AES_256_GCM_SHA384,ML-KEM-512,124124.216,112.097,118.750,547.829
567,TLS_AES_256_GCM_SHA384,ML-KEM-512,123692.306,102.466,175.145,1124.215
568,TLS_AES_256_GCM_SHA384,ML-KEM-512,124720.711,191.477,166.895,278.417
569,TLS_AES_256_GCM_SHA384,ML-KEM-512,124812.523,121.364,78.877,291.714
570,TLS_AES_256_GCM_SHA384,ML-KEM-512,123265.478,138.043,150.155,630.851
571,TLS_AES_256_GCM_SHA384,ML-KEM-512,123093.581,81.241,101.243,295.254
572,TLS_AES_256_GCM_SHA384,ML-KEM-512,124271.172,87.193,102.128,321.664
573,TLS_AES_256_GCM_SHA384,ML-KEM-512,125542.686,207.838,72.155,165.060
574,TLS_AES_256_GCM_SHA384,ML-KEM-512,123204.335,124.787,128.474,461.708
575,TLS_AES_256_GCM_SHA384,ML-KEM-512,125374.173,133.829,113.060,456.949
576,TLS_AES_256_GCM_SHA384,ML-KEM-512,123641.940,84.193,135.495,726.406
577,TLS_AES_256_GCM_SHA384,ML-KEM-512,122928.980,89.391,136.366,460.149
578,TLS_AES_256_GCM_SHA384,ML-KEM-512,124183.582,104.781,88.535,266.227
579,TLS_AES_256_GCM_SHA384,ML-KEM-512,124732.971,90.280,92.840,231.812
580,TLS_AES_256_GCM_SHA384,ML-KEM-512,123338.174,121.308,93.369,414.326
581,TLS_AES_256_GCM_SHA384,ML-KEM-512,123575.750,97.329,89.568,232.183
582,TLS_AES_256_GCM_SHA384,ML-KEM-512,123458.521,94.536,102.233,326.647
583,TLS_AES_256_GCM_SHA384,ML-KEM-512,123802.266,96.166,137.210,511.029
584,TLS_AES_256_GCM_SHA384,ML-KEM-512,124367.993,117.817,112.895,360.543
585,TLS_AES_256_GCM_SHA384,ML-KEM-512,124772.617,80.064,96.189,557.384
586,TLS_AES_256_GCM_SHA384,ML-KEM-512,125337.093,112.332,134.234,899.991
587,TLS_AES_256_GCM_SHA384,ML-KEM-512,123746.474,83.785,136.322,706.992
588,TLS_AES_256_GCM_SHA384,ML-KEM-512,124688.691,90.584,94.838,1026.339
589,TLS_AES_256_GCM_SHA384,ML-KEM-512,123484.312,201.543,88.633,460.907
590,TLS_AES_256_GCM_SHA384,ML-KEM-512,123325.770,160.021,102.112,733.954
591,TLS_AES_256_GCM_SHA384,ML-KEM-512,124546.975,88.595,109.289,686.912
592,TLS_AES_256_GCM_SHA384,ML-KEM-512,124640.459,207.496,102.353,310.271
593,TLS_AES_256_GCM_SHA384,ML-KEM-512,124412.292,102.343,131.862,776.285
594,TLS_AES_256_GCM_SHA384,ML-KEM-512,124210.020,90.230,95.776,239.541
595,TLS_AES_256_GCM_SHA384,ML-KEM-512,122812.956,79.165,196.903,218.261
596,TLS_AES_256_GCM_SHA384,ML-KEM-512,123637.829,139.407,86.730,317.102
597,TLS_AES_256_GCM_SHA384,ML-KEM-512,123538.320,111.884,96.288,640.829
598,TLS_AES_256_GCM_SHA384,ML-KEM-512,123794.257,78.618,126.834,297.823
599,TLS_AES_256_GCM_SHA384,ML-KEM-512,123532.657,103.635,91.041,296.622
600,TLS_AES_256_GCM_SHA384,ML-KEM-512,123588.220,99.562,126.284,538.229
601,TLS_AES_256_GCM_SHA384,ML-KEM-512,124557.733,100.924,127.182,585.591
602,TLS_AES_256_GCM_SHA384,ML-KEM-512,124225.317,119.201,111.754,679.119
603,TLS_AES_256_GCM_SHA384,ML-KEM-512,125638.376,101.468,92.399,313.797
604,TLS_AES_256_GCM_SHA384,ML-KEM-512,124488.402,202.627,106.358,251.596
605,TLS_AES_256_GCM_SHA384,ML-KEM-512,123501.490,166.663,132.310,540.857
606,TLS_AES_256_GCM_SHA384,ML-KEM-512,125578.029,78.149,159.668,971.390
607,TLS_AES_256_GCM_SHA384,ML-KEM-512,124782.913,191.089,102.129,403.386
608,TLS_AES_256_GCM_SHA384,ML-KEM-512,123084.259,123.825,112.325,272.903
609,TLS_AES_256_GCM_SHA384,ML-KEM-512,123517.180,126.468,111.486,340.296
610,TLS_AES_256_GCM_SHA384,ML-KEM-512,124605.542,94.568,175.924,657.589
611,TLS_AES_256_GCM_SHA384,ML-KEM-512,124726.803,69.000,114.253,495.683
612,TLS_AES_256_GCM_SHA384,ML-KEM-512,125244.052,211.657,141.376,1635.550
613,TLS_AES_256_GCM_SHA384,ML-KEM-512,123572.122,114.718,94.437,223.553
614,TLS_AES_256_GCM_SHA384,ML-KEM-512,124817.118,134.263,105.796,260.455
615,TLS_AES_256_GCM_SHA384,ML-KEM-512,123282.236,120.376,91.695,285.630
616,TLS_AES_256_GCM_SHA384,ML-KEM-512,124332.439,109.404,134.248,837.049
617,TLS_AES_256_GCM_SHA384,ML-KEM-512,123902.978,102.220,113.140,940.670
618,TLS_AES_256_GCM_SHA384,ML-KEM-512,123376.794,93.808,96.139,231.726
619,TLS_AES_256_GCM_SHA384,ML-KEM-512,123439.942,99.948,152.906,260.361
620,TLS_AES_256_GCM_SHA384,ML-KEM-512,124637.574,91.138,185.370,586.678
621,TLS_AES_256_GCM_SHA384,ML-KEM-512,123844.362,69.564,135.064,810.965
622,TLS_AES_256_GCM_SHA384,ML-KEM-512,123612.826,115.566,83.655,598.346
623,TLS_AES_256_GCM_SHA384,ML-KEM-512,123430.650,119.197,103.725,256.322
624,TLS_AES_256_GCM_SHA384,ML-KEM-512,123421.807,98.420,103.154,725.881
625,TLS_AES_256_GCM_SHA384,ML-KEM-512,123883.809,118.133,102.028,501.701
626,TLS_AES_256_GCM_SHA384,ML-KEM-512,123872.188,185.256,127.538,598.093
627,TLS_AES_256_GCM_SHA384,ML-KEM-512,124656.732,90.638,126.393,1202.905
628,TLS_AES_256_GCM_SHA384,ML-KEM-512,125189.813,103.740,103.341,365.864
629,TLS_AES_256_GCM_SHA384,ML-KEM-512,123878.405,157.411,135.335,315.608
630,TLS_AES_256_GCM_SHA384,ML-KEM-512,123228.482,195.904,142.984,607.785
631,TLS_AES_256_GCM_SHA384,ML-KEM-512,123158.664,118.305,122.297,242.347
632,TLS_AES_256_GCM_SHA384,ML-KEM-512,123607.591,77.969,96.348,803.742
633,TLS_AES_256_GCM_SHA384,ML-KEM-512,125598.155,94.811,95.348,643.606
634,TLS_AES_256_GCM_SHA384,ML-KEM-512,123795.845,90.622,101.744,540.465
635,TLS_AES_256_GCM_SHA384,ML-KEM-512,123260.038,122.576,110.473,1682.507
636,TLS_AES_256_GCM_SHA384,ML-KEM-512,124704.289,82.593,130.091,826.268
637,TLS_AES_256_GCM_SHA384,ML-KEM-512,124564.174,74.847,139.780,1316.767
638,TLS_AES_256_GCM_SHA384,ML-KEM-512,123522.489,135.915,197.887,259.329
639,TLS_AES_256_GCM_SHA384,ML-KEM-512,122713.520,66.180,113.698,789.708
640,TLS_AES_256_GCM_SHA384,ML-KEM-512,123535.292,161.034,84.752,207.402
641,TLS_AES_256_GCM_SHA384,ML-KEM-512,125348.061,115.196,141.420,592.064
642,TLS_AES_256_GCM_SHA384,ML-KEM-512,124105.893,112.284,129.761,700.484
643,TLS_AES_256_GCM_SHA384,ML-KEM-512,124669.469,206.386,128.816,684.555
644,TLS_AES_256_GCM_SHA384,ML-KEM-512,125112.424,135.864,142.118,454.424
645,TLS_AES_256_GCM_SHA384,ML-KEM-512,126038.898,104.803,156.708,611.134
646,TLS_AES_256_GCM_SHA384,ML-KEM-512,123199.752,286.116,141.119,395.919
647,TLS_AES_256_GCM_SHA384,ML-KEM-512,122521.475,68.562,77.696,673.862
648,TLS_AES_256_GCM_SHA384,ML-KEM-512,123843.773,78.674,75.562,201.797
649,TLS_AES_256_GCM_SHA384,ML-KEM-512,123685.735,78.523,87.986,216.963
650,TLS_AES_256_GCM_SHA384,ML-KEM-512,123855.469,78.407,154.841,1048.152
651,TLS_AES_256_GCM_SHA384,ML-KEM-512,125431.361,209.822,155.139,673.078
652,TLS_AES_256_GCM_SHA384,ML-KEM-512,124154.757,135.194,130.697,948.566
653,TLS_AES_256_GCM_SHA384,ML-KEM-512,124612.276,187.938,141.752,659.928
654,TLS_AES_256_GCM_SHA384,ML-KEM-512,124468.018,156.360,121.663,564.017
655,TLS_AES_256_GCM_SHA384,ML-KEM-512,124198.884,126.714,156.235,721.390
656,TLS_AES_256_GCM_SHA384,ML-KEM-512,123031.127,210.927,82.808,211.753
657,TLS_AES_256_GCM_SHA384,ML-KEM-512,122567.186,60.898,49.785,222.638
658,TLS_AES_256_GCM_SHA384,ML-KEM-512,122732.473,72.412,108.677,383.830
659,TLS_AES_256_GCM_SHA384,ML-KEM-512,124447.012,132.866,103.828,354.137
660,TLS_AES_256_GCM_SHA384,ML-KEM-512,123507.151,71.927,89.844,219.866
661,TLS_AES_256_GCM_SHA384,ML-KEM-512,122504.568,95.692,52.154,196.762
662,TLS_AES_256_GCM_SHA384,ML-KEM-512,126860.541,202.126,94.818,205.514
663,TLS_AES_256_GCM_SHA384,ML-KEM-512,124685.674,154.721,158.859,485.822
664,TLS_AES_256_GCM_SHA384,ML-KEM-512,125128.150,117.180,156.280,285.637
665,TLS_AES_256_GCM_SHA384,ML-KEM-512,124571.088,93.154,116.154,488.055
666,TLS_AES_256_GCM_SHA384,ML-KEM-512,125326.571,125.843,92.936,202.644
667,TLS_AES_256_GCM_SHA384,ML-KEM-512,122824.970,59.089,83.181,384.583
668,TLS_AES_256_GCM_SHA384,ML-KEM-512,122986.913,88.371,64.948,175.240
669,TLS_AES_256_GCM_SHA384,ML-KEM-512,123907.370,63.356,67.379,290.191
670,TLS_AES_256_GCM_SHA384,ML-KEM-512,126305.772,117.433,109.580,423.086
671,TLS_AES_256_GCM_SHA384,ML-KEM-512,123719.399,69.617,80.865,231.866
672,TLS_AES_256_GCM_SHA384,ML-KEM-512,124296.219,93.676,62.684,130.716
673,TLS_AES_256_GCM_SHA384,ML-KEM-512,122890.452,56.802,71.381,193.617
674,TLS_AES_256_GCM_SHA384,ML-KEM-512,123091.746,88.842,103.490,987.063
675,TLS_AES_256_GCM_SHA384,ML-KEM-512,123554.062,85.740,83.504,599.841
676,TLS_AES_256_GCM_SHA384,ML-KEM-512,122710.547,86.933,124.916,285.769
677,TLS_AES_256_GCM_SHA384,ML-KEM-512,122661.261,70.453,150.659,351.978
678,TLS_AES_256_GCM_SHA384,ML-KEM-512,123543.745,79.703,70.715,867.792
679,TLS_AES_256_GCM_SHA384,ML-KEM-512,122596.096,76.473,118.674,259.082
680,TLS_AES_256_GCM_SHA384,ML-KEM-512,123503.245,269.598,147.559,804.248
681,TLS_AES_256_GCM_SHA384,ML-KEM-512,124631.355,134.184,373.174,468.249
682,TLS_AES_256_GCM_SHA384,ML-KEM-512,123792.515,86.558,98.243,324.163
683,TLS_AES_256_GCM_SHA384,ML-KEM-512,122783.885,85.637,94.680,495.891
684,TLS_AES_256_GCM_SHA384,ML-KEM-512,124491.424,75.014,78.349,606.661
685,TLS_AES_256_GCM_SHA384,ML-KEM-512,123814.027,78.802,148.046,568.698
686,TLS_AES_256_GCM_SHA384,ML-KEM-512,124754.180,134.974,214.357,1509.639
687,TLS_AES_256_GCM_SHA384,ML-KEM-512,125931.158,177.970,155.215,1000.474
688,TLS_AES_256_GCM_SHA384,ML-KEM-512,125830.883,143.932,139.128,470.233
689,TLS_AES_256_GCM_SHA384,ML-KEM-512,124239.382,149.461,122.712,452.054
690,TLS_AES_256_GCM_SHA384,ML-KEM-512,123701.878,111.175,88.840,348.470
691,TLS_AES_256_GCM_SHA384,ML-KEM-512,122777.970,78.425,81.325,231.111
692,TLS_AES_256_GCM_SHA384,ML-KEM-512,123539.193,71.742,97.116,310.676
693,TLS_AES_256_GCM_SHA384,ML-KEM-512,123986.515,72.908,72.516,279.413
694,TLS_AES_256_GCM_SHA384,ML-KEM-512,123336.192,108.213,130.669,1098.383
695,TLS_AES_256_GCM_SHA384,ML-KEM-512,122790.969,81.273,83.876,816.742
696,TLS_AES_256_GCM_SHA384,ML-KEM-512,122709.173,78.883,140.692,497.659
697,TLS_AES_256_GCM_SHA384,ML-KEM-512,124868.058,63.873,78.429,191.072
698,TLS_AES_256_GCM_SHA384,ML-KEM-512,125414.346,185.108,165.529,589.727
699,TLS_AES_256_GCM_SHA384,ML-KEM-512,124535.222,116.486,121.441,814.205
700,TLS_AES_256_GCM_SHA384,ML-KEM-512,124296.084,196.212,182.986,536.632
701,TLS_AES_256_GCM_SHA384,ML-KEM-512,124811.971,126.841,148.410,680.373
702,TLS_AES_256_GCM_SHA384,ML-KEM-512,126087.199,150.953,155.989,793.591
703,TLS_AES_256_GCM_SHA384,ML-KEM-512,123075.801,137.189,126.101,262.850
704,TLS_AES_256_GCM_SHA384,ML-KEM-512,124724.057,269.645,124.010,637.559
705,TLS_AES_256_GCM_SHA384,ML-KEM-512,125035.115,157.042,131.173,928.231
706,TLS_AES_256_GCM_SHA384,ML-KEM-512,125122.973,139.558,138.729,474.101
707,TLS_AES_256_GCM_SHA384,ML-KEM-512,125193.510,108.559,149.431,602.839
708,TLS_AES_256_GCM_SHA384,ML-KEM-512,125279.144,106.414,125.827,967.457
709,TLS_AES_256_GCM_SHA384,ML-KEM-512,123669.124,203.353,82.340,1030.059
710,TLS_AES_256_GCM_SHA384,ML-KEM-512,123686.047,149.697,95.223,287.098
711,TLS_AES_256_GCM_SHA384,ML-KEM-512,125597.639,83.001,142.963,395.529
712,TLS_AES_256_GCM_SHA384,ML-KEM-512,124421.027,116.625,151.759,625.764
713,TLS_AES_256_GCM_SHA384,ML-KEM-512,122701.233,92.064,202.197,588.199
714,TLS_AES_256_GCM_SHA384,ML-KEM-512,123419.149,339.544,170.234,1124.314
715,TLS_AES_256_GCM_SHA384,ML-KEM-512,124690.727,124.927,139.395,976.357
716,TLS_AES_256_GCM_SHA384,ML-KEM-512,125574.872,176.456,143.902,1022.095
717,TLS_AES_256_GCM_SHA384,ML-KEM-512,124352.201,82.244,108.894,412.411
718,TLS_AES_256_GCM_SHA384,ML-KEM-512,124528.206,87.773,78.191,793.878
719,TLS_AES_256_GCM_SHA384,ML-KEM-512,123792.015,78.517,77.748,576.116
720,TLS_AES_256_GCM_SHA384,ML-KEM-512,123467.718,99.053,66.212,221.658
721,TLS_AES_256_GCM_SHA384,ML-KEM-512,122831.113,80.774,135.402,981.311
722,TLS_AES_256_GCM_SHA384,ML-KEM-512,122963.726,121.742,154.725,582.769
723,TLS_AES_256_GCM_SHA384,ML-KEM-512,123322.913,69.313,127.421,202.240
724,TLS_AES_256_GCM_SHA384,ML-KEM-512,124157.494,78.636,95.939,450.179
725,TLS_AES_256_GCM_SHA384,ML-KEM-512,122991.691,92.919,92.298,1251.855
726,TLS_AES_256_GCM_SHA384,ML-KEM-512,122624.314,75.001,90.976,511.009
727,TLS_AES_256_GCM_SHA384,ML-KEM-512,123597.541,79.765,104.803,341.760
728,TLS_AES_256_GCM_SHA384,ML-KEM-512,125747.377,98.949,149.356,715.717
729,TLS_AES_256_GCM_SHA384,ML-KEM-512,124555.877,97.228,104.590,639.575
730,TLS_AES_256_GCM_SHA384,ML-KEM-512,123475.207,107.993,71.010,227.659
731,TLS_AES_256_GCM_SHA384,ML-KEM-512,122634.172,137.012,78.960,337.196
732,TLS_AES_256_GCM_SHA384,ML-KEM-512,123009.821,65.608,74.399,1033.828
733,TLS_AES_256_GCM_SHA384,ML-KEM-512,124483.538,88.666,155.283,284.598
734,TLS_AES_256_GCM_SHA384,ML-KEM-512,123163.742,116.809,106.117,253.628
735,TLS_AES_256_GCM_SHA384,ML-KEM-512,123510.060,103.077,132.179,602.362
736,TLS_AES_256_GCM_SHA384,ML-KEM-512,122617.574,64.348,72.114,266.232
737,TLS_AES_256_GCM_SHA384,ML-KEM-512,122791.209,66.059,80.307,467.562
738,TLS_AES_256_GCM_SHA384,ML-KEM-512,123881.126,83.979,211.814,837.302
739,TLS_AES_256_GCM_SHA384,ML-KEM-512,123276.432,74.615,81.159,202.028
740,TLS_AES_256_GCM_SHA384,ML-KEM-512,122759.565,74.044,111.022,436.676
741,TLS_AES_256_GCM_SHA384,ML-KEM-512,123580.972,88.826,98.499,246.964
742,TLS_AES_256_GCM_SHA384,ML-KEM-512,124452.359,138.073,76.562,230.585
743,TLS_AES_256_GCM_SHA384,ML-KEM-512,122699.577,73.040,122.012,339.553
744,TLS_AES_256_GCM_SHA384,ML-KEM-512,123752.256,82.736,95.468,290.712
745,TLS_AES_256_GCM_SHA384,ML-KEM-512,124834.898,78.106,93.483,787.015
746,TLS_AES_256_GCM_SHA384,ML-KEM-512,124101.755,88.387,91.989,389.894
747,TLS_AES_256_GCM_SHA384,ML-KEM-512,123636.022,90.154,149.922,429.355
748,TLS_AES_256_GCM_SHA384,ML-KEM-512,123717.572,68.906,89.371,226.485
749,TLS_AES_256_GCM_SHA384,ML-KEM-512,124042.165,212.282,77.965,254.339
750,TLS_AES_256_GCM_SHA384,ML-KEM-512,124824.891,57.261,104.699,575.552
751,TLS_AES_256_GCM_SHA384,ML-KEM-512,124528.125,191.544,130.713,367.760
752,TLS_AES_256_GCM_SHA384,ML-KEM-512,123522.815,128.997,132.255,566.685
753,TLS_AES_256_GCM_SHA384,ML-KEM-512,124244.575,127.166,285.869,316.857
754,TLS_AES_256_GCM_SHA384,ML-KEM-512,124247.318,177.973,124.259,1449.298
755,TLS_AES_256_GCM_SHA384,ML-KEM-512,123300.390,136.354,242.509,371.527
756,TLS_AES_256_GCM_SHA384,ML-KEM-512,123862.866,79.325,76.582,794.005
757,TLS_AES_256_GCM_SHA384,ML-KEM-512,124439.386,95.238,112.269,437.728
758,TLS_AES_256_GCM_SHA384,ML-KEM-512,124505.297,120.158,86.467,379.379
759,TLS_AES_256_GCM_SHA384,ML-KEM-512,123692.875,97.079,105.227,712.846
760,TLS_AES_256_GCM_SHA384,ML-KEM-512,124416.609,125.992,133.307,329.475
761,TLS_AES_256_GCM_SHA384,ML-KEM-512,123688.709,112.415,117.198,583.896
762,TLS_AES_256_GCM_SHA384,ML-KEM-512,123531.161,100.634,107.105,1537.068
763,TLS_AES_256_GCM_SHA384,ML-KEM-512,123483.308,104.419,84.944,384.488
764,TLS_AES_256_GCM_SHA384,ML-KEM-512,124451.216,126.056,84.472,370.044
765,TLS_AES_256_GCM_SHA384,ML-KEM-512,123642.774,88.715,121.615,612.534
766,TLS_AES_256_GCM_SHA384,ML-KEM-512,124321.789,110.042,108.273,653.546
767,TLS_AES_256_GCM_SHA384,ML-KEM-512,123597.777,78.928,90.637,407.646
768,TLS_AES_256_GCM_SHA384,ML-KEM-512,124677.319,68.753,68.377,191.310
769,TLS_AES_256_GCM_SHA384,ML-KEM-512,125506.984,84.730,97.007,854.756
770,TLS_AES_256_GCM_SHA384,ML-KEM-512,123508.142,155.679,84.043,529.533
771,TLS_AES_256_GCM_SHA384,ML-KEM-512,123696.735,86.611,98.372,918.558
772,TLS_AES_256_GCM_SHA384,ML-KEM-512,124459.895,114.525,181.781,620.552
773,TLS_AES_256_GCM_SHA384,ML-KEM-512,124465.271,187.509,106.227,277.047
774,TLS_AES_256_GCM_SHA384,ML-KEM-512,122884.145,80.653,117.301,261.411
775,TLS_AES_256_GCM_SHA384,ML-KEM-512,124335.836,97.881,96.931,996.010
776,TLS_AES_256_GCM_SHA384,ML-KEM-512,123180.747,117.066,125.565,449.629
777,TLS_AES_256_GCM_SHA384,ML-KEM-512,125715.667,115.747,144.406,709.770
778,TLS_AES_256_GCM_SHA384,ML-KEM-512,124270.868,116.641,89.544,1001.237
779,TLS_AES_256_GCM_SHA384,ML-KEM-512,123586.229,81.100,129.252,674.304
780,TLS_AES_256_GCM_SHA384,ML-KEM-512,124886.968,91.070,97.363,450.380
781,TLS_AES_256_GCM_SHA384,ML-KEM-512,122998.771,121.300,133.750,361.579
782,TLS_AES_256_GCM_SHA384,ML-KEM-512,123524.806,123.002,101.250,907.817
783,TLS_AES_256_GCM_SHA384,ML-KEM-512,124615.958,87.923,109.499,357.888
784,TLS_AES_256_GCM_SHA384,ML-KEM-512,123626.663,91.577,89.567,213.134
785,TLS_AES_256_GCM_SHA384,ML-KEM-512,123461.890,91.950,194.032,259.076
786,TLS_AES_256_GCM_SHA384,ML-KEM-512,124086.826,117.623,176.901,522.368
787,TLS_AES_256_GCM_SHA384,ML-KEM-512,125393.271,99.223,148.103,458.002
788,TLS_AES_256_GCM_SHA384,ML-KEM-512,124551.887,125.344,143.135,368.758
789,TLS_AES_256_GCM_SHA384,ML-KEM-512,123386.830,100.038,114.335,283.242
790,TLS_AES_256_GCM_SHA384,ML-KEM-512,124425.054,84.990,91.362,216.385
791,TLS_AES_256_GCM_SHA384,ML-KEM-512,123753.792,78.445,74.492,319.811
792,TLS_AES_256_GCM_SHA384,ML-KEM-512,123577.470,120.468,90.349,353.212
793,TLS_AES_256_GCM_SHA384,ML-KEM-512,125453.557,182.547,128.653,576.522
794,TLS_AES_256_GCM_SHA384,ML-KEM-512,126067.732,106.422,174.045,368.126
795,TLS_AES_256_GCM_SHA384,ML-KEM-512,124538.618,109.271,162.154,1202.410
796,TLS_AES_256_GCM_SHA384,ML-KEM-512,123569.316,110.744,161.735,285.555
797,TLS_AES_256_GCM_SHA384,ML-KEM-512,124648.138,82.718,88.530,278.512
798,TLS_AES_256_GCM_SHA384,ML-KEM-512,124536.821,105.126,115.600,427.880
799,TLS_AES_256_GCM_SHA384,ML-KEM-512,123624.677,104.047,138.620,770.803
800,TLS_AES_256_GCM_SHA384,ML-KEM-512,125685.112,92.838,146.458,743.819
801,TLS_AES_256_GCM_SHA384,ML-KEM-512,125253.905,121.047,148.389,544.997
802,TLS_AES_256_GCM_SHA384,ML-KEM-512,123498.353,104.577,131.036,584.673
803,TLS_AES_256_GCM_SHA384,ML-KEM-512,125448.268,204.926,137.037,861.478
804,TLS_AES_256_GCM_SHA384,ML-KEM-512,123182.404,104.380,102.283,252.965
805,TLS_AES_256_GCM_SHA384,ML-KEM-512,123636.219,97.844,89.279,266.946
806,TLS_AES_256_GCM_SHA384,ML-KEM-512,124553.194,104.974,87.778,597.487
807,TLS_AES_256_GCM_SHA384,ML-KEM-512,123540.030,127.864,110.000,552.402
808,TLS_AES_256_GCM_SHA384,ML-KEM-512,124076.733,140.045,139.435,385.034
809,TLS_AES_256_GCM_SHA384,ML-KEM-512,124425.272,125.943,149.133,835.331
810,TLS_AES_256_GCM_SHA384,ML-KEM-512,125261.509,131.236,131.414,459.588
811,TLS_AES_256_GCM_SHA384,ML-KEM-512,124437.485,112.720,144.148,677.244
812,TLS_AES_256_GCM_SHA384,ML-KEM-512,124647.366,99.312,145.387,347.354
813,TLS_AES_256_GCM_SHA384,ML-KEM-512,123652.663,129.456,150.554,418.221
814,TLS_AES_256_GCM_SHA384,ML-KEM-512,123427.001,127.257,125.843,936.757
815,TLS_AES_256_GCM_SHA384,ML-KEM-512,124665.452,106.801,137.316,480.014
816,TLS_AES_256_GCM_SHA384,ML-KEM-512,124108.754,271.230,108.642,493.932
817,TLS_AES_256_GCM_SHA384,ML-KEM-512,124402.352,113.824,132.759,1191.658
818,TLS_AES_256_GCM_SHA384,ML-KEM-512,124051.175,149.769,77.483,295.792
819,TLS_AES_256_GCM_SHA384,ML-KEM-512,124302.114,117.805,87.575,223.706
820,TLS_AES_256_GCM_SHA384,ML-KEM-512,123618.218,93.721,101.819,499.221
821,TLS_AES_256_GCM_SHA384,ML-KEM-512,125086.955,103.660,144.776,644.011
822,TLS_AES_256_GCM_SHA384,ML-KEM-512,124438.815,127.745,164.578,278.022
823,TLS_AES_256_GCM_SHA384,ML-KEM-512,124561.935,109.550,143.850,644.184
824,TLS_AES_256_GCM_SHA384,ML-KEM-512,123567.637,79.685,85.665,256.131
825,TLS_AES_256_GCM_SHA384,ML-KEM-512,125421.687,129.446,144.383,751.872
826,TLS_AES_256_GCM_SHA384,ML-KEM-512,123851.522,92.598,93.238,379.290
827,TLS_AES_256_GCM_SHA384,ML-KEM-512,126557.802,222.323,50.708,228.837
828,TLS_AES_256_GCM_SHA384,ML-KEM-512,125240.429,202.505,153.137,519.828
829,TLS_AES_256_GCM_SHA384,ML-KEM-512,123678.921,183.696,131.288,393.945
830,TLS_AES_256_GCM_SHA384,ML-KEM-512,124231.666,128.971,112.300,819.416
831,TLS_AES_256_GCM_SHA384,ML-KEM-512,124873.338,126.308,151.800,1847.588
832,TLS_AES_256_GCM_SHA384,ML-KEM-512,124385.160,162.994,104.312,968.713
833,TLS_AES_256_GCM_SHA384,ML-KEM-512,124642.913,93.308,109.969,424.265
834,TLS_AES_256_GCM_SHA384,ML-KEM-512,123518.775,94.485,101.969,416.649
835,TLS_AES_256_GCM_SHA384,ML-KEM-512,123302.207,181.825,114.361,393.759
836,TLS_AES_256_GCM_SHA384,ML-KEM-512,123357.374,133.851,101.134,1069.278
837,TLS_AES_256_GCM_SHA384,ML-KEM-512,123459.352,134.347,137.497,977.876
838,TLS_AES_256_GCM_SHA384,ML-KEM-512,124230.327,138.387,139.372,697.366
839,TLS_AES_256_GCM_SHA384,ML-KEM-512,124683.059,116.553,128.090,691.830
840,TLS_AES_256_GCM_SHA384,ML-KEM-512,125438.962,141.905,108.266,498.127
841,TLS_AES_256_GCM_SHA384,ML-KEM-512,124230.650,211.328,132.737,534.465
842,TLS_AES_256_GCM_SHA384,ML-KEM-512,127334.919,223.839,141.105,908.141
843,TLS_AES_256_GCM_SHA384,ML-KEM-512,124671.940,85.550,218.411,571.725
844,TLS_AES_256_GCM_SHA384,ML-KEM-512,125712.326,111.542,112.717,671.902
845,TLS_AES_256_GCM_SHA384,ML-KEM-512,124348.928,119.168,131.253,539.142
846,TLS_AES_256_GCM_SHA384,ML-KEM-512,124497.793,174.348,115.314,435.051
847,TLS_AES_256_GCM_SHA384,ML-KEM-512,124948.978,118.477,113.215,302.356
848,TLS_AES_256_GCM_SHA384,ML-KEM-512,124874.576,95.448,98.067,232.469
849,TLS_AES_256_GCM_SHA384,ML-KEM-512,124414.757,78.015,71.927,267.751
850,TLS_AES_256_GCM_SHA384,ML-KEM-512,123721.128,76.641,101.847,336.399
851,TLS_AES_256_GCM_SHA384,ML-KEM-512,126450.600,117.473,139.461,332.464
852,TLS_AES_256_GCM_SHA384,ML-KEM-512,124533.366,105.461,160.325,1065.161
853,TLS_AES_256_GCM_SHA384,ML-KEM-512,124251.863,134.545,140.183,356.809
854,TLS_AES_256_GCM_SHA384,ML-KEM-512,124109.520,133.252,140.947,543.278
855,TLS_AES_256_GCM_SHA384,ML-KEM-512,124285.458,128.229,147.697,417.898
856,TLS_AES_256_GCM_SHA384,ML-KEM-512,124562.775,118.004,147.790,701.389
857,TLS_AES_256_GCM_SHA384,ML-KEM-512,125571.638,143.123,148.000,586.869
858,TLS_AES_256_GCM_SHA384,ML-KEM-512,123143.275,126.014,132.968,637.323
859,TLS_AES_256_GCM_SHA384,ML-KEM-512,124716.832,93.340,82.936,207.925
860,TLS_AES_256_GCM_SHA384,ML-KEM-512,123196.543,94.493,106.786,508.379
861,TLS_AES_256_GCM_SHA384,ML-KEM-512,124808.462,54.894,65.710,121.252
862,TLS_AES_256_GCM_SHA384,ML-KEM-512,123464.297,119.545,136.875,585.594
863,TLS_AES_256_GCM_SHA384,ML-KEM-512,123559.954,91.296,96.634,600.406
864,TLS_AES_256_GCM_SHA384,ML-KEM-512,126528.415,101.893,133.591,955.962
865,TLS_AES_256_GCM_SHA384,ML-KEM-512,124392.508,185.725,142.169,635.819
866,TLS_AES_256_GCM_SHA384,ML-KEM-512,124818.587,145.902,143.761,639.447
867,TLS_AES_256_GCM_SHA384,ML-KEM-512,123474.890,146.016,160.386,572.796
868,TLS_AES_256_GCM_SHA384,ML-KEM-512,123863.696,129.289,146.244,584.278
869,TLS_AES_256_GCM_SHA384,ML-KEM-512,123736.544,97.313,131.502,463.092
870,TLS_AES_256_GCM_SHA384,ML-KEM-512,124399.173,141.086,184.156,767.024
871,TLS_AES_256_GCM_SHA384,ML-KEM-512,124198.803,168.966,132.759,410.562
872,TLS_AES_256_GCM_SHA384,ML-KEM-512,124379.927,193.944,155.514,389.047
873,TLS_AES_256_GCM_SHA384,ML-KEM-512,124347.598,224.773,129.395,471.745
874,TLS_AES_256_GCM_SHA384,ML-KEM-512,124450.036,125.563,134.261,425.090
875,TLS_AES_256_GCM_SHA384,ML-KEM-512,123322.924,101.268,203.131,830.079
876,TLS_AES_256_GCM_SHA384,ML-KEM-512,123633.495,94.529,131.893,669.109
877,TLS_AES_256_GCM_SHA384,ML-KEM-512,123590.333,78.828,82.569,965.606
878,TLS_AES_256_GCM_SHA384,ML-KEM-512,126597.172,98.776,91.577,425.841
879,TLS_AES_256_GCM_SHA384,ML-KEM-512,125368.140,131.984,144.693,469.809
880,TLS_AES_256_GCM_SHA384,ML-KEM-512,124665.217,145.364,130.492,770.288
881,TLS_AES_256_GCM_SHA384,ML-KEM-512,123541.262,114.396,149.660,645.672
882,TLS_AES_256_GCM_SHA384,ML-KEM-512,124401.265,119.784,133.698,736.530
883,TLS_AES_256_GCM_SHA384,ML-KEM-512,124284.045,178.833,133.230,311.468
884,TLS_AES_256_GCM_SHA384,ML-KEM-512,124559.267,124.401,136.718,736.039
885,TLS_AES_256_GCM_SHA384,ML-KEM-512,124082.769,84.416,142.477,412.599
886,TLS_AES_256_GCM_SHA384,ML-KEM-512,124523.388,113.338,103.005,1016.556
887,TLS_AES_256_GCM_SHA384,ML-KEM-512,123618.825,115.956,145.225,801.430
888,TLS_AES_256_GCM_SHA384,ML-KEM-512,124214.690,198.578,184.460,891.429
889,TLS_AES_256_GCM_SHA384,ML-KEM-512,123638.184,224.314,124.467,1543.158
890,TLS_AES_256_GCM_SHA384,ML-KEM-512,123512.204,120.880,112.524,826.643
891,TLS_AES_256_GCM_SHA384,ML-KEM-512,125678.292,117.985,80.129,309.780
892,TLS_AES_256_GCM_SHA384,ML-KEM-512,124436.818,116.541,121.210,337.904
893,TLS_AES_256_GCM_SHA384,ML-KEM-512,124255.701,128.218,143.871,924.979
894,TLS_AES_256_GCM_SHA384,ML-KEM-512,124158.664,141.691,124.279,688.469
895,TLS_AES_256_GCM_SHA384,ML-KEM-512,124598.592,88.440,136.023,898.549
896,TLS_AES_256_GCM_SHA384,ML-KEM-512,123064.317,84.708,97.487,232.056
897,TLS_AES_256_GCM_SHA384,ML-KEM-512,124753.858,83.548,105.351,252.272
898,TLS_AES_256_GCM_SHA384,ML-KEM-512,124430.151,99.211,110.733,725.819
899,TLS_AES_256_GCM_SHA384,ML-KEM-512,124604.957,80.514,109.360,423.311
900,TLS_AES_256_GCM_SHA384,ML-KEM-512,125732.059,93.913,125.913,610.722
901,TLS_AES_256_GCM_SHA384,ML-KEM-512,124662.255,92.881,164.860,571.831
902,TLS_AES_256_GCM_SHA384,ML-KEM-512,124475.089,122.955,107.661,735.013
903,TLS_AES_256_GCM_SHA384,ML-KEM-512,122621.310,74.114,89.666,215.302
904,TLS_AES_256_GCM_SHA384,ML-KEM-512,124616.529,95.003,195.187,1095.056
905,TLS_AES_256_GCM_SHA384,ML-KEM-512,126555.515,119.256,135.905,754.108
906,TLS_AES_256_GCM_SHA384,ML-KEM-512,125391.367,113.144,110.776,480.381
907,TLS_AES_256_GCM_SHA384,ML-KEM-512,125730.863,82.807,117.159,476.954
908,TLS_AES_256_GCM_SHA384,ML-KEM-512,125230.525,107.522,88.729,447.774
909,TLS_AES_256_GCM_SHA384,ML-KEM-512,125249.542,91.176,199.418,1221.861
910,TLS_AES_256_GCM_SHA384,ML-KEM-512,125339.131,125.695,125.840,528.458
911,TLS_AES_256_GCM_SHA384,ML-KEM-512,125445.179,108.291,201.949,1149.853
912,TLS_AES_256_GCM_SHA384,ML-KEM-512,124429.386,108.001,150.796,802.139
913,TLS_AES_256_GCM_SHA384,ML-KEM-512,122781.997,153.891,132.001,332.519
914,TLS_AES_256_GCM_SHA384,ML-KEM-512,124193.829,121.137,143.387,370.540
915,TLS_AES_256_GCM_SHA384,ML-KEM-512,124694.773,95.183,199.301,391.336
916,TLS_AES_256_GCM_SHA384,ML-KEM-512,124978.772,95.234,103.247,251.171
917,TLS_AES_256_GCM_SHA384,ML-KEM-512,124833.401,84.068,110.214,364.316
918,TLS_AES_256_GCM_SHA384,ML-KEM-512,124280.880,113.111,135.535,483.698
919,TLS_AES_256_GCM_SHA384,ML-KEM-512,124746.059,84.348,130.558,417.713
920,TLS_AES_256_GCM_SHA384,ML-KEM-512,123239.100,121.393,110.719,461.260
921,TLS_AES_256_GCM_SHA384,ML-KEM-512,123484.649,125.645,124.573,774.818
922,TLS_AES_256_GCM_SHA384,ML-KEM-512,124311.987,115.020,324.706,530.023
923,TLS_AES_256_GCM_SHA384,ML-KEM-512,125447.293,96.986,134.822,469.003
924,TLS_AES_256_GCM_SHA384,ML-KEM-512,124387.352,179.325,133.373,483.751
925,TLS_AES_256_GCM_SHA384,ML-KEM-512,123495.041,203.883,159.454,952.121
926,TLS_AES_256_GCM_SHA384,ML-KEM-512,124321.875,126.324,173.953,226.316
927,TLS_AES_256_GCM_SHA384,ML-KEM-512,124356.043,164.471,115.927,216.521
928,TLS_AES_256_GCM_SHA384,ML-KEM-512,124502.783,394.349,117.232,362.784
929,TLS_AES_256_GCM_SHA384,ML-KEM-512,125427.067,101.933,133.430,798.939
930,TLS_AES_256_GCM_SHA384,ML-KEM-512,125557.460,120.129,189.751,826.782
931,TLS_AES_256_GCM_SHA384,ML-KEM-512,124490.889,102.693,122.793,507.650
932,TLS_AES_256_GCM_SHA384,ML-KEM-512,124204.825,119.173,136.612,638.265
933,TLS_AES_256_GCM_SHA384,ML-KEM-512,124423.002,88.498,105.762,233.649
934,TLS_AES_256_GCM_SHA384,ML-KEM-512,124566.000,90.348,114.200,309.540
935,TLS_AES_256_GCM_SHA384,ML-KEM-512,124685.145,105.167,141.398,864.369
936,TLS_AES_256_GCM_SHA384,ML-KEM-512,124740.618,134.584,135.074,264.004
937,TLS_AES_256_GCM_SHA384,ML-KEM-512,123330.170,89.990,128.670,522.165
938,TLS_AES_256_GCM_SHA384,ML-KEM-512,124061.326,122.395,129.106,990.117
939,TLS_AES_256_GCM_SHA384,ML-KEM-512,124420.571,188.523,204.489,558.185
940,TLS_AES_256_GCM_SHA384,ML-KEM-512,124280.085,149.303,115.815,929.204
941,TLS_AES_256_GCM_SHA384,ML-KEM-512,125712.322,142.555,129.150,395.502
942,TLS_AES_256_GCM_SHA384,ML-KEM-512,124160.010,122.803,102.609,576.129
943,TLS_AES_256_GCM_SHA384,ML-KEM-512,124516.549,95.445,187.645,380.820
944,TLS_AES_256_GCM_SHA384,ML-KEM-512,124561.016,131.420,129.605,631.998
945,TLS_AES_256_GCM_SHA384,ML-KEM-512,125576.954,122.738,116.150,272.166
946,TLS_AES_256_GCM_SHA384,ML-KEM-512,123497.329,125.348,145.889,797.523
947,TLS_AES_256_GCM_SHA384,ML-KEM-512,124040.746,115.906,110.907,1082.224
948,TLS_AES_256_GCM_SHA384,ML-KEM-512,124763.103,70.586,135.153,683.399
949,TLS_AES_256_GCM_SHA384,ML-KEM-512,124745.316,103.448,88.675,527.403
950,TLS_AES_256_GCM_SHA384,ML-KEM-512,125462.288,107.254,110.893,656.281
951,TLS_AES_256_GCM_SHA384,ML-KEM-512,125391.093,186.741,298.111,1131.502
952,TLS_AES_256_GCM_SHA384,ML-KEM-512,123717.009,103.500,144.473,1421.160
953,TLS_AES_256_GCM_SHA384,ML-KEM-512,124147.438,128.658,119.330,485.481
954,TLS_AES_256_GCM_SHA384,ML-KEM-512,123882.694,124.307,151.113,566.398
955,TLS_AES_256_GCM_SHA384,ML-KEM-512,126139.095,126.306,95.288,297.079
956,TLS_AES_256_GCM_SHA384,ML-KEM-512,123729.826,102.118,140.595,544.459
957,TLS_AES_256_GCM_SHA384,ML-KEM-512,124325.046,114.661,89.992,307.716
958,TLS_AES_256_GCM_SHA384,ML-KEM-512,124764.478,122.577,94.593,715.489
959,TLS_AES_256_GCM_SHA384,ML-KEM-512,124409.872,130.852,109.680,276.815
960,TLS_AES_256_GCM_SHA384,ML-KEM-512,122757.080,73.750,115.598,1330.233
961,TLS_AES_256_GCM_SHA384,ML-KEM-512,124493.278,119.598,93.173,257.601
962,TLS_AES_256_GCM_SHA384,ML-KEM-512,123069.727,78.214,125.073,640.565
963,TLS_AES_256_GCM_SHA384,ML-KEM-512,123819.328,81.042,104.135,481.574
964,TLS_AES_256_GCM_SHA384,ML-KEM-512,125488.105,99.672,97.008,418.725
965,TLS_AES_256_GCM_SHA384,ML-KEM-512,123348.825,173.927,102.590,550.083
966,TLS_AES_256_GCM_SHA384,ML-KEM-512,124590.764,103.931,117.317,657.297
967,TLS_AES_256_GCM_SHA384,ML-KEM-512,123646.129,120.724,173.406,480.796
968,TLS_AES_256_GCM_SHA384,ML-KEM-512,124164.804,113.873,135.876,765.179
969,TLS_AES_256_GCM_SHA384,ML-KEM-512,124565.883,123.445,193.281,1585.607
970,TLS_AES_256_GCM_SHA384,ML-KEM-512,125553.359,91.832,147.110,651.155
971,TLS_AES_256_GCM_SHA384,ML-KEM-512,126475.944,141.473,145.610,776.435
972,TLS_AES_256_GCM_SHA384,ML-KEM-512,125411.082,208.783,146.856,545.815
973,TLS_AES_256_GCM_SHA384,ML-KEM-512,124549.154,162.688,130.171,884.287
974,TLS_AES_256_GCM_SHA384,ML-KEM-512,124284.484,117.497,105.894,331.761
975,TLS_AES_256_GCM_SHA384,ML-KEM-512,124416.471,384.002,122.360,652.130
976,TLS_AES_256_GCM_SHA384,ML-KEM-512,123484.440,107.959,110.729,526.797
977,TLS_AES_256_GCM_SHA384,ML-KEM-512,123511.945,132.792,92.691,325.965
978,TLS_AES_256_GCM_SHA384,ML-KEM-512,124375.369,115.586,135.945,334.948
979,TLS_AES_256_GCM_SHA384,ML-KEM-512,123804.798,83.223,138.389,418.296
980,TLS_AES_256_GCM_SHA384,ML-KEM-512,125492.567,201.628,129.839,906.172
981,TLS_AES_256_GCM_SHA384,ML-KEM-512,126300.147,117.056,114.728,269.956
982,TLS_AES_256_GCM_SHA384,ML-KEM-512,124568.054,94.776,137.497,578.882
983,TLS_AES_256_GCM_SHA384,ML-KEM-512,124168.042,105.003,86.508,394.650
984,TLS_AES_256_GCM_SHA384,ML-KEM-512,123303.300,117.292,82.917,181.318
985,TLS_AES_256_GCM_SHA384,ML-KEM-512,123684.947,82.111,117.788,294.355
986,TLS_AES_256_GCM_SHA384,ML-KEM-512,123615.265,94.755,132.610,751.319
987,TLS_AES_256_GCM_SHA384,ML-KEM-512,123272.069,118.364,136.662,495.234
988,TLS_AES_256_GCM_SHA384,ML-KEM-512,123428.706,105.649,101.451,328.053
989,TLS_AES_256_GCM_SHA384,ML-KEM-512,123719.858,67.705,89.797,1087.884
990,TLS_AES_256_GCM_SHA384,ML-KEM-512,123777.548,83.028,112.013,408.767
991,TLS_AES_256_GCM_SHA384,ML-KEM-512,124594.955,212.870,146.650,497.608
992,TLS_AES_256_GCM_SHA384,ML-KEM-512,123094.111,108.898,86.154,819.157
993,TLS_AES_256_GCM_SHA384,ML-KEM-512,122745.061,82.985,91.652,506.270
994,TLS_AES_256_GCM_SHA384,ML-KEM-512,123726.931,148.626,113.829,338.396
995,TLS_AES_256_GCM_SHA384,ML-KEM-512,125012.919,135.337,140.663,1122.249
996,TLS_AES_256_GCM_SHA384,ML-KEM-512,123423.558,210.004,105.664,529.049
997,TLS_AES_256_GCM_SHA384,ML-KEM-512,125147.391,135.532,125.231,905.217
998,TLS_AES_256_GCM_SHA384,ML-KEM-512,124204.390,115.149,123.373,396.036
999,TLS_AES_256_GCM_SHA384,ML-KEM-512,125408.671,119.080,108.873,1085.630
1000,TLS_AES_256_GCM_SHA384,ML-KEM-512,123304.298,118.089,118.018,416.385
