Iter,cryp_size,K_KEM_Cyc,K_KEM_ns,K_SIG_Cyc,K_SIG_ns,Sign_Cyc,Sign_ns,Verify_Cyc,Verify_ns,E_Cyc,E_ns,D_Cyc,D_ns
1,18419,442180,165008,1230360,458310,3249924,1209698,1421232,529268,456224,170212,528628,197056
2,18419,480178,179247,1298002,483660,2493902,928389,1219192,454229,463234,172706,547850,204272
3,18419,243594,90798,695400,259090,1251298,465776,671146,249943,239372,89336,301180,112395
4,18419,542874,202609,1549720,577037,5563094,2070770,1577016,587193,615936,229623,737384,274889
5,18419,634722,236873,1730146,644257,5553204,2066666,1695446,631326,619514,230958,699426,260732
6,18419,775389,289864,1229866,457955,5469914,2035428,1178256,438646,434316,161820,508130,189291
7,18419,587276,219190,1559712,581518,4197130,1562029,1487206,553874,575598,214592,565208,210555
8,18419,577642,215580,1509790,562166,3677718,1368753,1473020,548490,576872,215584,713254,266005
9,18419,428000,159510,1198682,446318,2654564,987858,1194064,444597,435522,162472,529784,197452
10,18419,556896,207821,1532164,570633,2180902,811940,1473258,549259,575446,214540,577722,215310
11,18419,599216,223645,1581484,589001,2819922,1049729,1472660,548334,578546,215691,627626,233967
12,18419,609721,227702,835164,310934,1872606,696900,852958,317483,324276,120824,447836,166817
13,18419,550896,205619,1532942,570978,2802742,1043318,1472998,548460,576476,214921,568988,212250
14,18419,646166,242005,1531570,570287,2187544,815043,1488548,554330,575674,215346,690700,257528
15,18419,575130,214670,1786490,665480,4525104,1684147,1473090,548500,585852,219010,592340,220699
16,18419,529044,197424,1468576,546815,8048000,2994760,1705402,635113,553614,206414,382876,142612
17,18419,549960,205223,1738390,647481,7102340,2642811,1209526,450393,440504,164235,506072,188653
18,18419,547639,204391,649744,241953,1752454,652132,599028,222970,225486,84004,265494,98880
19,18419,473426,176686,1331866,496055,4095802,1524415,1609336,599475,575666,214620,709020,264495
20,18419,431956,161048,1214316,452097,1728504,643310,1169246,435284,446136,166217,516008,192226
21,18419,570668,213089,1515332,564268,3572862,1329769,1479588,550968,577030,215125,603230,224903
22,18419,581598,217065,1584804,590303,2933212,1091787,1472804,548387,579058,215886,690336,257335
23,18419,374864,139725,1031108,384008,1493930,556068,1011372,376451,416512,155177,527142,196334
24,18419,530404,197954,1650544,614596,3692136,1374225,1511200,562684,578278,215591,711534,265348
25,18419,526498,196502,1440570,536383,5927110,2205710,1526638,568694,549942,205034,680304,253825
26,18419,548938,204942,1439255,536512,3005110,1118400,1256948,468029,425292,158413,497836,185442
27,18419,547954,204487,1447048,538783,2073064,771851,1400038,521295,567032,211386,658256,245483
28,18419,525684,196198,1461264,544135,3421976,1273675,1398734,520821,558280,208177,658514,245562
29,18419,525168,196013,1438812,535725,3959411,1474195,1131310,421221,423348,157689,498952,185841
30,18419,522368,195316,1522340,566964,6351846,2363724,1467532,546584,577624,215351,692532,258166
31,18419,558390,208373,1516298,564572,4175163,1554561,1172510,436692,477768,178160,2794042,1039798
32,18419,588146,219546,1501658,559125,14555541,5416257,1163272,433035,450694,167943,524988,195563
33,18419,580640,216743,1519030,565735,5504161,2048859,1213536,451963,452792,168649,544012,202803
34,18419,547978,204509,1574080,586144,8860678,3297053,1701417,634155,478994,178416,534380,199110
35,18419,533874,199002,1444290,537637,7877530,2930950,1126906,419709,426090,158833,519176,193487
36,18419,422842,157594,1168264,434842,1635980,608912,1109822,413097,407570,151922,447016,166537
37,18419,526008,196298,1433406,533713,4019890,1496128,1397814,520457,523760,195268,695997,260159
38,18419,533346,199035,1436912,535052,2063560,768336,1410224,525102,550690,205306,661532,246624
39,18419,525506,196106,1509508,562164,6252347,2327098,1136358,423074,430784,160457,543188,202347
40,18419,562652,209984,1438752,535757,4312625,1605655,1120660,417228,456546,170071,532422,198320
41,18419,574024,214212,1522228,566778,4337660,1614214,1456832,542433,564636,210505,566868,211307
42,18419,451486,168495,1351012,503178,5152750,1917595,1511542,562800,665363,248955,517644,192797
43,18419,517204,193013,1467826,546538,2067114,769652,1399348,521043,548592,204557,679686,253445
44,18419,643917,240841,1187026,441884,6088274,2265323,1206474,449139,422110,157261,486310,181351
45,18419,412608,153768,1162538,432950,3726094,1386673,1109412,412936,412270,153627,499628,186112
46,18419,533624,199156,1443016,537419,5725386,2130657,1399112,521348,556648,207669,539684,201043
47,18419,516010,192599,1450280,540009,7591068,2824881,1408840,524571,544614,203047,633122,235996
48,18419,474696,177141,1321968,492225,2676700,996429,1489340,554542,576402,214899,520342,193813
49,18419,528616,197264,1490570,555019,2182632,812611,1401206,521735,549694,204940,515486,192117
50,18419,605070,225941,1512078,563004,10521331,3915533,1164226,433394,468558,174721,501322,186800
51,18419,601716,224613,1549118,576857,3878644,1443648,1474242,548931,576822,215047,697154,260146
52,18419,630202,235357,1608228,599371,2526292,940621,1847898,688285,645250,240560,789345,295750
53,18419,554142,206822,1546316,575762,10149315,3776897,897748,334351,355942,132579,399982,148985
54,18419,584854,218285,1820936,678098,2312516,860976,1370188,510181,529072,197338,524862,195820
55,18419,220148,82055,619726,230701,931048,346642,636136,236855,235268,87672,327234,121881
56,18419,334072,124533,1031732,384158,1487490,553778,1013334,377226,371698,138538,525484,195851
57,18419,554128,206813,1528646,569264,3815487,1420453,1227384,456960,464800,173202,536226,199699
58,18419,412692,153832,1147818,427282,6616716,2461904,1107844,412388,411362,153226,503794,187658
59,18419,432152,161069,1243880,463220,2286156,850901,1174192,437046,430586,160410,490810,182935
60,18419,525002,195981,1462802,544874,2072048,771487,1399594,521149,548848,204629,675336,251947
61,18419,525798,196254,1437878,535393,5485520,2041399,1412656,526010,546340,203689,653884,243728
62,18419,551444,205823,1551673,578459,1754522,653177,1170386,435637,448578,167098,533702,198798
63,18419,549488,205100,1624716,605000,2860348,1064673,1471526,547917,612796,228604,693992,258778
64,18419,358890,133781,928190,345551,1381308,514132,963956,358829,359890,134169,519418,193477
65,18419,518094,193330,1433968,533942,2082608,775421,1414184,526650,548476,204484,694270,258817
66,18419,430388,160419,1171944,436307,2067092,769289,1126794,419597,413244,153967,535090,199315
67,18419,547668,204382,1512444,563142,4251996,1582666,1481806,551749,575158,214429,571964,213119
68,18419,577920,215709,1589258,591780,2924370,1088803,1473490,548643,596138,222410,505058,188284
69,18419,531976,198543,1519583,566314,2254670,839221,1109258,412881,428700,159689,508218,189307
70,18419,522178,194872,1505698,560808,2176410,810331,1473942,548815,577746,215391,749286,279388
71,18419,564284,210550,1543662,574773,3610176,1343784,1473004,548484,706309,264599,532206,198272
72,18419,589858,220167,1597454,594856,3872795,1442056,1181524,439949,487140,181443,586752,218543
73,18419,557598,208101,1571822,585321,3985184,1483379,1875498,698530,615714,229553,695150,259328
74,18419,545620,203703,1508338,561632,2195708,817554,1498720,558876,575794,214665,689704,257110
75,18419,561114,209698,1515020,564336,2298424,855744,1472454,548278,587748,219127,655788,244475
76,18419,559776,208943,1524774,567863,2952680,1099335,1446438,538739,557912,208153,500832,186701
77,18419,544958,203430,1524304,567697,4836782,1799934,1482886,552162,578464,215666,526398,196096
78,18419,535786,199938,1562631,582309,2224832,828111,1105804,411605,431774,160827,502444,187135
79,18419,567750,211884,1448337,539815,4577446,1703354,1255980,467523,455540,169679,538218,200561
80,18419,538082,200775,1515714,564410,2955522,1100253,1527522,568774,549558,204892,459402,171104
81,18419,520842,194375,1465430,545717,2158490,803502,1434856,534254,498918,186015,528360,196970
82,18419,436826,163041,1222188,455290,1818318,677129,1167526,434732,460748,171794,371902,138630
83,18419,553580,206674,1519552,565786,3184677,1185793,1216668,452898,449794,167538,525870,195881
84,18419,428742,159831,1335702,497348,5956186,2216190,1167378,434519,425970,158714,529492,197196
85,18419,548978,204864,1535268,571654,3499542,1302485,1446114,538461,562654,209763,552424,205833
86,18419,561714,209628,1514518,563912,4026159,1498923,1114306,414868,471686,175717,504836,187998
87,18419,462474,172444,1288286,479804,5466092,2034000,1188952,442587,434724,161931,492018,183311
88,18419,521382,194594,1451200,540333,3601428,1340607,1398852,520851,547938,204285,530300,197557
89,18419,534718,199616,1473370,548603,2065172,768960,1397482,520343,548616,204561,655678,244460
90,18419,741231,276806,1177332,438378,2227656,829163,1178014,438482,441594,164554,536150,199698
91,18419,413074,153945,1206524,449216,4986640,1855427,1175956,437738,433702,161554,517076,192611
92,18419,530406,197935,1428086,531734,5201376,1935723,1421404,529274,547000,203940,531212,197856
93,18419,527268,196812,1477132,550183,2177426,810706,1400202,521368,575700,215358,658724,245591
94,18419,659927,246479,1147192,427216,1659500,617827,1120574,417113,442660,164912,501550,186844
95,18419,473014,176241,1219318,453939,3022842,1124893,1200622,447022,438364,163283,514232,191560
96,18419,456380,170076,1144304,425981,3185266,1185266,1126284,419218,412768,153834,527140,196335
97,18419,532900,198900,1436824,535106,2114824,787384,1413422,526485,550080,205098,515110,191970
98,18419,521610,194672,1503478,559911,2118612,788821,1400464,521455,547630,204909,646132,241037
99,18419,455764,170123,1366768,508923,2020692,752250,1167811,435350,344454,128330,450506,167797
100,18419,721763,269557,1209074,450220,3353196,1247807,1167108,434449,432836,161290,523996,195188
101,18419,556550,208393,1542858,574528,5830810,2170013,1574684,586471,582244,217206,802326,299224
102,18419,582854,217500,1646652,613117,7173431,2670462,1170638,435884,454548,169314,574514,214099
103,18419,651856,243260,1688482,628705,5308126,1975369,1786471,665864,308584,114996,271382,101068
104,18419,560946,209323,1521182,566520,4364146,1624260,1484202,552649,579360,215992,706258,263312
105,18419,444352,165581,1153072,429242,5055320,1880999,1167800,434703,462906,172470,529002,197058
106,18419,567182,211655,1510354,562371,6624523,2465736,1177290,438228,498408,185660,531328,197934
107,18419,549372,205011,1538210,572724,14383147,5352190,1123850,418346,434860,161977,500402,186382
108,18419,522428,195461,1685523,628033,5698672,2120424,1108164,412479,446740,166413,560350,208714
109,18419,438010,163233,1169432,435424,2621172,975499,1106856,412149,423570,157857,501826,186962
110,18419,543884,202988,1436094,534735,9794157,3644862,986878,367447,366042,136334,436136,162466
111,18419,516940,192987,1384066,515337,3916516,1457798,1295734,482461,497666,185547,505044,188268
112,18419,441694,164857,1061169,396301,1771298,659214,636596,236950,250698,93383,321396,119699
113,18419,568138,212015,1539452,573264,4840655,1802076,1216202,452862,465580,173418,495362,184490
114,18419,438876,163565,1204910,448603,2199898,818740,1178490,438782,437936,163337,518086,192992
115,18419,522812,195116,1494314,556534,5565318,2071154,1400576,521503,548724,204581,537076,200042
116,18419,547672,204391,1500918,558849,3282941,1222508,1240778,461928,483144,179951,503458,187502
117,18419,421544,157097,1230814,458389,4193294,1560298,1189988,442972,437050,162835,492716,183530
118,18419,512669,191820,1221018,454682,1649984,614133,1114460,414813,412744,153805,493262,183715
119,18419,578420,215911,1521262,566458,2951890,1098860,1413354,526271,550882,205380,657252,245014
120,18419,575890,214951,1507842,561513,2099218,781503,1398798,520850,559288,208507,663426,247336
121,18419,549690,205117,1549084,576897,3294403,1226895,1178768,438884,443430,165185,501314,186732
122,18419,529938,197809,1520726,566348,3008941,1120352,1132550,421632,499754,186159,544864,202928
123,18419,433260,161631,1208122,449724,3485392,1297005,1231208,458340,438022,163149,491926,183236
124,18419,427732,159430,1210930,450834,2780532,1034713,1212270,451257,435874,162388,502698,187260
125,18419,547934,204557,1542784,574608,7917882,2946466,1284869,479134,442632,164975,508092,189250
126,18419,526256,196370,1459426,543502,2838394,1056623,1510708,562469,551548,205624,646686,241340
127,18419,305820,113970,876200,326229,2414772,898539,908570,338213,332814,123971,457390,170361
128,18419,471018,175537,1214994,452368,2752672,1024330,1175546,437569,453218,168892,493056,183643
129,18419,552666,206235,1507072,561143,9327573,3471174,1137254,423396,452554,168559,511656,190593
130,18419,545264,203640,1471551,548547,2641436,983123,1129012,420243,423596,157816,502214,187060
131,18419,516668,192873,1378688,513452,4050138,1507509,1332022,495990,519956,193857,626538,233561
132,18419,521210,194535,1365370,508428,2082692,775429,1333270,496439,546382,203834,643804,240194
133,18419,545402,203695,1427650,531564,3504678,1304426,1461451,544912,436268,162530,503414,187483
134,18419,517364,193102,1498856,559002,3651155,1359324,1167082,434439,457146,170306,564234,210190
135,18419,450778,167984,1149834,428143,6830266,2541393,1110824,413498,406596,151468,508520,189405
136,18419,580928,216787,1550658,577444,3440552,1280658,1660649,618827,454758,169379,531028,197790
137,18419,546736,204033,1515904,564449,6078823,2262441,1024778,381495,442812,164938,507264,188946
138,18419,565832,211154,1501604,559143,2311758,860703,1417890,527963,550834,205363,625756,233278
139,18419,460266,171793,1308308,487198,5523104,2055583,1286867,479718,379606,141397,497868,185415
140,18419,555672,207387,1549014,576885,4943001,1839750,877654,326713,327358,121927,410932,153065
141,18419,363828,135596,1021910,380468,1730884,644191,984914,366594,353612,131743,514686,191697
142,18419,686573,256504,1161034,432239,2665460,992012,1126032,419146,418530,155907,504884,188094
143,18419,443460,165290,1149816,428134,1664854,619646,1109694,413080,409810,152681,489796,182455
144,18419,450024,167704,1215374,452549,4204442,1564483,1162584,432732,436514,162605,520650,193922
145,18419,437918,163199,1250948,465776,3132320,1165755,1185964,441466,434088,161729,522568,194641
146,18419,541944,202262,1432584,533408,3425418,1275007,1412140,525864,549292,204795,515076,191892
147,18419,555358,207274,1447312,538993,4469486,1663333,1401412,521815,558766,208314,538146,200832
148,18419,492170,183673,1527105,569726,2990512,1113008,1054124,392368,425160,158359,482046,179527
149,18419,517100,193006,1441650,536799,2063772,768573,1399334,521084,550066,205078,646906,241214
150,18419,671764,250685,1525944,568256,2810400,1046144,1495082,556691,625242,233089,703274,262154
151,18419,561656,209608,1642636,611716,2295514,854713,1477262,550771,684613,256240,544562,202875
152,18419,612910,228740,1600664,596015,3470942,1291994,1472088,548147,579912,216198,693920,258717
153,18419,542704,202526,1822465,679022,1444218,537684,1045898,389371,388968,145017,508254,189396
154,18419,694226,259125,1804122,671814,3225778,1200997,1735177,647154,555776,207136,688690,256540
155,18419,557618,208140,1521630,566570,4917996,1830314,1594512,593744,579028,215877,467464,174102
156,18419,574248,214464,1515894,564416,2783952,1036359,1351840,503360,499234,186127,506338,188754
157,18419,452052,168742,1239962,461742,2729799,1016521,679154,252804,260874,97225,363654,135459
158,18419,324866,121151,951492,354250,1545938,575321,877646,326704,321932,119910,429370,159918
159,18419,559616,208929,1582934,589616,2542647,946728,853362,317649,326358,121559,398156,148295
160,18419,386852,144158,1066958,397227,2980604,1109119,1244450,463252,435484,162243,524058,195196
161,18419,423272,157759,1210388,450684,2204768,820558,1130666,420853,412484,153653,511682,190594
162,18419,522540,195008,1447602,538993,2068722,770256,1409648,524867,549246,204772,656364,244697
163,18419,519894,194041,1468036,546618,3508104,1305800,1398334,520681,557304,207784,656152,244627
164,18419,543968,203011,1514376,563991,2832804,1054555,1589622,591856,587340,218972,654206,243896
165,18419,470994,175514,1272932,473980,2920638,1086840,1185088,441136,441136,164316,531880,198091
166,18419,441000,164377,1242738,462613,1703892,634151,1185828,441389,436360,162568,514902,191814
167,18419,545346,203528,1575172,586717,2853878,1062375,1400660,521547,561026,209175,504604,187961
168,18419,519980,194093,1462562,544662,2072846,771772,1398712,520807,549854,205027,704568,262966
169,18419,553308,206667,1424152,530265,3786729,1409751,1115190,415397,443128,165053,497070,185225
170,18419,552932,206362,1542764,574443,2945370,1096431,1472214,548167,585080,218149,544326,202942
171,18419,529274,197518,1464702,545465,3520612,1310432,1516701,565173,437252,163051,509480,189752
172,18419,550628,205486,1548012,576813,2282534,849695,1485492,553148,581730,216866,684600,255263
173,18419,474012,176675,1221852,455087,2880172,1071840,1192054,443728,436604,162671,547480,203943
174,18419,549272,205026,1511658,562847,2955018,1100026,1486168,553390,577286,215222,653972,243778
175,18419,519804,193990,1465534,545811,4735246,1762294,1397646,520402,558046,208043,523466,195144
176,18419,562186,210443,1675471,624455,1809276,673615,1173786,436913,452306,168561,539166,200840
177,18419,547366,204309,1637996,610007,7582548,2821627,1584564,590099,588456,219394,505474,188271
178,18419,585266,218417,1565938,583200,4362400,1623495,1481076,551489,582726,217242,551152,205470
179,18419,413172,153996,1182712,440351,4605556,1713718,1256660,467782,445030,165998,536626,199902
180,18419,520992,194434,1442266,537006,2938536,1093857,1401724,521926,549134,204728,518332,193062
181,18419,589688,220117,1581020,588681,2830112,1053562,1484218,552646,579810,216158,655464,244353
182,18419,822215,307175,1258286,468536,2493822,928154,1251984,466265,465922,173720,541784,201782
183,18419,525196,195996,1446626,538717,3454038,1285645,1506518,560911,565434,210872,401054,149375
184,18419,547202,204216,1512126,563013,2687452,1000430,1412846,526255,548046,204328,653600,244340
185,18419,526634,196539,1490362,555059,2720745,1013188,1109088,412953,472986,176250,495464,184592
186,18419,552424,206314,1444968,538015,6073690,2260072,1396864,520122,521072,194268,526686,196341
187,18419,432156,161267,1099658,409469,4913294,1828915,1372290,510949,538724,200851,660780,246338
188,18419,547100,204197,1537294,573003,2171484,808521,1638607,610672,465782,173650,524002,195139
189,18419,548124,204609,1609744,599404,4302400,1601276,1392393,519109,432438,161083,504106,187753
190,18419,532430,198723,1493568,556219,3540536,1317828,1409060,524672,550020,205071,656882,244885
191,18419,328300,122343,866496,322621,2865862,1066357,887816,330463,354860,132212,499346,185966
192,18419,522514,194999,1463474,544966,3514308,1308059,1419204,528425,545548,203396,510288,190063
193,18419,544808,203361,1529794,569614,4650820,1730894,1398308,520646,548204,204380,524052,195339
194,18419,422206,157573,1259016,468783,2340491,871671,1087410,404818,411166,153159,529996,197404
195,18419,860031,321653,1183430,440545,3345738,1245023,1176298,437869,448020,166924,500574,186464
196,18419,434434,161913,1218598,453725,5429264,2020113,1145732,426493,409184,152490,488650,181997
197,18419,532686,198842,1429672,532324,4250716,1582029,1398238,520625,558522,208378,530264,197548
198,18419,546458,204115,1455580,541978,2072870,771800,1477450,550867,531212,198064,624102,232724
199,18419,411092,153239,1237838,460877,3965178,1475401,1168632,435023,425824,158724,517142,192796
200,18419,414816,154629,1157802,431009,1660664,618097,1108612,412642,412184,153527,506470,188720
201,18419,538478,200970,1464664,545370,4955714,1844450,1476114,550494,599472,223737,696940,259835
202,18419,561448,209513,1548154,576436,3926576,1461528,1522510,566957,578640,215735,692076,257974
203,18419,553750,206684,1519572,565801,2284824,850642,1480934,551436,578416,215645,539580,200984
204,18419,589734,220111,1670274,622017,3102689,1155860,1232596,458914,479710,178698,527770,196560
205,18419,458604,170925,1218756,453737,1721884,640827,1172636,436480,423390,157741,524850,195522
206,18419,549328,205054,1582230,589138,3581602,1333076,1482450,551992,576970,215125,656208,244599
207,18419,545972,203755,1448432,539323,2070238,770828,1398028,520563,556796,207743,541832,201821
208,18419,549412,205061,1527558,569235,2053059,764839,1199352,446476,455642,169708,494704,184286
209,18419,523320,195308,1433634,533800,3660819,1363075,1170648,435815,461488,171911,536680,199901
210,18419,546480,203953,1511538,562846,2184576,813401,1478834,550674,578572,215701,657286,245062
211,18419,557546,208077,1521578,566562,2196164,817758,1623839,605137,471096,175546,509420,189728
212,18419,524838,195888,1428052,531735,2178052,810952,1639035,610747,433532,161503,558490,208017
213,18419,455512,169766,1264144,470636,1709386,636192,1204716,448428,424946,158293,516410,192320
214,18419,436704,162740,1166484,434285,1754262,652908,1172698,436508,431838,160884,531952,198191
215,18419,432560,161212,1160460,432082,2177318,810268,1114390,414794,413488,154069,505480,188271
216,18419,577236,215414,1525848,568380,9319980,3468004,1437783,535934,449660,167549,499068,185877
217,18419,492594,183845,1700163,633468,1659900,617802,1226254,456544,427186,159138,507374,188969
218,18419,448874,167301,1247114,464233,4836252,1799476,1126338,419241,404984,150856,494724,184256
219,18419,436652,162859,1212648,451642,2187662,814126,1164988,433702,440658,164222,504540,187928
220,18419,556480,207673,1514898,564186,4723412,1757902,1487665,554484,442462,164816,514554,191618
221,18419,548758,204784,1524600,567737,5066713,1885921,1005992,374495,348656,129871,527106,196309
222,18419,714617,267023,1161972,432680,1911646,711557,1011776,376597,388390,144677,541374,202192
223,18419,442068,164754,1245532,463775,3812962,1418850,1183254,440442,430696,160578,488816,182054
224,18419,428228,159585,1146818,427038,2655734,988322,1107828,412383,423650,157996,501884,186919
225,18419,594368,221839,1502886,559619,2257414,840487,1482956,552311,576368,215601,658420,245435
226,18419,495968,185110,1378442,513256,6802380,2531348,1406880,523843,548870,204650,574290,214112
227,18419,414730,154785,1243914,463215,1859834,692467,1099031,409713,295312,110000,388248,144622
228,18419,435024,162135,1248252,464756,4004862,1490218,1184126,440912,431606,160838,519600,193514
229,18419,420036,156550,1190372,443120,2985808,1111287,1196042,445180,422522,157385,518742,193270
230,18419,585550,218505,1528706,569194,3726168,1386915,1477802,550246,574538,214262,536092,199792
231,18419,544016,203051,1539568,573355,3716378,1383282,1633916,608558,585616,218330,571932,213195
232,18419,639631,238685,712598,265356,3391960,1262185,796562,296656,312046,116340,391304,145736
233,18419,553592,206601,1532520,570647,12895621,4798886,1172794,436570,464100,172858,532416,198285
234,18419,555758,207434,1508990,561859,2950790,1098476,1423405,530677,474746,176844,537382,200158
235,18419,551148,205701,1544522,575157,3562036,1325886,1407598,524127,544348,202994,690576,257430
236,18419,327148,121930,934022,347760,5149702,1916073,1143838,425761,420500,156655,529946,197393
237,18419,521144,194541,1432632,533489,7094085,2640362,1118798,416479,430584,160383,507568,189047
238,18419,536246,200152,1454600,541633,2072346,772376,1399574,521129,573184,213751,655426,244357
239,18419,431044,160650,1215326,452659,5440684,2024364,1262794,470060,434516,161885,528950,197026
240,18419,522894,195170,1444216,537734,9570627,3561671,1112230,414085,461364,171840,504782,188005
241,18419,557448,208222,1426946,531324,2086766,776973,1399624,521144,565866,211029,660368,246353
242,18419,545840,203736,1533978,571191,2780196,1034973,1510764,562487,558616,208411,655162,244215
243,18419,498006,185877,1379276,513613,2068036,770004,1441272,536957,658123,246032,541884,201887
244,18419,782685,292494,1211162,450853,5251992,1954328,1211350,450920,450296,167726,516844,192524
245,18419,470064,175206,1213246,451762,3444414,1281862,1201468,447208,434490,161843,531362,197920
246,18419,525798,196250,1450202,540068,2667700,993073,1397878,520494,547766,204218,511008,190337
247,18419,548358,204682,1443872,537681,2753218,1024755,1406732,523822,550798,205348,595600,222039
248,18419,456972,170553,1262636,470179,2720813,1012928,839780,312619,325162,121113,412484,153614
249,18419,408100,152103,1199458,446579,4089530,1521685,1118850,416679,408122,152061,517810,192984
250,18419,425522,158639,1163586,433148,4283818,1594064,1107518,412274,410036,152782,491548,183089
251,18419,534920,199611,1522984,567301,3850754,1433216,1551992,578167,579932,216206,723470,269890
252,18419,560856,209285,1527052,569182,2185006,813451,1589786,591926,588374,219509,696538,259809
253,18419,603760,225532,1596100,594287,2287600,851612,1574404,586239,607432,226459,538330,200525
254,18419,548946,204884,1525680,568076,2290176,852679,1582173,589741,478128,178110,554402,206516
255,18419,550364,205404,1659497,618403,3504334,1304058,1205660,448873,450368,167749,532638,198376
256,18419,439736,163884,1201766,447382,5774160,2148433,1114016,414678,414364,154392,493078,183655
257,18419,525172,196013,1479724,551056,2170414,808015,1413154,526232,549788,204975,547708,204007
258,18419,543644,202987,1447942,539141,2898164,1078674,1406546,523759,549752,204959,626610,233583
259,18419,262304,97764,741292,276024,1465818,545473,764970,284738,283116,105472,406940,151570
260,18419,551740,206074,1437358,535185,3517102,1309108,1413840,526451,553926,206509,658838,245637
261,18419,227076,84635,641420,238916,1229286,457500,1104912,411260,395900,147476,484336,180387
262,18419,551826,205931,1480479,551752,2202022,819603,1168798,435045,456170,169916,530408,197558
263,18419,541232,202054,1433420,533711,4946008,1841083,1524052,567528,548174,204399,512554,190895
264,18419,526996,196685,1473560,548730,3803283,1416020,1141804,425121,441506,164443,525522,195722
265,18419,521598,194655,1428540,531898,4845417,1803536,1062268,395494,435644,162260,491190,182981
266,18419,443588,165302,1169832,435598,3195532,1189076,1147432,427094,390978,145685,513552,191302
267,18419,547614,204364,1505002,560374,3085136,1148564,1473694,548718,569222,212231,445032,165746
268,18419,582364,217337,1522454,566941,5625937,2093709,724142,269608,297854,110991,325894,121374
269,18419,503156,187779,1336976,497815,1888944,703268,1120318,417157,428808,159874,504520,188096
270,18419,438598,163683,1152800,429328,3953619,1472548,614882,229078,244354,91023,315034,117317
271,18419,526980,196712,1420630,529017,8929500,3322676,1347568,501750,440182,164114,528610,197112
272,18419,492688,183911,1387774,516716,2039810,759478,1332046,495984,531510,198173,575145,215282
273,18419,496154,185149,1375974,512325,4331666,1612135,1377278,512814,686769,256413,509836,189927
274,18419,547552,204334,1449470,539743,2572307,957930,1089358,405504,433760,161583,482680,179773
275,18419,496750,185384,1611243,600425,2314986,861646,1171478,436051,453232,168810,527228,196389
276,18419,413920,154263,1178454,438768,2628028,977950,1117936,416117,410678,152979,499406,186022
277,18419,408636,152301,1206404,449187,2180500,811596,1111184,413591,410250,152804,486270,181121
278,18419,434536,161981,1250556,465602,2428774,903946,1235410,459828,431746,160831,521442,194233
279,18419,441604,164607,1215574,452596,3862892,1437520,1112250,413996,411080,153118,501504,186799
280,18419,501220,187057,1382260,514816,7186815,2674643,1129868,420746,410516,152904,488638,182059
281,18419,521778,194725,1365818,509191,3237042,1204875,1340352,499084,522004,194732,624572,232828
282,18419,291244,108605,846842,315435,1212504,451269,885562,329664,316408,117858,451046,167999
283,18419,502934,187711,1532787,571100,2450314,911949,1067786,397454,410050,152739,470022,175056
284,18419,529326,197537,1469060,546998,2053264,764373,1410644,525269,549596,204902,659182,245727
285,18419,416886,155443,1169354,435364,2629170,978349,1110696,413422,406542,151467,500822,186528
286,18419,551436,205801,1527824,568987,2295062,854400,1471770,548024,576474,214910,551858,205592
287,18419,549446,205194,1443834,537595,5611068,2088143,1416386,527396,549118,204725,632690,236128
288,18419,303842,113242,888302,330814,1286076,478631,885996,329786,336388,125301,488700,182019
289,18419,408378,152208,1249234,465136,2512302,934918,1128800,420188,414360,154370,496370,184869
290,18419,412598,153778,1172238,436457,2189088,814621,1114988,415037,421306,156978,502250,187092
291,18419,414394,154544,1208308,449909,1614780,601092,1126412,419329,409194,152417,470060,175083
292,18419,697835,260740,1196076,445339,3291698,1224943,1129860,420559,422998,157597,502250,187119
293,18419,566768,211501,1531858,570550,2255252,839559,1408240,524430,552014,205797,656786,244850
294,18419,520650,194313,1445280,538202,2072942,771828,1406076,523547,545674,203441,655146,244263
295,18419,535574,200047,1447260,538994,2063358,768246,1378231,514063,458944,171094,529464,197221
296,18419,522056,194818,1458454,543060,3396912,1264237,1428696,531992,548700,204574,656806,244834
297,18419,414310,154422,1156554,430647,1639226,610083,1105112,411375,413788,154173,507762,189202
298,18419,558840,208575,1438138,535474,3638426,1354188,1407164,523968,548968,204667,541312,201613
299,18419,546126,203802,1501494,559059,2698302,1004495,1482424,552100,576322,214888,664992,247891
300,18419,543446,202824,1489877,555245,10183038,3788840,1180900,439542,451290,168106,505794,188409
301,18419,562722,210062,1504802,560298,2221784,827501,1483188,552476,581726,216876,721272,269181
302,18419,703332,262552,1785062,664709,10808050,4021753,1521701,567583,408882,152405,455114,169536
303,18419,481244,179362,1416386,527335,2892018,1076231,1240618,461769,456026,169863,539458,200910
304,18419,459264,171153,1298816,483593,2204414,820367,1196758,445491,431862,160902,552232,205684
305,18419,564306,210564,1514442,563883,4193800,1560911,1477670,550479,653490,243676,520850,193993
306,18419,527554,196886,1460842,544205,2775894,1033358,1398872,520863,550462,205225,675368,251952
307,18419,772655,288257,950050,353788,1394390,518978,965810,359498,362122,135027,520576,193866
308,18419,437120,162897,1267388,471901,4977994,1852398,1176236,437842,435588,162283,522586,194638
309,18419,565874,211206,1609198,599264,2965130,1103833,1544810,575250,630336,234983,691748,257861
310,18419,546288,203864,1536914,572398,2171422,808521,1471656,547982,590596,220481,544826,202965
311,18419,527850,196970,1438374,535579,2161418,804813,1480566,551314,575754,214651,704398,262598
312,18419,463744,172880,1284242,478210,3965628,1475611,1163434,433160,422898,157546,510946,190385
313,18419,548956,204885,1508996,561859,5819070,2165560,1415945,527883,467682,174281,535042,199272
314,18419,575830,214915,1513160,563411,3694940,1375293,1633156,608067,573184,213700,708566,264289
315,18419,530052,197845,1429090,532133,2965000,1103738,1483804,552524,579366,216036,540986,201568
316,18419,569068,212380,1518104,565267,2959404,1101669,1483284,552301,578074,216144,693682,258607
317,18419,426314,158969,1242788,462814,8224978,3060457,1165690,433892,441568,164525,529818,197459
318,18419,550712,205523,1543204,574733,4337296,1614276,1484956,552919,581366,216739,693946,258711
319,18419,526090,196350,1465752,545824,3603031,1341502,1143286,425608,440006,163886,508632,189414
320,18419,553256,206480,1547244,577069,3063118,1140244,1473804,548758,589944,219954,541280,202152
321,18419,439812,163925,1217362,453293,2896056,1077656,1205644,448802,436300,162521,498838,185793
322,18419,521538,194641,1448328,539265,4080542,1518730,1399724,521188,571564,213241,539064,200768
323,18419,550638,205556,1519338,565844,7524404,2799954,1410022,525174,548250,204403,656524,244784
324,18419,272636,101604,768438,286109,1467962,546291,789502,293888,282186,105129,396452,147663
325,18419,519812,194768,1462066,544514,6186352,2302148,1411840,525714,545584,203408,509644,189815
326,18419,549102,204936,1564878,582701,4466884,1662459,1398768,520830,547628,204165,641350,239251
327,18419,492842,183930,1288257,481186,1942650,723035,878100,326846,341870,127348,459520,171145
328,18419,521170,194522,1444482,537854,4151198,1545029,1400492,521470,560960,209134,625292,233124
329,18419,519306,193970,1380234,513912,5717979,2128209,1082406,403099,419638,156307,496072,184793
330,18419,526910,196684,1439182,535877,4079512,1518319,1398520,520733,551848,205736,663240,247241
331,18419,551144,205675,1545428,576023,2281198,849261,1481652,551690,577904,215453,657830,245229
332,18419,435820,162427,1256174,467753,2189076,814760,1176854,438070,421462,157027,535456,199401
333,18419,554362,206879,1584442,589990,8823447,3283194,585204,217887,227274,84654,533596,198710
334,18419,555166,207213,1518934,565581,4845904,1808516,1473480,548646,575638,214609,673480,251214
335,18419,547750,204409,1507064,561137,6796499,2529587,1111712,413823,442444,164928,496148,184804
336,18419,553630,206623,1450066,539977,2104439,784007,1132866,421682,485688,180928,533212,198626
337,18419,530384,197974,1438154,535513,8533780,3175477,1406796,524111,551936,205772,679476,253422
338,18419,556534,207713,1436574,534909,2913092,1084393,1405112,523473,547206,204030,661108,246484
339,18419,522554,195060,1588533,591963,2680914,997935,1112702,414168,429568,160001,505682,188346
340,18419,513812,191719,1460930,543959,3403448,1266798,1405926,523484,546930,203909,655732,244415
341,18419,553886,206729,1543596,574874,2209680,822706,1567518,583627,559520,208599,653652,243718
342,18419,548636,204756,1513674,563601,2178404,811094,1485714,553216,578270,215626,499972,186224
343,18419,522914,195171,1551290,577605,3390358,1261953,1411636,525663,552036,205814,658800,245594
344,18419,493566,184337,1430432,532613,2579251,960793,1177532,438442,468202,174395,542928,202308
345,18419,533566,199108,1512734,563348,3503336,1303958,1404000,523257,546390,203711,623366,232396
346,18419,561452,209529,1531800,570376,5793412,2155978,1511742,563012,547346,204060,657252,245019
347,18419,521586,194661,1498412,558042,4349233,1618999,1137046,423525,435830,162361,499822,186162
348,18419,547568,204342,1544188,575044,6363602,2368162,1453566,541383,548898,204638,528912,196998
349,18419,519380,193836,1512176,563195,2192602,816361,1398810,520843,533428,198872,523266,195807
350,18419,453046,169081,1266650,471666,3827923,1424758,740882,275864,299984,111731,392164,146073
351,18419,563532,210303,1527244,568732,4632672,1724278,1485544,553155,586196,218547,556644,207594
352,18419,236240,88040,962474,358359,3534276,1315398,1342656,499869,460108,171419,544298,202808
353,18419,558020,208222,1595738,594466,3582332,1333478,1495462,556819,577770,215401,606590,226013
354,18419,463336,172762,1353024,503800,2422194,901672,1241452,462088,461848,172029,542588,202171
355,18419,482808,180539,1340236,499029,3125662,1163513,1304922,485712,483618,180205,519064,193346
356,18419,577058,215350,1530094,569747,2947942,1097515,1479300,550896,581962,216961,562014,209302
357,18419,535678,199932,1434508,534155,4993346,1858323,1398594,520759,597500,222784,544322,202988
358,18419,415478,155056,1364655,508322,1228806,457444,660846,245981,277072,103220,351762,131051
359,18419,579744,216360,1576088,587098,2892448,1077686,1402490,522238,597072,222583,657740,245217
360,18419,424936,158451,1171590,436260,1636492,609348,1106770,411958,413992,154288,491786,183201
361,18419,519254,193796,1463710,545045,8520012,3171045,1399278,521011,558678,208285,564546,210421
362,18419,520418,194207,1441938,537323,2071312,771222,1410820,525319,549412,204829,660522,246231
363,18419,408124,152129,1253224,466706,2200900,819155,1164588,433513,430122,160249,505948,188456
364,18419,556684,207753,1582644,589350,3065982,1141276,1483824,552493,575210,214454,526710,196209
365,18419,542524,202486,1532888,570792,3715346,1382890,1429568,532302,548334,204473,660176,246128
366,18419,519788,193990,1578697,588351,4210438,1566831,1123292,418195,427586,159303,509322,189736
367,18419,428756,159920,1226112,456410,1780354,662622,1177702,438373,437082,162943,529606,197341
368,18419,415756,154941,1209714,450448,1617616,602016,1130360,420776,404038,150508,497810,185420
369,18419,519316,193810,1424690,530474,7591664,2824993,1673379,623619,443600,165306,509538,189812
370,18419,549188,204978,1559804,580782,2177568,810789,1472464,548270,573426,213778,681220,254303
371,18419,501548,188330,1378124,513126,2071404,771245,1417004,527676,547102,203973,520306,193779
372,18419,547042,204164,1621564,603873,2237880,833238,1400210,521390,556064,207306,496534,184937
373,18419,528692,197369,1431304,532932,3582869,1334000,1172382,436413,459634,171200,537356,200163
374,18419,563928,210482,1647541,613953,1724512,641992,1104872,411262,446920,166645,505748,188377
375,18419,523476,195606,1453198,541582,6464472,2405623,1408348,524415,548926,204654,375250,139767
376,18419,517932,193299,1434300,534044,6333427,2357263,1116526,415610,430310,160289,496734,185016
377,18419,524568,195761,1613875,601493,3999484,1488350,1127796,419793,429240,159878,505746,188384
378,18419,677617,253243,1163878,433406,1725110,642070,1169932,435465,478684,178413,524340,195406
379,18419,555036,207175,1508858,561808,2987620,1112147,1482676,552073,577522,215312,655758,244462
380,18419,546840,204095,1445038,538039,2070776,771025,1397218,520260,559732,208692,658454,245472
381,18419,537094,200425,1422824,529798,4061883,1512177,1112040,414027,514226,191590,490690,182832
382,18419,413224,154019,1178532,438814,5947548,2212892,1108266,412548,439528,163743,494584,184189
383,18419,430614,160502,1271228,473396,4363922,1623882,1179052,438891,434464,161829,526988,196297
384,18419,551894,205954,1550282,577218,10383021,3863980,1197324,445851,462078,172110,521500,194228
385,18419,554704,207018,1533578,571111,2292820,853529,1473342,548591,576926,215090,763975,285807
386,18419,528720,197352,1456902,542531,2826582,1052293,1104673,412060,296310,110434,325308,121181
387,18419,505412,188610,1421572,529353,2340992,871467,1128970,420376,438786,163594,295534,110183
388,18419,451192,168372,1310902,488208,3874421,1442119,872998,324980,345000,128503,427756,159301
389,18419,588538,219666,1603884,597203,2222451,827675,923852,343971,337632,125799,444526,165589
390,18419,371182,138373,1042054,387957,1919788,714426,1010884,376279,367764,137029,493920,183997
391,18419,438588,163448,1214918,452444,2765382,1029183,1170716,435793,427912,159439,497712,185375
392,18419,515964,192563,1459522,543454,3535108,1315734,1399156,520992,554060,208605,345546,128717
393,18419,486090,181383,1230114,458032,1672836,622778,1121514,417595,439044,163695,325528,121238
394,18419,424110,158279,1161956,432640,6585380,2450509,1162396,432792,427304,159324,285744,106497
395,18419,418270,156256,1151578,428778,1656968,616980,1119304,416777,447334,166927,266482,99259
396,18419,417120,155682,1176734,438203,1643806,611957,1215078,453135,436274,162676,515312,192231
397,18419,422698,157743,1168788,435268,2220072,826398,1108494,412997,424214,158162,264420,98534
398,18419,458768,171190,1238748,461241,2535508,943839,1317212,490461,525244,195824,415534,154823
399,18419,549378,205038,1608382,598853,3424825,1275135,1254196,466969,484142,180322,526480,196090
400,18419,524060,195595,1444338,537832,2981491,1110269,1167688,434657,453098,168807,521726,194334
401,18419,543670,203850,1552104,578020,3054788,1137189,1566752,583418,580344,216364,645178,240587
402,18419,563608,210303,1570154,584723,2289858,852495,1571824,585279,610612,227649,541688,201818
403,18419,554176,206818,1534918,571513,2581411,961634,1352000,503445,510706,190223,563222,209798
404,18419,433780,161783,1219132,453945,1717038,639053,1165520,433868,418458,155897,547676,203967
405,18419,462116,172259,1301850,484774,4083806,1519599,1182226,440106,439458,163729,530066,197438
406,18419,550960,205729,1526998,568882,7776773,2894239,1184236,440844,455498,169656,505522,188399
407,18419,525686,196200,1558248,580633,2191970,816290,1400584,521501,552872,206169,679942,253888
408,18419,545762,203676,1546264,575780,7004038,2606416,1660585,618947,444720,165657,503240,187448
409,18419,519614,193936,1454276,541783,1781251,663671,1154124,429664,431144,160589,511484,190512
410,18419,456508,170175,1277008,475449,3273532,1218208,1171450,436076,426108,158751,519240,193399
411,18419,519844,193990,1456490,542381,3697810,1376349,1495558,557715,550200,205187,461516,172090
412,18419,547900,204471,1557494,579976,2186410,814053,1506964,561064,520454,194036,325692,121318
413,18419,492932,183958,1252822,466514,1749826,651522,1119148,417706,434926,162158,274264,102156
414,18419,399610,149181,1105716,411732,1640654,610903,1153764,429580,424748,159328,266642,99323
415,18419,413918,154527,1123914,418622,1585082,590168,1084476,403923,422966,157699,520084,194093
416,18419,395796,147718,1154566,430003,2804956,1044146,1077332,401152,420022,156603,274394,102195
417,18419,403084,150431,1112982,414409,3230078,1202191,1079282,401872,421880,157294,283792,105700
418,18419,400496,149470,1128038,420071,1581228,588736,1087420,404908,421844,157278,555984,207548
419,18419,408372,152404,1109338,413053,2133564,794243,1088260,405209,422636,157576,503772,187815
420,18419,422722,157743,1199074,446542,2796266,1040803,1119906,417009,439024,163711,284958,106190
421,18419,451834,168629,1273990,474416,1789882,666531,1167648,434776,458360,170893,334020,124440
422,18419,580702,216708,1552878,578249,2168930,807437,1486812,553633,577068,215142,541868,201840
423,18419,570952,213094,1508306,561593,3923727,1460639,969204,360775,380114,141574,499874,186190
424,18419,410068,152835,1196056,445438,3851158,1433076,1199058,446337,424858,158302,571956,213037
425,18419,433942,161700,1140772,424672,2187562,814090,1111208,413643,412868,153824,508896,189561
426,18419,518582,193578,1465784,545889,4022048,1496902,1409966,525005,549850,205026,448272,167010
427,18419,516510,192753,1458184,543010,2176646,810423,1333478,496577,518986,193491,505492,188427
428,18419,461070,172083,1251866,466165,5997227,2233040,768702,286317,319518,119008,404596,150716
429,18419,418264,155923,1182190,440219,2645068,984333,1115690,415270,410874,153045,496778,185022
430,18419,406398,151471,1243874,463113,8490216,3158935,1108720,412821,428106,159593,490450,182690
431,18419,522788,195098,1465098,545627,4893650,1821264,1384618,515550,534946,199458,640850,238995
432,18419,533688,199153,1373856,511562,4654674,1732150,1333780,496627,529198,197293,538656,200912
433,18419,529222,197485,1508646,561746,2170070,808222,1473134,548510,576186,214816,941883,351512
434,18419,565544,211065,1522626,567191,4860580,1808898,1529325,570091,477646,177915,509842,189911
435,18419,522486,195027,1456099,542702,6027544,2242869,1107078,412076,447920,166988,508988,189575
436,18419,557652,208101,1509682,562116,2810380,1046879,1480450,551254,582660,217222,627028,233791
437,18419,491114,183292,1449176,539737,2913668,1084447,1510088,562233,763423,284981,506682,188720
438,18419,536288,200213,1437892,535403,2900405,1080006,1116288,415591,414028,154215,478978,178395
439,18419,590000,220154,1468339,547225,1772274,659843,1166550,434204,452166,168427,503496,187516
440,18419,407050,151714,1230280,458049,2193724,816542,1165244,433835,431474,160869,534078,198933
441,18419,440258,164079,1185686,441402,3720876,1384502,1119054,416546,411576,153341,495114,184421
442,18419,544616,203396,1421659,529900,3367816,1253421,1187444,442068,455714,169745,498848,185904
443,18419,555622,207351,1531110,570238,3614604,1345390,1413134,526172,546930,203914,477608,177882
444,18419,553854,206683,1509878,562232,3404346,1267159,1322658,492481,545906,203511,507322,189131
445,18419,454278,169531,1266280,471549,4053171,1508669,722326,268958,292608,108990,374026,139319
446,18419,386234,143956,1158986,431501,2741748,1020251,1107206,412151,421384,156968,493900,183958
447,18419,550376,205419,1460495,544301,2215640,824676,1112946,414255,428484,159596,511476,190502
448,18419,523612,195420,1487884,554077,2071074,771153,1397746,520453,554786,206832,658974,245688
449,18419,573576,214030,1541010,573988,3070180,1142890,1473532,548660,563714,210162,658180,245400
450,18419,517662,193202,1445428,538183,2811192,1046501,1555853,580070,451896,168441,530218,197498
451,18419,578772,215986,1522232,566956,2183000,812913,1472946,548462,605258,225651,697980,260213
452,18419,452722,168754,1289166,479993,1855554,690730,1236376,460201,462452,172288,529856,197521
453,18419,555382,207254,1611200,599961,3062296,1139953,1482104,551991,579728,216134,271648,101192
454,18419,456766,170228,1373482,511447,3028744,1127216,1227660,456991,459874,171309,518838,193289
455,18419,600392,224085,1606498,598199,2930401,1091667,1306794,486590,482140,179587,540546,201377
456,18419,544136,203092,1532138,571040,9060306,3371391,1496934,557371,544872,203141,370024,137852
457,18419,523194,195255,1466408,546241,2281148,849155,1125160,418956,442668,165040,509196,189830
458,18419,506598,189062,1394022,519337,4952273,1843128,699608,260438,278296,103656,342900,127721
459,18419,527600,196887,1445702,538437,5467378,2034758,1401176,521718,545860,203513,525286,195824
460,18419,440648,164392,1227656,457157,2301382,856587,1166292,434124,439802,163874,512716,190970
461,18419,551206,205737,1439352,536523,6357642,2365750,1400492,521471,553860,206487,540328,201240
462,18419,555352,207247,1503974,560004,2970038,1105633,1474240,548930,577982,215483,671558,250546
463,18419,532562,198765,1437636,535286,2766708,1029932,1585019,590886,436080,162543,503702,187597
464,18419,517088,192975,1463422,544884,2771834,1031867,1400386,521435,547308,204051,675928,252100
465,18419,449254,167410,1158666,431585,2191122,815501,1109764,413079,404602,150764,491286,182994
466,18419,528332,197183,1464386,545990,2811844,1046726,1399898,521247,566748,211298,577090,214984
467,18419,542782,202572,1518584,565467,4779138,1778672,1505428,560515,547654,204173,656224,244606
468,18419,283008,105506,836696,311478,3491666,1299244,929224,346057,367260,136934,474404,176716
469,18419,530842,198156,1437940,535435,6335072,2357634,1472674,548338,578722,215757,577148,215031
470,18419,442428,165015,1221006,454654,11621964,4324162,1168030,434910,429208,159908,529070,197046
471,18419,763977,285442,1288946,479895,3349424,1246447,1167794,434693,446858,166476,518012,192948
472,18419,551936,205980,1631326,607540,4448388,1655706,1552628,578916,610148,227468,538822,200693
473,18419,542958,202632,1538282,572832,2942010,1095012,1458028,543669,593800,221497,718881,268119
474,18419,437840,163411,1276327,475418,2633794,980028,600720,223598,230000,85670,294630,109738
475,18419,482038,179864,1245534,463756,4513202,1679585,1125426,419064,442302,164906,280346,104418
476,18419,411544,153596,904835,337178,866390,322513,583396,217149,241126,89813,278706,103806
477,18419,420884,157087,1154580,429916,1745526,649899,1127068,419663,438354,163442,523902,195319
478,18419,231992,86450,620006,230911,1091142,406066,581566,216466,218676,81502,269578,100401
479,18419,438650,163720,1202084,447583,4769314,1774919,1391000,518071,547698,204374,656538,244755
480,18419,517192,193016,1479720,551065,3370116,1254412,1410450,525166,550660,205303,657852,245247
481,18419,528094,197306,1466392,546044,2664810,991890,1398872,520866,549332,204802,542730,202187
482,18419,550234,205339,1485698,553176,11229158,4178998,1399122,520952,550378,205193,398388,148384
483,18419,374732,139698,1100366,409724,3253994,1211013,1150722,428350,423030,157612,490196,182587
484,18419,588044,219499,1508814,561788,3352953,1248465,1294272,481929,486296,181128,502310,187102
485,18419,551708,205925,1540796,573708,3739658,1391812,1425270,530712,550282,205160,661482,246586
486,18419,592252,221024,1584314,590359,2310064,860113,1486378,553461,580502,216421,675440,251768
487,18419,520918,194412,1466708,546191,5309855,1976488,1120506,417223,449478,167452,499510,186078
488,18419,577068,215404,1510466,562422,11322462,4212982,1546821,576446,444506,165624,498866,185830
489,18419,562340,209854,1527386,568816,5875646,2186600,1474082,548863,626984,233878,552536,206003
490,18419,456942,170552,1231472,458541,6659249,2478406,914796,340593,359138,133780,514528,191749
491,18419,546440,203942,1519778,565873,2897588,1078645,1399856,521230,547960,204293,511228,190450
492,18419,519886,194015,1566564,583405,2923486,1088291,1521514,566502,547502,204121,658112,245423
493,18419,407876,152004,1179500,439249,1623780,604316,1123534,418229,410428,152882,513376,191276
494,18419,522892,195179,1446542,538688,2070210,770853,1407472,524085,550426,205209,656966,244913
495,18419,436616,162712,1263468,470400,7048730,2622736,1116998,415992,409612,152773,489636,182385
496,18419,519786,193963,1448860,539466,2010641,749123,1157926,431185,433320,161448,504810,188036
497,18419,529720,197748,1442670,537161,2120136,789385,1410266,525116,552478,205975,662806,247069
498,18419,528658,197266,1467542,546510,7278590,2708525,1412048,525955,547706,204199,657262,245037
499,18419,533880,199245,1448754,539616,2734559,1018326,1107488,412354,456198,169994,503466,187519
500,18419,550278,205444,1516814,564824,2197166,818071,1479412,550869,575794,214670,524618,195572
501,18419,543928,202951,1548492,576574,4354460,1620721,1495430,556933,583354,217479,555490,207192
502,18419,688986,257352,1822526,678579,2440806,908756,1580920,588671,608658,226920,577752,215262
503,18419,435358,162253,1217108,453267,2681710,998141,1195280,444997,438482,163359,589508,219737
504,18419,447716,166861,1320416,491638,1833902,682572,1231630,458423,460302,171459,538930,200813
505,18419,592398,221138,1595918,594237,2416340,899629,1484750,552856,578982,215855,547158,203784
506,18419,571184,213224,1496724,557285,4844700,1803067,1482822,552250,575532,214583,626016,233408
507,18419,272140,101417,789170,293903,1169204,435176,784312,291939,303088,112903,400304,149253
508,18419,599156,223674,1506422,561030,4580450,1704792,1471838,548049,586268,218591,658852,245604
509,18419,550478,205418,1566290,583364,4962540,1847026,1585552,590344,561100,209189,674308,251557
510,18419,552058,206081,1439296,535899,2619615,975734,1165800,434166,436630,162632,517262,192682
511,18419,524794,195900,1435616,534536,2664470,991889,1415072,526904,547528,204138,655922,244528
512,18419,418862,156105,1157998,431163,2184980,813112,1150062,428110,409496,152529,526374,196061
513,18419,549046,204927,1519992,565948,3056310,1137698,1400332,521604,546614,203788,543492,202434
514,18419,543260,202769,1431624,533076,2029949,756156,1110592,413408,461518,171924,505524,188277
515,18419,548784,204834,1548248,576460,5717995,2128397,1247748,464507,462750,172362,531890,198209
516,18419,555486,207308,1548686,576819,3621698,1347991,1550612,577362,582816,217278,396650,147781
517,18419,522564,195031,1460430,543896,4260884,1585820,1480098,551108,549272,204777,655330,244284
518,18419,525492,196087,1586061,591005,1684866,627269,1161300,432391,422208,157265,504312,187834
519,18419,435170,162193,1224430,455878,2308298,859016,1175656,437633,429860,160159,542410,202046
520,18419,469348,175193,1209890,450488,2286238,850827,1180836,439540,438398,163338,536776,199984
521,18419,548202,205287,1516430,564624,6992568,2602124,1520508,566126,735867,274994,526400,196116
522,18419,557648,208097,1501710,559150,4177926,1554974,1413984,526589,549626,204916,607276,226358
523,18419,278854,103917,775248,288727,1076190,400537,736864,274273,282600,105391,388364,144661
524,18419,418220,155879,1188316,442409,2193586,816331,1116746,415815,409114,152393,503578,187547
525,18419,421122,156929,1192648,444017,2642414,983331,1107754,412315,414108,154249,490178,182593
526,18419,525628,196174,1451504,540625,2164118,805657,1415958,527241,546326,203685,657586,245151
527,18419,562462,209938,1445936,538376,2148404,799843,1410430,525160,548058,204335,654832,244119
528,18419,546948,204170,1576130,587042,4082385,1519760,1176158,438021,432642,161145,503250,187443
529,18419,444720,165733,1153974,429789,1640902,610714,1115982,415390,413994,154256,500990,186600
530,18419,421934,157259,1227646,457128,7068386,2629956,1178812,438881,439824,163864,500284,186354
531,18419,561202,209413,1526082,568215,2277598,847903,1485588,553200,582714,217245,520244,193844
532,18419,522278,194951,1517856,565673,4129312,1536890,1413928,526483,551214,205531,626370,233524
533,18419,282606,105329,818274,304692,3187070,1185922,902902,336118,331340,123413,454448,169273
534,18419,557412,208072,1504536,560192,2945728,1096452,1490226,554895,576686,215004,657948,245282
535,18419,553718,206675,1509468,562031,4248137,1581434,1121666,417513,458240,170702,489562,182346
536,18419,549024,204931,1440256,536281,3733817,1390116,1197396,445745,452816,168657,532020,198159
537,18419,417500,155605,1144840,426325,1658266,617165,1109196,412855,425894,158675,507032,188842
538,18419,414742,154564,1226726,456791,2303890,857432,1171166,436099,431526,160765,521322,194207
539,18419,523074,195202,1529980,569733,2062984,768057,1399260,521025,546964,204678,912845,340804
540,18419,549740,205162,1528106,569086,5675526,2112140,1473122,548513,588512,219523,660886,246337
541,18419,437428,163099,1168638,435040,1671170,621982,1107522,412238,423190,157696,485808,180948
542,18419,576350,215109,1557514,580013,4870974,1812848,1417268,527746,550608,205278,449844,167540
543,18419,551586,205878,1537572,572515,4253043,1582942,733558,273086,281226,104746,333966,124394
544,18419,534286,199410,1405216,523360,1858924,692055,1243155,463069,267246,99543,293280,109221
545,18419,474288,177018,1217646,453380,2599619,967720,637214,237191,242458,90307,270362,100695
546,18419,416100,155274,1153410,429453,2718390,1011815,1116440,415712,420946,156949,271494,101114
547,18419,418942,156473,1115450,415327,1591156,592571,1076048,400665,419062,156249,291548,108596
548,18419,415146,154934,1153862,429646,3466278,1290068,1118698,416562,438844,163619,268256,99923
549,18419,419048,156369,1219064,454061,6277710,2336034,1081512,402716,434692,162066,508682,189642
550,18419,459624,171530,1283478,478028,2325106,865547,998963,372231,248308,92631,270474,100737
551,18419,426274,159090,1189606,443076,2251240,838137,1119158,416778,441098,164456,684550,255391
552,18419,619994,231386,1949303,726801,7937170,2953398,1229566,457855,470218,175141,540562,201392
553,18419,594418,221819,1542698,574451,2162988,805293,1489086,554465,579226,215945,550124,204907
554,18419,628314,234499,1683014,626704,2284304,850471,1497572,557707,575124,214438,688734,257455
555,18419,449614,167647,1196180,445441,5686032,2115717,1268518,472221,420064,156510,560322,208733
556,18419,548830,204820,1524554,567658,9866307,3671838,1241110,462071,461602,171957,549418,204629
557,18419,553004,206382,1541724,574224,9301528,3461145,1520476,566261,773029,288593,500570,186499
558,18419,443866,165449,1209496,450349,2265942,843270,1183772,440654,429928,160189,524412,195355
559,18419,405062,150978,1217692,453295,5407428,2012018,1107138,412090,409176,152414,494358,184126
560,18419,549842,205202,1572512,585634,2159632,804062,1408330,524451,547090,204005,468504,174499
561,18419,518324,193435,1467046,546395,2178158,811007,1398664,520785,564094,210298,622584,232125
562,18419,560530,209292,1375258,512069,2156697,803312,1135376,422611,479834,178753,528430,196815
563,18419,443284,165222,1157626,430941,1658800,617345,1107870,412370,415934,154924,502292,187176
564,18419,427924,159478,1194570,444772,1620272,603024,1114178,414741,409816,152658,513290,191269
565,18419,756299,282527,1187956,442321,2328422,866599,1155792,430210,418662,155982,498244,185595
566,18419,524836,195887,1451206,540335,2135134,794964,1442868,537231,551856,205747,663486,247559
567,18419,593746,221557,1534940,571588,3058872,1138655,1491006,555169,578762,215787,656240,244734
568,18419,518204,193400,1464190,545214,3038955,1131800,1123392,418139,437566,162987,501266,186714
569,18419,524096,195605,1629005,607030,3402222,1266086,1045290,389102,390412,145416,538470,200574
570,18419,443192,165316,1157526,430982,3719398,1383944,1126094,419154,411452,153254,494258,184178
571,18419,556042,207501,1519890,566145,14931689,5556187,1153566,429484,436556,162599,510290,190051
572,18419,457476,170535,1207730,449730,2898922,1078890,1178110,438525,425786,158643,517174,192614
573,18419,549730,205154,1538258,572778,6407847,2385016,1173696,436937,468206,174508,511010,190295
574,18419,546612,204168,1442452,537277,3646564,1357317,1402228,522111,546714,203832,591166,220590
575,18419,262406,97821,685172,255140,1874862,697653,759290,282658,282402,105188,394054,146767
576,18419,424342,158281,1251062,465821,3525156,1311706,1165542,433952,452792,168657,529136,197125
577,18419,547584,204333,1514610,564037,4216396,1569296,1479800,551010,578164,215547,531264,197868
578,18419,517222,193756,1453364,541268,3087271,1149653,1116528,415733,441906,164596,525970,195918
579,18419,616593,230515,1186150,441655,4278022,1591806,1107928,412394,412310,153615,498286,185583
580,18419,520508,194251,1545930,575598,3650434,1358710,1409060,524660,549128,204727,409036,152361
581,18419,547804,204449,1516180,564624,3654882,1360365,1399182,520987,780343,291511,552492,205819
582,18419,531374,198328,1433736,533871,2085255,777052,1207944,449749,463750,172758,559088,208237
583,18419,425726,159250,1150070,428233,4438812,1651702,1166690,434284,428604,159804,494542,184228
584,18419,550044,205275,1513300,563458,2902668,1080547,1407804,524231,548434,204476,502282,187098
585,18419,497596,185719,1396836,520177,3909724,1455156,1451365,541014,424126,157991,472994,176157
586,18419,492430,183782,1385134,515749,3810815,1419083,1109166,412877,446544,166320,503502,187545
587,18419,413708,154182,1184450,440975,1622126,603699,1153910,429558,405960,151241,496410,184892
588,18419,431878,160972,1205602,448854,4997798,1859664,1150642,428322,414166,154267,515348,192013
589,18419,521080,194502,1445352,538159,4004456,1490413,1398698,520798,549706,204942,556944,207454
590,18419,557122,207988,1513244,563631,2683366,998935,1408708,524699,551336,205548,659010,245878
591,18419,444312,165595,1180996,439678,2066920,769193,1119658,416751,410878,153081,506380,188640
592,18419,432008,160996,1204762,448575,1610946,599534,1126854,419430,405230,150969,514500,191601
593,18419,528462,197512,1439096,535835,2676142,996241,1409450,524830,546810,203881,658446,245470
594,18419,546870,204099,1500750,558822,2800778,1042646,1529369,569979,448114,167029,505608,188295
595,18419,530292,197890,1450672,540210,4640773,1727473,1154246,429861,429036,159809,510236,190040
596,18419,408590,152320,1151584,428774,3173410,1180844,1118238,416258,409866,152706,500430,186438
597,18419,443320,165218,1222160,455009,2192038,815762,1163380,433073,457434,170426,526396,196062
598,18419,518236,193469,1432318,533895,2812218,1046863,1412810,526065,548420,204460,506066,188479
599,18419,515132,192247,1426178,531155,2118728,789699,1513008,564270,552124,205839,653556,243712
600,18419,495838,185077,1387496,516631,2787381,1037823,971686,361806,394288,146859,523090,194816
601,18419,555376,207249,1456528,542481,3521622,1310872,1478400,550594,585720,218533,700130,261133
602,18419,586964,219088,1590100,592061,2202066,819921,1482340,551960,575392,214518,545000,203027
603,18419,592228,221410,1530892,570044,3827766,1424732,1468795,547954,456494,170271,547628,203945
604,18419,494028,184112,1358108,505722,3958480,1473119,1230880,458156,478788,178423,511438,190519
605,18419,461610,172231,1280996,477022,1762056,655956,1171870,436192,432024,161027,518558,193172
606,18419,573444,214041,1517006,564896,2252770,838756,1482844,552122,579518,216053,523534,194995
607,18419,517410,193126,1463210,544822,5723028,2129734,1399782,521198,549766,204963,653726,243920
608,18419,268488,100061,775152,288556,1742878,648700,820640,305465,311658,116237,429372,159991
609,18419,432562,161245,1211092,451039,5835760,2171546,1165388,433920,434796,161987,485412,180814
610,18419,414752,154595,1156376,430566,1646614,612875,1115204,415104,415834,154924,501952,186962
611,18419,524746,195825,1472182,548215,2094062,779823,1513398,563472,550718,205320,573306,213554
612,18419,518336,193547,1443086,537336,5568680,2072383,1409938,525065,548626,204811,623474,232426
613,18419,305670,113923,858812,319820,1967118,732129,890990,331664,377922,140998,455504,169690
614,18419,526296,196450,1495118,556909,2068200,769927,1400136,521464,549478,204857,627976,234129
615,18419,394860,147157,1148760,427714,1541942,573991,1062694,395554,400484,149244,481646,179419
616,18419,420338,156652,1261036,469590,2689576,1000872,1169512,435308,437980,163141,492264,183420
617,18419,415510,154856,1247640,464564,2751224,1023836,1166706,434295,435740,162352,495758,184679
618,18419,523454,195372,1552940,578364,5449038,2027849,1519990,565929,548254,204919,534822,199252
619,18419,524592,195777,1481592,551936,2171876,808558,1411784,525826,548236,204403,655036,244166
620,18419,500282,186715,1349237,503195,1326244,493728,943974,351530,378266,140895,481274,179324
621,18419,437712,163123,1235460,460081,1724542,641827,1199706,446601,435798,162336,491358,183078
622,18419,438874,163557,1139070,424154,5172188,1924478,1116762,415754,409536,152550,484728,180524
623,18419,557766,208135,1517718,565973,2402692,894548,1409126,524727,553442,206333,664996,247881
624,18419,554302,206857,1520274,566086,4451218,1656634,1484774,552855,579646,216098,659840,245957
625,18419,411774,153492,1222160,455085,2177730,810436,1192354,443848,433454,161585,527094,196384
626,18419,534584,199506,1453936,541480,2798126,1041622,1399390,521064,550044,205092,670404,249939
627,18419,545850,203754,1540286,574285,3080864,1146720,1473552,548664,551030,205442,540274,201297
628,18419,549602,205177,1536304,572019,2949714,1097994,1469241,547832,444538,165590,498180,185552
629,18419,523298,195329,1467378,546440,2058806,766453,1503506,559974,579438,216021,711790,265541
630,18419,334290,124693,883640,329140,3381262,1258194,1010470,376126,378424,140982,537670,200375
631,18419,552278,206133,1582316,589323,2973070,1106749,1553472,578423,644404,240228,593524,221077
632,18419,579778,216707,1688642,628810,8112624,3018833,1516524,564657,578678,215749,690740,257494
633,18419,419080,156251,1152678,429222,2532776,942514,1127888,419850,415806,154911,502856,187309
634,18419,549890,205238,1552304,578156,3592690,1337266,1475446,549494,589966,220106,515800,192128
635,18419,549072,204892,1519988,566001,2175280,809827,1485054,552959,578186,215559,656480,244697
636,18419,563662,210421,1505733,561132,1671806,622432,1110662,413422,427386,159282,506354,188603
637,18419,438544,163435,1187162,442105,9636666,3585452,1140060,424376,418816,156003,507760,189142
638,18419,523456,195376,1439990,536164,6101825,2271288,1114418,414824,434530,161869,476138,177366
639,18419,506722,189151,1357502,505456,1972112,734266,1332782,496259,532342,198492,625026,232991
640,18419,311304,116040,925256,344471,1292358,480972,952570,354560,361848,134812,485422,180791
641,18419,514716,192065,1535355,572138,3553294,1322321,1091308,406255,408914,152310,504700,188013
642,18419,551078,205637,1510772,562577,2175300,809909,1481290,551570,580316,216352,527972,196834
643,18419,560218,209060,1555090,579153,5094745,1897525,1185368,441248,450516,167879,494882,184325
644,18419,614674,229561,1594472,593682,2185561,814366,1174644,437294,480808,179163,546512,203759
645,18419,461784,172264,1285222,478496,1727352,642899,1203340,448038,429188,159903,541824,201906
646,18419,427624,159382,1229144,457570,3351234,1247048,1161784,432437,431876,160866,527814,196603
647,18419,562368,210441,1627338,606076,2917992,1086246,1490670,555068,578972,215856,513264,191158
648,18419,607416,226688,1395203,520076,3294426,1225930,1225370,456251,456518,170087,494662,184258
649,18419,545716,203666,1583302,589598,3487351,1298400,1167278,434495,460794,171642,506440,188621
650,18419,572094,213511,1509312,561973,11157740,4151679,1153993,429982,296334,110379,316278,117795
651,18419,481978,179871,1305248,486556,3478476,1294749,1119810,416988,440898,164405,527304,196572
652,18419,478730,178669,1046607,390550,1117734,416091,744694,277192,278116,103591,308966,115128
653,18419,558758,208591,1542732,574445,4665354,1736350,1584996,590392,611776,228077,698802,260985
654,18419,546914,204116,1528402,569158,7201849,2680937,1206002,449072,454834,169408,536998,199989
655,18419,570314,212893,1608881,599798,3416742,1271465,1187406,441979,451500,168177,532326,198251
656,18419,581222,217533,1595402,594093,8913576,3316873,1800799,671285,464870,173169,524006,195169
657,18419,553938,206727,1572834,585673,2158634,803682,1400848,521595,548812,204607,646788,241425
658,18419,279242,104064,799430,297647,3030462,1127675,851984,317141,319604,119076,471224,175535
659,18419,548928,204889,1512518,563169,2308716,860143,1429602,532329,548438,204467,655078,244198
660,18419,544466,203236,1434828,534492,4297550,1599473,1401306,521771,562222,209752,660190,246138
661,18419,559196,208687,1521030,566506,1988553,740861,1240460,461921,457654,170470,503148,187407
662,18419,552108,206086,1598042,595089,3698586,1376668,1485450,553133,576464,214918,677486,252607
663,18419,550484,205482,1434430,534094,2648733,986386,1151114,428504,456238,169941,527336,196450
664,18419,552912,206337,1532578,570712,3733167,1389888,1210180,450520,443128,165058,556314,207190
665,18419,556388,207669,1532238,570521,4335816,1613728,1485806,553251,579854,216188,689792,257205
666,18419,558972,208641,1513150,563416,3064987,1141380,1167366,434543,463840,172782,535968,199634
667,18419,584162,217971,1627808,606191,2363529,880628,1186360,441610,485712,180971,537900,200360
668,18419,459880,171392,1325476,493418,1703642,634060,1110218,413244,427060,159077,519722,193569
669,18419,465116,173317,1242822,462692,6942260,2583212,1188058,442213,432288,161067,493802,183928
670,18419,560624,209223,1526740,568519,3729172,1388033,1444836,537982,788725,294462,568068,211596
671,18419,519444,193902,1439364,535944,2061554,767592,1440738,536473,548902,204644,653570,243655
672,18419,373064,139043,1093356,407077,2164128,805361,1185666,441360,427210,159231,525170,195601
673,18419,554680,207023,1525396,568043,3715520,1382930,1409530,524847,549234,204771,365202,136042
674,18419,471450,175916,1307172,486749,1596465,594524,661978,246408,256246,95444,290266,108116
675,18419,434648,162240,1200440,446986,4709424,1753606,1117238,416105,423896,158043,270976,101072
676,18419,438222,163566,1159250,431649,1653168,615523,885877,330090,228460,85098,254620,94837
677,18419,406254,151611,1163830,433463,2722534,1013369,1160828,432208,422432,157525,505876,188621
678,18419,471174,175860,1238098,461029,4881187,1817002,591840,220319,228184,85119,266576,99363
679,18419,464756,173442,1194644,444855,3822210,1422483,1372950,511228,545434,203354,650100,242357
680,18419,521112,194487,1594395,595722,3334928,1241139,1229656,457779,448950,167263,503288,187446
681,18419,520170,194222,1442006,536916,7420920,2761454,1504234,560188,544722,203093,532258,198270
682,18419,545236,203453,1535278,571702,2946588,1096827,1472856,548405,577354,215247,270700,100870
683,18419,533816,199224,1650059,614832,1671108,622082,1190622,443228,456364,169980,517824,192853
684,18419,550624,205515,1633084,608213,6021317,2241094,1199044,446354,465168,173272,523016,194812
685,18419,533760,199242,1441824,536839,2116464,788022,1409446,524810,548680,204565,666112,248321
686,18419,534006,199996,1506816,561134,4122418,1534264,1408848,524604,550120,205094,657376,245048
687,18419,498762,186099,1412086,525785,2793330,1040045,1275995,475583,391558,145948,459240,171045
688,18419,495084,184841,1377642,512948,7053794,2624824,1263370,470405,487106,181601,505204,188337
689,18419,219948,81978,627618,233696,2128720,792078,612364,230086,239728,89298,307780,114644
690,18419,558442,208539,1445002,538019,2060692,767184,1398744,520810,577340,215246,629494,234707
691,18419,551488,205968,1450872,540228,2170248,808049,1399750,521189,565714,210936,514422,191606
692,18419,546984,204143,1542954,574514,2883600,1073294,1510914,562553,564420,210488,527858,196687
693,18419,550282,205364,1503444,559822,3418498,1272404,1398064,520558,550090,205085,654618,244049
694,18419,715191,267081,1192616,444127,1643844,611868,1108340,412566,429970,160178,495710,184666
695,18419,519962,194053,1460798,544076,6945638,2584631,1399976,521282,548320,204426,509434,189755
696,18419,554496,206945,1443144,537340,5673191,2111597,1144270,425973,459372,171095,528868,196977
697,18419,519468,193857,1442730,537197,2495593,929585,1135540,422798,430882,160502,502456,187151
698,18419,551192,205691,1613886,601078,3444448,1282108,1458382,543158,549834,204991,598656,223181
699,18419,441636,164859,1285096,478501,1979802,737283,1355306,504646,576417,215568,450456,167752
700,18419,553360,206502,1529066,569427,9610525,3576544,1145144,426484,435022,162047,504280,187790
701,18419,529932,197758,1507378,561347,7188338,2674952,1489208,554577,579326,215981,1001421,373744
702,18419,278580,103826,783760,292087,1103702,410831,738096,274755,274294,102170,367972,137094
703,18419,595012,222006,1505574,560707,2722396,1013421,1364586,508062,457606,170778,288172,107352
704,18419,223570,83340,651428,242744,1128640,420134,599876,223289,218456,81381,290010,108039
705,18419,477564,178210,1237680,460848,1721302,640802,1166862,434480,455638,169878,523278,195079
706,18419,458648,171164,1252314,466313,2345162,873027,1414345,526905,237816,88799,309320,115203
707,18419,568516,212219,1524160,567500,3417790,1272167,1402068,522066,547048,203951,505570,188324
708,18419,535710,200120,1451791,541080,4271338,1589377,1163480,433068,446078,166170,504606,187945
709,18419,520690,194335,1534321,571757,3567938,1327809,1118972,416586,422784,157475,521560,194335
710,18419,554332,206882,1533444,570973,2293174,853767,1474392,548973,590274,220073,515330,192032
711,18419,527148,196777,1517418,565116,3763242,1400944,1545582,575491,519320,193620,522648,194849
712,18419,456780,170493,1255022,467295,4847277,1804061,801762,298591,318986,118813,418364,155830
713,18419,606596,226404,1604124,597316,2999438,1116452,1483788,552494,578122,215538,690192,257298
714,18419,550280,205838,1516496,564668,3941009,1467391,1169690,435404,455324,169607,535444,199434
715,18419,554908,207125,1527524,568787,4579251,1704699,1163200,433072,488762,182123,518530,193156
716,18419,524314,195703,1451322,540381,2073646,771958,1405480,523321,546528,203962,659446,245840
717,18419,531994,198547,1446962,538779,2052192,763924,1407736,524190,548292,204420,655830,244503
718,18419,580162,216500,1515452,564276,2277734,848046,1481286,551553,577134,215538,656068,244556
719,18419,432704,161441,1221626,454793,2288928,851835,1190790,443268,438554,163548,524882,195640
720,18419,440172,164042,1211902,451743,2318898,863077,1182534,440164,431696,160838,496076,184767
721,18419,519896,194023,1471470,547894,12125807,4512182,1108298,412561,474758,176864,496834,185049
722,18419,550946,205638,1445496,538216,5537778,2060866,1410000,525020,547882,204261,653522,243617
723,18419,540690,201856,1452158,540708,3952497,1471491,1175574,437599,455812,169797,532084,198232
724,18419,551864,205954,1541704,574050,6036377,2246864,1191344,443512,459652,171216,532592,198366
725,18419,552118,206050,1521678,566756,2174506,809639,1472620,548325,576240,214837,907301,338752
726,18419,551004,205635,1565988,583130,6947576,2585314,1181870,440079,442260,164906,524518,195734
727,18419,453068,169083,1107759,412741,900752,335305,601968,224064,229990,85667,288144,107311
728,18419,306072,114080,922734,343623,5418662,2016129,1044084,388641,409944,152708,498522,185687
729,18419,407958,152038,1182438,440283,5594246,2081536,1108324,412546,415670,154849,492562,183447
730,18419,523790,195464,1463838,545082,5603486,2085403,1399060,520951,555174,206973,500234,186354
731,18419,580960,216957,1516476,564725,3714936,1382745,1398390,521709,548764,205262,675704,252161
732,18419,314766,117324,899376,334903,2015986,750201,940090,349916,360234,134191,483688,180168
733,18419,501336,187116,1440656,536443,4441226,1652908,1344266,501049,527638,196707,627322,233881
734,18419,504014,188146,1384598,515710,4875605,1814902,1115366,415354,437404,162923,530668,197668
735,18419,522016,194812,1445998,538417,2187080,815021,1395161,520031,441328,164471,503734,187628
736,18419,524118,195605,1468800,546898,11985490,4459640,1450620,540136,552750,206076,452856,168659
737,18419,385532,143686,1064804,396464,3128804,1164245,987822,367682,369814,137886,494612,184293
738,18419,523760,195473,1479400,551896,3285915,1223497,1006740,374747,391776,145964,531270,197868
739,18419,526944,196636,1454310,541627,3542262,1319209,1377326,513285,529034,197234,575854,214648
740,18419,458932,171316,1248800,464971,1966720,732262,1332202,496039,543310,202700,691024,257674
741,18419,594418,221874,1590252,592099,2802626,1043303,1411092,525427,548068,204333,498678,185808
742,18419,420696,156805,1159884,431943,4376162,1628319,1129372,420435,414312,154322,509592,189830
743,18419,435952,162513,1212848,451513,2216456,824894,1181628,439826,426610,158923,486400,181163
744,18419,557358,208013,1544898,575341,6250746,2326159,1456848,542444,555348,207078,502490,187159
745,18419,550980,205619,1517608,565059,2177322,810720,1433826,533896,549798,204972,550752,205313
746,18419,471672,176181,1255066,467324,2810011,1046091,740906,275802,327180,121867,381884,142231
747,18419,433986,161897,1181428,439853,1737522,646673,1173894,436940,429520,159998,512410,190885
748,18419,528278,197151,1565057,583245,3317612,1234713,1179796,439152,456888,170171,534772,199171
749,18419,550874,205602,1530778,570066,3692948,1374560,1469256,547065,557928,208020,506326,188687
750,18419,543676,202909,1547184,576140,5813662,2163414,1281908,477319,487276,181665,505518,188423
751,18419,479766,179097,1331022,495744,3516680,1308897,1334430,497318,522318,194854,698142,260403
752,18419,555404,207256,1547872,576383,2211038,823323,1554416,578770,626298,233496,561712,209275
753,18419,552518,206233,1656055,617181,7157532,2663327,1166398,434157,449998,167611,529924,197444
754,18419,544952,203383,1547788,576370,3559994,1325093,1482798,552131,575418,214524,472538,176004
755,18419,547850,204452,1660876,618498,2181256,812167,1471950,548070,589500,219782,547848,204262
756,18419,462568,172625,1348423,502363,1095508,407831,777400,289400,295332,110010,402626,149968
757,18419,591064,220586,1614970,601399,5295129,1971115,1170504,435838,495054,184568,559594,208393
758,18419,556638,207728,1535786,571873,2291656,853198,1472044,548110,580750,216510,716950,267448
759,18419,555988,207499,1526460,568455,2203570,820467,1593177,593972,446890,166464,536096,199685
760,18419,544394,203200,1579266,588021,2303542,857624,1472862,548407,587018,218847,655348,244319
761,18419,464818,173271,1284566,478255,2936856,1092921,1193654,444322,439148,163613,512072,190721
762,18419,453632,169062,1293914,481742,3405420,1267165,1234560,459533,447466,166726,486602,181220
763,18419,551976,205982,1522048,566714,3597870,1339220,1471594,547940,575960,214736,516938,192677
764,18419,552498,206192,1582556,589376,3066276,1141414,1472030,548106,591986,220696,659810,246009
765,18419,703823,262654,885076,329594,1264558,470638,862470,321027,339120,126318,475242,177020
766,18419,409434,152594,1172554,436670,3215590,1196580,1107432,412203,444748,165703,498330,185608
767,18419,411120,153244,1166922,434465,2732624,1016868,1112322,414024,411730,153397,490280,182623
768,18419,529292,197502,1537780,572634,2685160,999626,1511866,562899,561134,209215,504948,188139
769,18419,542476,202490,1549240,576994,2822840,1050819,1402162,522105,545834,203504,652946,243436
770,18419,512998,191450,1376672,512622,7248063,2697496,1087578,404908,416652,155421,484894,180637
771,18419,520752,194313,1450468,540086,2060620,767221,1400108,521338,548820,204610,606724,226186
772,18419,492532,183801,1447090,538886,2196505,818147,897706,334247,349694,130253,500412,186354
773,18419,522634,195095,1462136,544481,7322487,2725268,1201892,447461,454856,169422,535470,199437
774,18419,516712,192841,1447834,539098,2805162,1044220,1505052,560369,561418,209337,565422,210916
775,18419,546852,204557,1517180,564902,2978138,1108644,1411870,525756,547900,204288,653100,243456
776,18419,574702,214539,1513098,563403,4946357,1841288,1121596,417588,490120,182573,525420,195666
777,18419,462874,172670,1225362,456407,2296070,854482,1166442,434209,434486,161874,533888,198828
778,18419,616916,230217,1518626,565473,3014294,1122318,1408038,524295,548196,204390,516538,192453
779,18419,520932,194416,1509078,562024,2914232,1084836,1400830,521591,556334,207421,655802,244472
780,18419,320612,119506,898584,334567,2962744,1102465,1005308,374216,370626,138167,542620,202212
781,18419,551488,205806,1525332,567958,3059290,1138755,1472834,548400,580482,216493,703383,262585
782,18419,578578,215917,1600168,595850,2804290,1043934,1478746,550636,578122,215600,707960,264049
783,18419,550658,205511,1519854,565991,2177574,810782,1628719,606925,434926,162133,500138,186306
784,18419,524730,195833,1438814,535725,5326631,1982728,1219496,454038,455702,169780,523316,194901
785,18419,556860,207814,1622460,604090,7456538,2774712,1400930,521637,548656,204558,564406,210225
786,18419,523340,195435,1439186,535877,7405328,2755697,1406370,523666,547026,203944,595910,222160
787,18419,269976,100627,798234,297302,2448112,910974,764510,284645,285650,106482,405290,151004
788,18419,450466,167901,1222216,455049,3218646,1197810,1197496,445781,433146,161337,521406,194325
789,18419,551540,205823,1644202,612203,3107350,1156612,1811474,674726,686200,255821,703408,262046
790,18419,553356,206510,1574658,586458,5816028,2164456,1677846,624830,647906,241728,696536,259672
791,18419,552860,206322,1539712,573372,4372224,1627308,1474536,549060,577196,215193,557246,207553
792,18419,544114,203081,1517620,565069,5132885,1910617,1177292,438272,455740,169745,528622,196865
793,18419,446490,166391,1220120,454404,2925564,1088735,1183468,440538,430756,160497,527320,196394
794,18419,550430,205453,1559412,580714,4255934,1584022,1476128,549668,578230,215577,539076,200793
795,18419,540574,201803,1444872,537979,2183793,813365,1123326,418237,503320,187541,523970,195147
796,18419,769739,287418,1172156,436355,2316430,862070,1168302,434869,457802,170584,536648,199886
797,18419,429432,160036,1153872,429681,3088826,1149515,1113462,414458,409458,152580,479342,178518
798,18419,554964,207128,1512182,563062,3785804,1409117,1512560,563178,562132,209574,472626,176245
799,18419,500252,186667,1391606,518216,4996171,1859474,726746,270607,283052,105444,304906,113555
800,18419,478116,178412,1300858,484544,3753817,1397128,616398,229440,243112,90548,267092,99497
801,18419,423574,158310,1160328,432180,6012122,2237361,1128764,420426,443852,165480,532300,198495
802,18419,459654,171530,1315739,490630,1352196,503299,679972,253316,255286,95284,285016,106165
803,18419,543722,202908,1486496,553494,4544852,1691514,1553628,578495,589586,219959,692950,258306
804,18419,416382,155202,1233368,459256,1708468,635865,1182246,440135,432152,161011,536524,199895
805,18419,554026,206750,1545628,575515,3024862,1126008,1399338,521039,545674,203494,285816,106454
806,18419,544530,203632,1543300,574751,2275246,847038,1626490,605659,577912,215461,676770,252548
807,18419,546012,203834,1440838,536558,3605035,1342210,1116400,415588,435952,162405,495932,184729
808,18419,516958,192948,1451420,540433,4241014,1578258,1416710,527520,548132,204364,654908,244179
809,18419,577620,215587,1585878,590556,4452473,1657528,1238048,461027,479068,178445,535778,199640
810,18419,550358,205387,1535350,571778,3714265,1383124,1166296,434157,460904,171713,531676,198017
811,18419,557114,207922,1486282,553460,2212766,824674,1437138,535156,548840,204627,660224,246731
812,18419,577806,215662,1538754,573025,2301698,856940,1472534,548294,802751,299874,540238,201233
813,18419,547686,204413,1513106,563418,5124273,1907413,1158344,431269,432954,161264,510880,190282
814,18419,426868,159087,1211766,451209,2658292,989227,1177476,438343,434896,161992,553800,206257
815,18419,428834,159831,1207192,449531,2657442,988952,1196894,445547,428660,159704,544512,202812
816,18419,553452,206533,1532616,570742,5775742,2149433,1472984,548457,590626,220190,532486,198386
817,18419,557422,208123,1436956,535049,5017048,1867170,1406148,523579,550936,205411,641314,239104
818,18419,276756,103137,798400,297355,2170698,807738,853592,317833,321574,119805,435926,162365
819,18419,415548,154864,1207260,449480,1621740,603575,1137318,423331,418354,155832,499808,186170
820,18419,448244,167071,1227030,456773,1801644,670564,1225930,456306,450904,168012,525072,195548
821,18419,451278,168374,1214132,452112,1723416,641415,1171732,436149,433240,161377,534846,199188
822,18419,552486,206160,1535920,572006,4548784,1693015,1580938,588619,575064,214523,503060,187411
823,18419,522232,194892,1446448,538615,5474702,2037398,1410080,525049,548828,204615,625016,233018
824,18419,272696,101650,771686,287386,2245606,835674,862808,321179,315590,117583,423316,157664
825,18419,429062,159883,1096278,408103,2178726,810785,1154910,429904,427080,159093,487318,181603
826,18419,415708,154931,1145308,426475,1672618,622487,1116904,415864,408586,152198,493986,183978
827,18419,535620,199832,1490006,554856,4888128,1819244,1400494,521465,553132,206223,558492,208031
828,18419,524712,195831,1448234,539248,4130519,1537679,1040170,387194,393878,146729,497792,185510
829,18419,555008,207130,1615987,602358,4830502,1797397,1008908,375566,394034,146824,502042,186994
830,18419,412918,153894,1199114,446570,2076658,773006,1148778,427623,411034,153102,488390,181904
831,18419,679183,253897,1162246,432714,1644380,612099,1108276,412565,414950,154605,471346,175534
832,18419,422110,157326,1159616,431744,7794992,2900421,1066388,396952,401116,149438,475490,177099
833,18419,542960,202665,1515926,564436,2178538,811148,1428996,532087,546870,203884,512300,190826
834,18419,522282,194917,1473924,548882,2681934,998403,1397592,520407,548348,204425,572454,213424
835,18419,454062,169796,1503265,560276,2843458,1058205,825780,307365,317046,118087,422140,157242
836,18419,711921,266361,1168150,434956,2107046,784259,1108478,412596,438826,163478,496382,184887
837,18419,420216,156650,1280870,476910,1715482,638435,1176084,437784,428348,159558,518344,193098
838,18419,428142,159574,1343036,500011,2369694,881833,1174304,437104,427014,159060,524636,195427
839,18419,518444,193511,1461074,544097,2175266,810156,1398474,520707,547752,204259,919617,343299
840,18419,529242,197500,1443256,537377,3408004,1268512,1335240,497176,521104,194284,627732,233998
841,18419,471176,175834,1383240,515092,2061460,767435,1278009,477448,350566,130706,460582,171652
842,18419,793457,296231,1209160,450210,2636872,981257,1121558,417471,412354,153659,516682,192648
843,18419,692289,258557,1223942,455688,1726774,642687,1169760,435532,458524,170968,529686,197279
844,18419,440334,164105,1279080,476240,3433008,1277529,1175566,437565,432580,161199,523550,195238
845,18419,555892,207450,1524992,567809,2239224,833738,1426430,531180,548698,204566,535870,199618
846,18419,524646,195836,1538276,572973,5458587,2031735,1113346,414428,494092,184133,529996,197398
847,18419,457148,170541,1223538,455527,4943316,1839365,1166686,434245,414066,154237,502322,187094
848,18419,401994,149829,1204452,448412,2699438,1004526,1163056,433016,441076,164329,503728,187620
849,18419,523804,195477,1449286,539699,2797018,1041510,1396896,520114,562526,209855,749091,279601
850,18419,550292,205401,1517060,564861,4114500,1531308,1212758,451560,490292,182779,506278,188770
851,18419,466466,174073,1267416,472092,4124408,1535003,1246210,464272,489452,182598,551472,205654
852,18419,469400,175071,1326828,494071,1812692,674736,1232808,458898,459270,171079,594164,221322
853,18419,586490,218882,1619148,602984,2312790,860982,1557780,580066,615878,229608,634532,236361
854,18419,588914,219772,1583934,589948,8943177,3328246,1168890,435096,477356,177799,557734,207724
855,18419,553840,206715,1508626,561722,5770596,2147513,1471692,547979,579154,215914,565494,210615
856,18419,573806,214233,1504636,560230,2177946,810875,1465968,545846,548700,204578,655900,244547
857,18419,347730,129602,1004046,373855,2766100,1029273,1094068,407241,412442,153633,504994,188074
858,18419,522012,194836,1439570,536010,3607184,1342755,1398968,520897,545586,203411,571874,213292
859,18419,541098,201954,1451698,540593,5341332,1987795,1410424,525187,548916,204668,658056,245329
860,18419,522750,195084,1525535,568774,6308184,2347227,1196638,445413,424964,158318,512982,191068
861,18419,545612,203623,1514162,563779,2202818,820176,1486816,553625,578192,215563,514864,191968
862,18419,550802,205720,1436436,534899,3446352,1282776,1408948,524630,552672,206046,658860,245622
863,18419,540254,201636,1245831,464261,1291234,480710,905880,337239,355406,132387,498392,185644
864,18419,544664,203256,1506090,560818,3090754,1150660,1472528,548290,577922,215458,562650,210036
865,18419,584298,218111,1501180,558955,2180990,812041,1487040,553691,576654,215028,687744,256404
866,18419,552828,206319,1602248,596630,7677047,2857168,1117306,415900,436678,162734,504602,188028
867,18419,528894,197354,1525602,568065,8481298,3156275,1443792,537685,585278,218216,548352,204284
868,18419,585056,218313,1523396,567227,3819034,1421442,1472570,548337,576116,214783,691160,257635
869,18419,293568,109480,883952,329213,2488936,926327,951248,354079,355622,132500,511900,190636
870,18419,550392,205389,1593760,593418,6782692,2524093,1624910,605005,609544,227246,541174,201570
871,18419,548718,204785,1571808,585772,3582580,1334211,1675409,624369,487334,181586,523174,194862
872,18419,442806,165088,1232622,458873,5111388,1901960,1169350,435248,433456,161474,508500,189397
873,18419,566306,211361,1513744,563622,2170124,807986,1474064,548853,587310,218953,468504,174558
874,18419,523682,195461,1450784,540193,6711425,2497615,721346,268571,268526,100028,307844,114681
875,18419,469460,175242,1309298,487626,2545919,947947,672854,250486,252518,94069,329140,122579
876,18419,501328,187112,1263938,470633,1750760,651736,1119438,416819,437940,163280,280858,104600
877,18419,422732,157770,1156776,430712,2286608,851240,1163908,433525,314029,117392,292460,108911
878,18419,417586,155819,1158986,431533,1747872,650787,1129566,420616,439618,163910,505724,188519
879,18419,455500,170010,1283272,477867,2314686,861670,1216312,452888,476534,177666,547394,204061
880,18419,511992,191099,1447146,538954,2825112,1051677,1511578,562796,545308,203303,533478,198727
881,18419,549048,204967,1530956,570029,5026308,1870614,1536370,572052,546228,203685,656154,244601
882,18419,357920,133436,1012610,377019,1482206,551655,1040308,387242,414174,154297,506402,188605
883,18419,517168,193035,1463018,544749,6073004,2259833,1510022,562215,558040,208061,512732,190965
884,18419,527376,196812,1476292,549714,3274308,1218706,1402198,522115,558242,208133,625914,233348
885,18419,496750,185452,1375528,512264,1945903,724811,890532,331583,345566,128711,456794,170141
886,18419,415334,154803,1203410,448060,2886696,1074295,1162728,432806,431996,160925,509394,189752
887,18419,411752,153448,1265758,471257,3795430,1412302,1251716,466164,451736,168258,516978,192622
888,18419,522560,195057,1461704,544255,7615368,2833826,1631501,607990,451104,168151,525006,195538
889,18419,521572,194685,1446138,538544,2194582,817169,1419646,528791,551400,205573,691408,257752
890,18419,427342,159285,1238630,461292,2381984,886461,1174230,437058,439370,163656,520262,193796
891,18419,523574,195419,1463162,544817,4260996,1585860,1400272,521383,549866,205002,549324,204601
892,18419,542544,202477,1521068,566348,3541130,1318067,1401190,521726,544744,203102,668364,249465
893,18419,450316,168078,1637207,610031,2758934,1026893,1167414,434570,479190,178527,523158,194970
894,18419,442908,165054,1165294,433921,2621314,975546,1110542,413391,406910,151605,496942,185075
895,18419,419198,156223,1175064,437503,2057226,765564,1132768,421655,402354,149909,502236,187065
896,18419,444144,165665,1152186,428997,7692034,2861983,1159496,431580,405602,151090,495528,184576
897,18419,558326,208363,1535426,571775,3071544,1143382,1473542,548671,578122,215531,518040,193002
898,18419,778591,290662,1207898,449670,4104388,1527393,1104766,411220,419882,156411,496218,184837
899,18419,413480,154098,1262182,469946,2778418,1034054,1167232,434498,439554,163752,515518,192009
900,18419,538206,200899,1431476,533098,2168900,807553,1397066,520200,554134,206665,696709,260112
901,18419,536760,200349,1507184,561278,2147532,799544,1296080,482651,485188,181039,531642,198183
902,18419,464718,173453,1283266,477865,1797978,669442,1047863,391064,289650,107953,352684,131356
903,18419,363122,136866,928026,345551,1294372,481864,821118,305640,305916,114058,447406,166778
904,18419,554458,206911,1537238,572535,2104661,783973,876756,326376,337664,125769,407624,151807
905,18419,374026,139395,1068474,397818,1420906,528813,1027086,382319,385022,143454,513614,191342
906,18419,445038,165844,1256696,467900,1698892,632292,1187526,442024,419384,156224,543682,202470
907,18419,547868,204494,1515092,564126,2810010,1046076,1483572,552417,574306,214111,801007,299061
908,18419,524720,196550,1274114,474394,2900774,1079726,1130552,420958,439568,164619,529846,197623
909,18419,455986,170179,1278316,476086,1893192,704852,1230440,458160,463396,172787,303186,112948
910,18419,521294,194544,1457688,542889,5071067,1887718,1125308,418874,432868,161231,539322,200849
911,18419,542856,202605,1433105,534065,3248268,1208818,1125046,418785,428392,159559,529262,197168
912,18419,437638,163110,1217326,453171,1744206,649191,1165954,433986,440946,164252,528272,196752
913,18419,522274,194947,1429622,532340,5547034,2064978,1408646,524512,546294,203713,536428,199881
914,18419,519768,193989,1469352,547127,2179408,811407,1510568,562434,548736,204583,614936,229385
915,18419,534422,199601,920123,342980,3037122,1130191,857950,319344,348012,129637,450900,167936
916,18419,530814,198107,1477616,550308,10578714,3936184,1119158,416716,438672,163696,279206,103996
917,18419,548248,204603,1430304,532606,5249737,1954044,1115020,415120,490372,182666,527614,196499
918,18419,792879,295970,1195254,444949,2759806,1027024,1143832,425775,442054,164674,502536,187178
919,18419,451786,168428,1211818,451249,2875570,1070240,1178194,438547,431368,160713,508378,189347
920,18419,584732,218208,1578366,587751,5533632,2059328,1409688,524885,733099,273908,460678,171580
921,18419,593148,221839,1443260,537453,2464407,917635,885094,329534,356166,132697,416042,154939
922,18419,525270,196019,1461814,544291,3125721,1163724,827970,308191,321620,119802,418246,155794
923,18419,575696,214940,1322973,492982,1345594,500845,893582,332607,340456,126808,486028,181121
924,18419,543370,202805,1523002,567086,5874722,2187207,1304488,485741,499742,186344,523572,195184
925,18419,439818,164163,1214146,452184,1732912,645224,1165518,433977,467572,174316,673140,251070
926,18419,503418,187889,1376142,512393,2047100,762214,1323978,493023,511210,190758,293410,109291
927,18419,435570,162559,1170282,435737,2138170,795978,1209922,450485,445078,165936,314702,117218
928,18419,440112,164269,1158262,431264,4764888,1773191,1184152,441538,423216,157872,291778,108716
929,18419,420086,156773,1164382,433547,5077456,1889490,1341583,499822,240462,89647,268646,100091
930,18419,415074,154915,1211892,451256,2729486,1015873,1118334,416410,439566,163883,296222,110383
931,18419,419502,156557,1154514,429899,2775354,1033041,1219820,454187,439394,163821,284186,105845
932,18419,416944,155637,1161450,432540,1762862,656358,1119666,416978,454168,169321,281232,104739
933,18419,399364,149065,1132944,421940,2513870,935697,1075474,400455,419866,156575,269382,100328
934,18419,399482,149073,1135754,422907,1588650,591411,1091964,406617,421306,157079,518510,193332
935,18419,424186,158308,1225732,456379,2797526,1041207,1078558,401605,423190,157780,304114,113267
936,18419,418856,156304,1244560,463433,1732322,644886,1091798,406561,445428,166070,373116,139045
937,18419,554756,207070,1529960,569690,2162856,805202,1459278,543369,549462,204854,334536,124614
938,18419,493490,184190,1333912,496827,3851006,1433141,1087555,405214,256732,95626,284656,106008
939,18419,400574,149494,1118572,416527,2239272,833485,1087164,404808,420094,156631,283622,105641
940,18419,425378,158777,1150982,428598,4520968,1682445,1162180,432714,423002,157710,287568,107110
941,18419,415788,155185,1151796,428859,4746530,1766372,1155758,430332,390937,146180,270362,100687
942,18419,418988,156353,1172660,436631,1740302,647860,1126922,419603,439940,164024,273276,101789
943,18419,438498,163676,1149802,428131,1662576,619166,1120402,417477,438880,163629,505368,188383
944,18419,449520,167790,1264648,470897,1787040,665356,1256776,468052,456492,170195,291618,108618
945,18419,464118,173213,1274510,474662,3548826,1320732,1204238,448407,476518,177659,624718,232905
946,18419,550222,205403,1519730,565851,2189216,815115,1673627,623648,434806,161995,503572,187550
947,18419,526244,196381,1435856,534643,3706745,1380129,1171370,436102,463874,172771,522314,194537
948,18419,449856,167649,1211612,451181,1790304,666384,1236534,460245,460180,171415,511392,190491
949,18419,427626,159381,1247020,464308,2714156,1009998,1112432,414103,409638,152592,494392,184127
950,18419,591298,220645,1427978,531701,2801076,1042820,1410606,525251,545466,203365,516840,192517
951,18419,542750,202564,1543682,574941,5317000,1978791,1585074,590281,600038,223697,667156,248714
952,18419,294140,109660,917850,341745,2431212,904782,887442,330445,330312,123165,492380,183473
953,18419,618798,230929,1596420,594425,3939520,1466427,1475368,549340,576162,214885,613494,228585
954,18419,556790,207780,1785053,665161,3977140,1480084,1246954,464183,471148,175486,518008,192922
955,18419,432032,161030,1324946,493297,5920276,2202930,1168184,434882,432472,161098,565488,210681
956,18419,564580,210678,1563580,582368,2299148,855923,1818270,677024,647898,241567,606522,226201
957,18419,546060,203801,1518726,565545,4260294,1585631,1483798,552506,575366,214582,595302,221912
958,18419,547926,204511,1562326,581784,3938117,1465994,915168,340779,346644,129110,490042,182510
959,18419,554710,207001,1513466,563525,5670594,2110310,1591816,592687,578574,215698,677478,252825
960,18419,517556,193217,1446450,538564,2664014,991727,1481978,551814,576948,215094,654976,244172
961,18419,555192,207239,1445900,538394,2627911,978623,1122222,417730,494460,184222,538504,200575
962,18419,555350,207268,1519600,565823,3420890,1273319,1403004,522398,550404,205201,670960,250240
963,18419,555936,207485,1435312,534787,5629406,2095046,1412564,525956,553156,206225,658804,245588
964,18419,529086,197455,1562478,582270,10052308,3740423,1207612,449669,459054,171755,286546,106821
965,18419,551180,205684,1573006,585808,2102540,782860,1399476,521091,553876,206493,661544,246598
966,18419,550202,205348,1548094,576464,3574363,1330850,1013578,377306,393484,147925,516806,192571
967,18419,538684,201234,1434378,534760,5034443,1873950,1112178,414049,464780,173302,506988,188813
968,18419,548620,204837,1461344,544108,3978812,1480900,1332396,496111,520998,194241,625214,233074
969,18419,390508,145560,1120536,417215,2925264,1088704,1056116,393351,393692,146679,478940,178360
970,18419,546076,203793,1514106,563758,2208634,822391,1443306,537484,548128,204356,513574,191305
971,18419,540694,201785,1563741,582888,1665802,620139,1108960,412937,432566,161128,506710,188717
972,18419,530308,197920,1500366,558861,2178730,811241,1401965,522632,440720,164175,533926,198845
973,18419,521406,194582,1539150,573228,2239906,834017,1400804,521581,547162,204019,615412,229614
974,18419,270482,100804,717764,267308,2139330,796410,799056,297457,304008,113295,400628,149219
975,18419,391240,145881,1110860,413536,1560278,580767,1055362,392827,383928,143132,463852,172772
976,18419,761631,284535,1158022,431153,1702164,633703,1168122,434786,446614,166386,524874,195473
977,18419,423638,157882,1204670,448525,1637276,609483,1112170,413972,418832,156006,501494,186772
978,18419,653361,244006,1136056,423025,5516864,2052995,1183312,440480,435142,162129,498812,185860
979,18419,451520,168331,1207106,449337,2293224,853522,1163532,433121,478638,178426,509726,189849
980,18419,553334,206490,1507862,561438,2979288,1109081,1409730,525036,545856,203506,511062,190363
981,18419,500264,186697,1509214,561943,5203649,1937007,1116634,415677,442922,164968,503738,187611
982,18419,569270,212641,1534071,571756,5823676,2167026,1122176,417728,428076,159452,470116,175084
983,18419,519278,193844,1378558,513290,15619955,5812204,1109852,413134,490024,182595,498010,185483
984,18419,519820,194022,1372436,511158,3951276,1470682,1334410,496986,520954,194225,355382,132373
985,18419,530274,197891,1459008,543362,4614809,1717718,1120020,416973,430976,160529,533498,198695
986,18419,523072,195209,1451586,540497,5174365,1926155,1146258,426766,441336,164381,511714,190581
987,18419,435268,162255,1213104,451704,6437830,2395322,1106508,411911,413180,153910,495914,184742
988,18419,523464,195355,1471934,548172,4252424,1582562,1432841,534053,435592,162255,475228,176979
989,18419,540784,201847,1518800,565525,2790468,1038815,1409198,524705,545874,203515,592858,221021
990,18419,269438,100422,750570,279520,2452692,912639,800302,297981,301434,112316,395854,147466
991,18419,523614,195477,1435668,534653,7692665,2863158,1123682,418336,432990,161313,494410,184301
992,18419,433906,161736,1223778,455610,1716178,638722,1171576,436087,419776,156405,472808,176124
993,18419,601034,225003,1517484,565189,2177376,810709,1474990,549224,585814,218628,515978,192214
994,18419,547646,204380,1529170,569385,2288036,851928,1484326,552695,578150,215548,658172,245363
995,18419,523920,195529,1437085,535440,1340808,499197,988072,367818,382046,142295,545204,203110
996,18419,550380,205417,1537990,572728,2481261,924148,1196884,445677,453572,169015,508992,189584
997,18419,421776,157209,1224242,455804,2169162,807285,1128852,420334,411640,153337,498658,185778
998,18419,427038,159169,1205306,448712,1721000,640535,1169150,435234,453914,169204,528440,196846
999,18419,519848,194099,1448246,539252,2064636,768796,1408412,524430,549642,204923,515812,192119
1000,18419,519050,193699,1473998,548871,2200602,819339,1399812,521223,549320,205095,541654,201762

Mean,18419.0,508337.88,189706.65,1381614.08,514519.7,3588266.23,1335556.12,1259455.06,468970.68,477388.8,177956.22,531959.98,198234.99
Median,18419.0,525567.0,196186.0,1446496.0,538651.5,2951340.0,1098668.0,1216490.0,453016.5,457630.0,170527.0,522020.0,194436.0
Std Dev,0.0,81224.75,30392.63,198184.13,73836.19,2034072.32,756842.27,218763.7,81524.95,90961.66,33979.31,125813.24,46929.08
Margin of Error,0.0,5034.36,1883.75,12283.58,4576.41,126073.11,46909.57,13559.11,5052.97,5637.86,2106.06,7797.99,2908.69
95% CI,"[18419.0, 18419.0]","[503303.52, 513372.24]","[187822.9, 191590.41]","[1369330.5, 1393897.66]","[509943.29, 519096.11]","[3462193.13, 3714339.34]","[1288646.55, 1382465.69]","[1245895.95, 1273014.18]","[463917.71, 474023.64]","[471750.94, 483026.66]","[175850.16, 180062.28]","[524162.0, 539757.97]","[195326.29, 201143.68]"
