Iter,KG_Cyc,KG_ns,ECDH_A_Cyc,ECDH_A_ns,ECDH_B_Cyc,ECDH_B_ns,Sign_Cyc,Sign_ns,Verify_Cyc,Verify_ns
1,238592,88962,629396,234486,889562,331185,600110,223371,237332,88402,301534,112440
2,508018,189553,1307140,486699,1814206,675512,1212502,451477,479862,178920,406368,151335
3,580724,216712,1654486,616115,3634828,1353033,1577306,587587,622952,232280,785480,292814
4,374482,139561,1057832,393999,3004722,1118237,1129230,420331,563402,209915,636654,237281
5,570480,212871,1526892,568713,5128014,1908464,1483138,552250,614078,228939,623426,232408
6,619034,231173,1651390,615605,5742056,2136974,1546904,576016,578204,215586,1340741,499692
7,496760,185359,1333268,496565,4981062,1858048,1115784,415497,440222,164132,507416,189160
8,477498,178229,1256342,467808,3329045,1239392,615194,229143,245264,91385,314182,117053
9,300270,111917,805784,300186,1173826,436881,1555924,579024,343168,127822,503620,187884
10,582272,217348,1515840,564570,3264393,1215758,1235092,459732,515964,192176,647082,240981
11,581928,217181,1789580,666523,2989448,1112885,1468468,547069,593498,221285,705900,263127
12,584222,218001,2075977,773694,3665906,1364409,1242016,462342,537040,200058,623040,232295
13,590820,220533,1761639,656531,1930860,719135,1311276,488213,530174,197478,604524,225185
14,579150,216207,1642784,611680,7339742,2731527,1857906,692047,734830,273955,679466,253166
15,540734,201527,1518550,565593,4246900,1580914,1195702,445136,480058,178852,861870,321308
16,675840,252150,1909138,710950,4923682,1832766,2285516,851161,869166,324051,742930,276717
17,542466,202200,1429434,532381,2603478,969153,1290638,480531,541248,201649,645922,240661
18,628504,234294,1694140,630837,2246782,836226,1527746,568665,583396,217291,617588,230040
19,628390,234522,1699020,633020,5046781,1879216,1338136,498357,554374,206472,720804,268470
20,616132,229907,1719512,640454,4591124,1708727,1549248,576869,623208,232334,581496,216589
21,534240,199124,1333282,496484,2618078,974417,1305824,486062,563850,210084,730598,272212
22,578156,215452,1363582,507599,2473674,920774,1256860,467828,492616,183503,612276,228011
23,607082,226558,1707744,636158,8059357,2999873,1276662,475318,575250,214283,647942,241305
24,581668,217055,1625920,605491,4366624,1625183,1467884,546568,579450,216034,635568,236981
25,292408,108976,808430,301038,2649896,986139,866318,322477,376074,140122,483388,180052
26,478014,178161,1311266,488251,3531256,1314053,1244406,463193,544396,202803,611550,227853
27,550922,205670,1527710,569024,3880398,1444413,1551773,579085,549126,204665,636828,237274
28,591178,220597,1620432,603489,3871964,1441135,1468020,546626,580826,216541,593518,221035
29,509440,189891,1294002,481831,3060512,1138985,1274326,474415,503748,187621,567898,211501
30,577258,215386,1505758,560656,2169308,807720,1485874,553262,582608,217219,582578,217018
31,555978,207474,1493638,556179,2174236,809584,1478390,550482,584494,217908,513786,191344
32,544816,203345,1598021,595415,1963992,731036,896266,333618,381884,142250,542802,202131
33,544770,203287,1488196,554165,2212668,823824,1480354,551376,573968,213994,692656,258226
34,521986,194783,1374117,512412,2295322,854309,983650,366139,415414,154725,571912,212985
35,521022,194435,1468800,547434,5299474,1972217,1394516,519325,566356,211331,634117,237072
36,558746,208577,1592392,593129,2239526,833892,1481866,551974,582016,217019,707534,265250
37,292490,109007,810612,301849,1192508,443838,833970,310415,344404,128278,466744,173837
38,522050,194835,1438294,535605,2808482,1045525,1395830,519791,550370,205207,526746,196380
39,234528,87397,1145534,426403,4383008,1630921,1177422,438282,467964,174300,567626,211508
40,518530,193517,1429680,532337,5595296,2082304,1405724,523475,549558,205039,290762,108311
41,541598,202157,1434298,534053,3524774,1311990,1395492,519616,548834,204624,658494,245494
42,508708,189811,1307057,487291,1582232,588895,1117130,415845,473346,176295,555698,206982
43,521492,194601,1469584,547373,32225469,11990246,1117878,416203,466210,173638,473528,176352
44,556364,207623,1506664,561212,2163516,805434,1470149,547911,435364,162158,604394,225090
45,547494,204341,1529762,569737,3302336,1229263,1406968,523891,552244,206481,658734,245587
46,439896,163937,1182846,440427,1726070,642449,1248944,464983,488714,182032,565056,210452
47,529046,197423,1499478,558427,3429110,1276431,1404592,523012,552342,205929,502340,187086
48,395476,147396,1061218,395158,3737206,1390835,1109930,413143,447344,166631,541890,201859
49,552034,206000,1527292,568726,4108811,1529717,1042138,388014,427660,159288,572000,213051
50,522644,195044,1450688,540276,6203716,2308546,1393788,518979,549364,204958,752133,280411
51,418168,156053,1172996,436895,1660708,618334,1129250,420541,441000,164421,534118,199168
52,477518,178165,1248690,464948,1780320,662925,1162726,432946,459844,171449,326662,121669
53,523524,195374,1196759,446382,1844604,686647,992306,369419,403334,150225,583296,217278
54,549424,205038,1509888,562199,3014898,1122383,1514631,564495,507036,188867,576072,214541
55,579368,216217,1505424,560586,2971716,1106283,1479604,550980,579394,216038,708044,264017
56,382694,142614,1039964,387210,1913972,712320,1131460,421158,444414,165572,586866,218631
57,524212,195656,1434262,534195,6743198,2509460,1467616,546466,587962,219322,599264,223297
58,594264,221833,1632708,608253,7868986,2928530,1626052,605807,624016,232648,699480,260771
59,570366,212831,1612294,600392,3912295,1457227,1114866,415086,469288,174789,607064,226087
60,768769,287120,1330232,495239,3449726,1283763,1241100,461967,515038,191906,575392,214283
61,583420,217713,1579236,588033,3789578,1410571,1537576,572570,590104,220056,664488,247495
62,574130,214206,1530640,570009,4957356,1845139,1467578,546495,597570,222845,668214,250740
63,421705,158134,718444,267526,997526,371348,623996,232268,244500,91095,325820,121362
64,515312,192325,1306548,486524,6527442,2428952,1123390,418340,450910,168129,531408,198102
65,232820,86801,623824,232304,875520,325887,584140,217424,236326,88023,281332,104810
66,421650,157325,1180562,439645,1789154,666123,1268622,472458,516514,192566,796686,297103
67,526224,196089,1295904,482646,2554494,950778,1277374,475466,545170,203072,615654,229331
68,553728,206605,1526434,568403,6740832,2509429,1894043,705951,525404,195797,605128,225377
69,593286,221398,1586582,590814,3942648,1467543,1548296,576583,624626,233214,630240,234938
70,288064,107358,761248,283470,1115710,415331,766904,285474,298732,111294,455902,169814
71,700434,261387,1772806,660107,5696558,2120079,1558050,580162,614640,229151,588300,219097
72,580206,216581,1516530,564678,2951774,1098828,1497286,557675,587942,219221,755144,281745
73,543152,202413,1388558,517094,3536676,1316084,1236952,460417,515848,192196,630336,234877
74,564958,210813,1516562,564842,2200624,819352,1470190,547517,592464,220948,595114,221718
75,659910,246184,1718158,639887,2377420,885062,1549152,576825,614816,229229,746604,278329
76,486310,181240,1309308,487609,2459454,915537,1237564,460735,488594,182033,611016,227653
77,650396,242701,1897000,706529,3415378,1271346,1701916,633819,877065,327979,614758,228988
78,551672,205837,1551570,577911,3096346,1152910,1610858,600029,612338,228297,664102,247694
79,531718,198396,1130775,421550,1235744,460148,871322,324355,353780,131921,520848,194013
80,576152,215108,1617550,602385,2885672,1075171,1469142,547053,577658,215364,733724,273550
81,630432,235283,1837940,684510,2486488,925810,1638450,610065,624880,232972,634364,236461
82,289836,108065,786480,293016,1380244,513710,809602,301340,349562,130209,425000,158309
83,585692,218507,1595508,594234,2254404,839404,1339368,498785,509398,189920,529214,197301
84,259866,96883,635308,236591,1763646,656271,621276,231387,253870,94586,351598,130956
85,589898,220051,1556772,579698,3713266,1382197,1509592,562233,591910,220692,706522,263425
86,621896,232062,1770334,659234,2524200,939684,1636266,609248,612046,228187,734846,273926
87,553562,207372,1541186,573979,2179598,811711,1476488,549785,591410,220530,628776,234185
88,628604,234577,1827974,680693,3119818,1161263,1584052,589858,612616,228394,711512,265309
89,473196,176411,1221600,454928,3266124,1215515,1251414,465865,496562,184995,563874,210081
90,648912,242215,1679662,626169,3304090,1230003,1640606,611675,609788,228047,641562,238973
91,546550,203928,1549262,577043,2162604,805095,1478524,550600,578338,215617,742766,276896
92,350016,130437,1020542,380054,1423492,529989,1002128,373018,421902,157216,569026,211999
93,585152,218293,1646930,613377,7539450,2805648,1495300,556800,584216,217803,584200,217642
94,580412,216618,1621730,603877,7204624,2681111,1506458,560934,580884,216566,552186,205831
95,423888,158139,1164210,433534,6069006,2258574,1509536,562364,604888,225532,751650,280306
96,699552,261039,1933042,719935,3148355,1172817,1349718,502633,567728,211436,607606,226308
97,551918,205903,2245552,836165,2326268,866289,1656050,616886,653122,243501,1032523,385507
98,689798,257477,1775296,661050,3948192,1469625,1459490,543434,544760,203095,534598,199484
99,481904,179792,1216276,452935,1684389,627383,668424,248813,330946,123296,387162,144201
100,526112,196275,1405052,523156,1915200,713118,1218382,453735,459758,171424,544368,203079
101,466636,174221,1243245,463186,2323706,865011,644532,239909,270016,100568,360048,134110
102,555226,207266,1549024,577066,5825452,2168181,1643514,612162,655494,244369,1003167,374316
103,604302,225663,1604202,597307,4290776,1597006,1547642,576292,622488,232254,711576,265295
104,565222,210647,1480874,551383,2807724,1045142,1495266,556570,628592,234128,691700,257728
105,576972,215306,1638190,609990,2296726,855171,1597278,594953,624656,232883,659892,245894
106,655098,244457,1832242,682495,5770044,2147492,1869918,696460,723566,269744,618944,230555
107,577564,215508,1508460,561719,15423926,5739123,1162658,432946,445906,166251,296818,110647
108,441702,164805,1148414,427622,1648642,613865,1115138,415226,440994,164418,526926,196451
109,455014,169797,1262614,470180,5780164,2150943,1170158,435711,459624,171379,303702,113131
110,436124,162762,1278524,476171,1895122,705504,1402300,522184,559008,208412,748098,278998
111,591678,220776,1823411,679547,2304768,857965,1214920,452218,486884,181346,578026,215367
112,582888,217661,1603078,597026,8083272,3008055,1758594,654997,680828,253810,633728,236205
113,548152,204530,1537384,572550,2939230,1094004,1467818,546541,577126,215261,666726,248546
114,342756,127838,823126,306442,2756576,1025780,858188,319540,359068,133858,503174,187383
115,574914,214555,1625100,605287,6461392,2404523,1320206,491585,497438,185466,313900,116947
116,424278,158406,1148294,428509,4636140,1725367,1115798,415592,458782,171154,507560,189257
117,453970,169395,1227752,457415,2823122,1050765,1164244,433522,460030,171537,323956,120680
118,299898,111768,884118,329238,1590204,591960,881854,328248,1095384,407771,575122,214664
119,566932,211552,1516926,564842,2305542,858478,1698545,632967,370790,138122,403230,150171
120,446338,166345,1217884,453394,3209936,1194494,1169846,435449,482080,179726,1277914,475712
121,558300,208425,1637462,609951,2206076,821452,1470936,547763,581104,216675,687292,256027
122,579964,216522,1631478,607638,2835400,1055521,1478496,550518,577630,215369,503264,187455
123,557028,207932,1569706,584647,2206850,821722,1470082,547401,609428,227413,577728,215557
124,474234,176977,1253510,466777,2680745,998228,833812,310485,323232,120493,433330,161620
125,467614,174316,1307026,486728,3030032,1127647,1310754,487899,519222,193389,632462,235743
126,563650,210115,1417128,527710,1916906,713563,1251872,466072,498692,185750,605486,225767
127,557232,207943,1580262,588672,3711902,1381507,1479716,551052,578762,215828,581832,216800
128,664994,248137,1692188,630244,4269612,1589228,1692212,630101,666372,248601,709118,264356
129,496242,184934,1330040,495277,3052496,1135890,1210000,450436,480546,178991,611596,227772
130,659214,245952,1967810,732755,2449098,912184,1844363,687372,471202,175565,586328,218403
131,454862,169518,1294562,481909,4297106,1598943,1177216,438357,484342,180402,571792,212930
132,638190,238081,1816980,676643,4471884,1664625,1730118,644190,664138,247611,302362,112661
133,587774,219385,1550816,577648,4130548,1537367,1484000,552719,581214,216692,555240,206984
134,468320,174546,1256572,468000,1737254,646696,1276270,475095,491652,183126,634626,236429
135,518042,193152,1376872,512649,2995980,1114910,1234388,459471,501730,186991,590836,220192
136,471906,175946,1165412,433998,1719358,640012,1237966,460781,496400,184893,619692,230829
137,622792,232431,1652646,615520,4440182,1652676,1550666,578223,591730,220638,615288,229174
138,551522,205838,1545596,575668,2956983,1101367,1263734,470607,516420,192341,682824,254338
139,569548,212291,1357326,505356,1847372,687592,1238300,460913,500382,186390,638616,237844
140,608920,227280,1711676,637545,2422324,901900,1553108,578358,612244,228254,697176,259796
141,585842,218616,1582914,589401,5092490,1895331,1558952,580513,614716,229203,777334,290119
142,569224,212491,1580638,588817,3200154,1191325,1612976,600607,623582,232714,526024,196120
143,583494,217742,1583428,589582,3097556,1153142,1467248,546361,582310,217138,587422,218778
144,555256,207192,1512360,563201,2315880,862419,1659294,617992,650286,242437,883366,329323
145,404264,150759,1178814,438978,7230768,2690594,1179604,439111,469622,174917,574378,214043
146,591288,220687,1513168,563627,6216643,2314252,1250220,465498,514814,191832,605126,225390
147,437090,162895,1205278,448782,2457482,914510,979578,364617,387422,144309,438734,163433
148,480572,179410,1440330,536531,2208118,822214,1555910,579340,614504,229097,744228,277440
149,588668,219634,1607100,598448,3764882,1401380,1527764,568894,579420,216029,695258,259185
150,729879,273214,1275938,475095,4155190,1546354,1521572,566998,523474,195028,704326,262366
151,588146,219483,1629732,607042,2329054,867191,1549694,577044,622232,232138,733256,274022
152,628980,234722,1723376,641865,3828563,1426124,1305106,485874,514000,191449,679860,253248
153,522206,194612,1279806,476471,4113926,1530805,1209932,450355,480786,179083,646108,240708
154,637322,237876,1806398,672880,2584314,962243,1689416,629229,650286,242451,693702,258375
155,580160,216430,1615338,601595,4559882,1697063,1476744,549909,582188,217280,714118,266309
156,477617,178824,947928,352954,1359582,506183,992000,369255,415278,154712,575754,214458
157,577798,215607,1514206,563854,7928373,2950675,1264214,470618,513946,191425,600830,223827
158,557418,207995,1505458,560551,4973932,1851188,1475874,549578,580756,216520,698262,260297
159,559760,208919,1516148,564523,2938802,1094008,1478936,550914,577204,215197,713342,265975
160,545726,203703,1430796,532752,2815186,1048014,1668017,621671,477958,178092,583872,217474
161,547960,204493,1560760,581196,2941320,1095067,1467582,546461,586390,218619,659326,245824
162,387284,144412,1003982,373749,4686438,1743759,1169154,435189,462816,172476,579310,215783
163,555904,207469,1504962,560360,2804220,1043962,1476920,549979,580470,216411,593028,220858
164,526112,196278,1455618,542454,4110922,1529891,1428608,531985,551464,205604,657626,245203
165,397682,148215,1190656,443302,12403610,4614972,1119318,416635,443680,165298,543062,202251
166,545594,203610,1538508,573015,2429187,904905,1152184,428963,460346,171461,523428,194945
167,580878,216713,1529542,569670,8009528,2980529,1400980,521730,551080,205455,380062,141548
168,519908,193980,1315466,489911,2784422,1036432,1072028,399205,424058,158126,506524,188861
169,469016,175031,1200432,446988,1702500,633894,1115974,415543,439916,164050,354370,131999
170,550802,205516,1574878,586570,3420510,1273258,1482336,551943,581540,216810,684834,255347
171,521070,194467,1576363,587570,2267650,844138,1172594,436465,483580,180108,557432,207592
172,528064,197091,1472096,548191,2059250,766728,1392930,518701,550786,205347,673402,251162
173,304118,113331,763536,284235,1098558,408856,888414,330683,328426,122325,438112,163155
174,555072,207145,1523404,567231,2183230,812907,1467714,546514,552038,205823,693968,258838
175,555006,207058,1506744,561027,6432852,2393937,1394584,519277,564302,210383,671102,250306
176,555686,207358,1518676,565582,1970177,734172,1215776,452605,499664,186092,573668,213683
177,528012,197045,1425228,530680,2073028,771873,1408242,524376,550258,205154,662032,246881
178,438568,163469,1162468,432816,2182140,812075,1188886,442534,463044,172469,579516,215793
179,547922,204418,1542108,574194,2155772,802517,1480698,551349,576870,215071,579046,215665
180,552144,206024,1501058,558911,2813654,1047399,1482706,552259,579196,215965,675700,251992
181,491652,183483,1414171,526960,4152674,1545422,984290,366381,409924,152731,567512,211407
182,548624,204727,1497452,557606,7513972,2796102,1406492,523867,446636,166558,299874,111708
183,551990,205989,1529546,569546,3562508,1325928,1477990,550370,579628,216104,661588,246663
184,525744,196220,1736847,647055,5413150,2014226,1014658,377731,415422,154734,551490,205378
185,545434,203502,1519134,565669,9456634,3518769,1525651,568740,470278,175277,544460,202783
186,527540,196862,1484320,552818,2049102,762924,1407098,524070,549256,204804,634862,236728
187,653340,243861,1701020,633597,5473337,2038000,1356444,505117,552128,205650,676202,251900
188,598496,223288,1608490,599056,7913337,2945431,1400058,521342,557578,207672,592636,220746
189,553452,206477,1545502,575702,2156812,802982,1479108,550762,582858,217296,715458,266989
190,448790,167245,1245362,463647,6324768,2353359,1235522,459885,487056,181442,577842,215209
191,747689,279192,1250804,465622,2339576,870877,1219530,453981,485624,180873,639484,238167
192,629452,235028,1612340,600512,4044220,1505366,1744350,649517,756400,282351,695724,259179
193,579730,216355,1559786,580772,2168316,807352,1522022,566788,577078,215172,516278,192308
194,414012,154296,1187406,442206,4701984,1749792,1300448,484154,558868,208219,619574,230854
195,576382,215160,1513478,563632,2168792,807601,1486934,553729,621351,232819,614048,228755
196,554316,206913,1528826,569422,5336136,1985916,1442610,537150,561374,209576,534048,199191
197,247678,92310,698258,260173,1872626,696867,712584,265242,296616,110487,403896,150435
198,624874,233155,1752588,652879,3561040,1325857,1695362,631483,656230,244715,666890,248447
199,483816,180310,1299016,483713,6706264,2495644,1249612,465173,493884,184047,546008,203360
200,565762,211257,1549732,577220,2205582,821276,1396221,520729,495100,184457,577884,215230
201,623434,232714,1634328,610655,2276502,847441,1559466,580712,614846,229223,735946,274348
202,545460,203531,1615889,602417,2389624,889703,1236342,460213,539902,201124,660328,246179
203,658820,245942,1740768,648332,2788043,1038490,1312550,488781,513544,191264,610690,227428
204,588496,219709,1527192,568833,2196536,818006,1520524,566383,617120,230069,830042,309623
205,706300,264183,1823676,679144,3207474,1194192,1616962,602068,612372,228310,695270,259162
206,477004,177761,1288956,480128,3071714,1143242,1414106,526815,528682,196996,646642,240872
207,593076,222104,1587694,591187,2322496,864754,1562486,581863,614656,229152,488058,181784
208,545866,203668,1560102,581024,4422598,1646004,1331778,495894,510554,190347,332498,124004
209,556948,207835,1283065,478107,1358640,505813,992590,369500,400882,149308,575090,214398
210,545344,203504,1543990,575014,5513540,2051858,1478966,550707,598332,223282,692894,258297
211,550878,205333,1433010,533574,5818976,2165365,1270232,472843,497030,185123,611084,227830
212,560942,209600,1609776,599513,2955259,1100967,1313882,489301,511980,190703,603750,224880
213,669280,249790,1672156,622608,4576954,1703590,1560614,581150,612604,228425,581224,216463
214,586710,219652,1498994,558209,2281854,849568,1570010,584939,610948,227773,745602,277952
215,422724,157520,1026936,382451,1409676,524756,889690,331157,369614,137700,540034,201363
216,574584,214519,1511586,562831,5924100,2204872,1421198,529538,551924,205772,559628,208641
217,456544,170319,1263822,470712,5835934,2171867,1477078,550002,589272,219846,731106,272625
218,546920,203823,1285690,478918,5848576,2176162,1225060,456134,468018,174453,594728,221534
219,616562,230180,1658864,617660,3118594,1160937,1532077,571188,508246,189331,577512,215113
220,563220,210230,1504610,560234,5610564,2088504,1481584,551844,584170,217784,972657,363480
221,583918,217890,1585016,590205,6426649,2391747,694940,258697,271900,101277,361640,134684
222,499422,186387,1376018,512336,1830940,681740,1163536,433248,501654,187172,311390,116026
223,425534,158791,1165132,433990,2280300,848881,1115314,415295,442062,164816,530060,197585
224,449160,167602,1246606,464195,3369973,1254339,609784,227185,258226,96193,298686,111250
225,486006,181394,1404404,523205,4151214,1545084,1499224,558544,586420,219108,557470,207841
226,577150,215046,1521044,566374,2677366,996384,1315726,489728,503214,187451,608434,226626
227,615320,229629,1685570,627893,2297358,855425,1562356,581961,608478,226876,694256,258634
228,588168,219455,1588264,591396,2999850,1116790,1549416,576937,608534,226873,693090,258448
229,581138,216905,1610772,599990,10063174,3744642,1116272,415694,440958,164431,527336,196594
230,452218,168526,1252274,466272,7378724,2745553,1257020,467892,490512,182741,604054,224989
231,628414,234540,1595662,594173,7331023,2728989,1289526,480126,531448,197983,607430,226270
232,547782,204378,1523114,567336,4319980,1607907,1563000,582053,611622,228024,757198,282442
233,748168,279131,2082688,775520,2753954,1025411,1766902,657899,684752,255324,733398,273506
234,465480,173466,1327162,494117,1833822,682570,1343072,499989,525684,195846,608084,226499
235,649564,242355,1868558,695788,2672312,994800,1742798,648939,660634,246299,635244,236656
236,559006,208657,1538824,573141,2854478,1062695,1563956,582409,694036,258730,667756,248924
237,307098,114442,757606,282174,4568030,1699798,881256,328025,361004,134499,559886,208623
238,547636,204361,1497446,558026,4217990,1569967,1514918,564259,610956,227804,617828,230135
239,662976,247539,1685690,627668,9009666,3352954,1653868,615813,634830,236667,448596,167099
240,549604,205073,1428514,531959,1909114,710761,1221570,454922,459628,171374,313162,116678
241,245258,91431,643268,239571,912596,339650,629838,234443,237436,88438,311598,116065
242,316064,117778,789200,293868,2970636,1105345,871956,324569,359240,133820,489398,182291
243,546396,203868,1510712,562504,2819394,1049570,1477472,550212,576616,215378,575406,214636
244,268344,100011,744028,277060,2054734,764703,764944,284735,307748,114654,459508,171130
245,582542,217322,1591170,592643,4193128,1560497,1476900,549931,578646,215731,328618,122388
246,551752,206609,1520310,566234,2180506,811893,1403787,523873,496052,184836,604228,225022
247,590762,220432,1630994,607401,2839927,1057538,1042244,388057,473756,176542,548106,204126
248,582534,217428,1589918,592014,4957138,1844936,1484962,553194,552290,205935,386196,143825
249,345378,128701,920240,342692,1442650,537079,1015182,377918,403462,150317,557090,207488
250,549192,204934,1517444,565040,4859072,1808549,1469636,547215,580728,216525,603462,225063
251,270216,100696,677124,252242,973554,362461,730044,271741,288416,107429,407744,151852
252,586152,218686,1603982,597283,2306594,858710,1548920,576775,602842,224749,620120,231097
253,553070,206502,1508546,561691,2189606,815276,1599182,595657,614354,229175,627082,233566
254,505990,188563,1347460,501784,1803350,671341,1290338,480311,494040,184014,572920,213412
255,501304,186814,1355908,504799,6380048,2374217,1317254,490330,572056,213190,667398,248638
256,618682,230837,1898453,707555,1885098,701831,1274504,474574,509974,189965,572300,213152
257,605162,226796,1595088,594045,2304220,857943,1602066,596773,645288,240577,798200,297886
258,591464,220695,1556384,579530,3403830,1266871,1321988,492250,490024,182707,557008,207640
259,433266,161703,1185428,441403,4703498,1750679,1058005,394522,338202,126126,434804,162168
260,621420,231885,1638540,610252,2315970,862249,1551392,578196,612738,228437,713608,266141
261,491156,183044,1289918,480200,3639518,1354289,1238672,461139,495870,184712,580862,216500
262,611488,228190,1696254,631656,5340656,1987494,1593491,594137,526494,196115,578146,215390
263,567576,211792,1548838,576740,4430074,1648947,1550624,577983,640800,239153,772288,288357
264,615004,229453,1661378,618872,4720922,1757040,1560590,581124,613668,228843,585938,218241
265,726947,271664,1340460,499169,2953356,1099360,1187340,441980,477968,178080,570656,212580
266,552930,206297,1446648,538604,1932328,719207,1270194,472826,521062,194209,670106,249606
267,557446,208013,1527634,568892,2214904,824526,1549100,576893,614368,229047,739026,275472
268,526458,196209,1355398,504675,5051976,1879892,1238042,460818,490498,182714,578320,215732
269,611812,228318,1914335,713811,5806573,2161840,1659120,617956,666712,249311,780556,291008
270,580220,216540,1630166,607032,2946684,1096891,1509497,562873,518608,193304,574452,214019
271,584704,218217,1603286,597157,6930470,2579082,1567674,583869,613860,228878,731798,272658
272,481004,179298,1330308,495549,5159170,1919895,1170836,435803,465812,173565,581684,216744
273,577866,215680,1512314,563266,2217286,825550,1526360,568487,800459,299035,616262,229545
274,591320,220662,1511568,562826,4490512,1671307,1467374,546407,591658,220583,662978,247133
275,502390,187712,1416162,527354,2788706,1038034,1548684,576653,613776,228825,734252,273738
276,582644,217392,1546670,575981,3707590,1379891,1692333,631161,492708,183614,604210,225032
277,652386,243536,1684916,627396,2318174,863131,1607076,598433,653454,243611,1078421,402993
278,552434,205929,1365698,508829,1827012,680127,1234206,459478,493568,183972,579704,215908
279,591848,220897,1711202,637360,3139532,1168860,1617858,602432,632732,236044,589832,219722
280,668060,249221,1600730,596040,4346254,1617960,1467214,546345,595214,221897,474187,177006
281,269164,100337,690444,257120,3496892,1301278,684248,254694,287864,107347,412328,153578
282,584424,218076,1525760,568103,3339310,1242938,1216628,453007,458096,170793,301336,112295
283,261704,97582,685996,255368,1873378,697191,725926,270248,287178,106968,377772,140710
284,553700,206634,1486052,553495,1946002,724452,1249540,465296,479056,178607,514033,191981
285,254818,95007,629608,234434,1485030,552623,600498,223593,240916,89840,285428,106307
286,442962,165281,1197536,446019,3187882,1186507,1115300,415290,449806,167702,526052,196112
287,231564,86318,636360,237002,869416,323563,580578,216107,234384,87306,287502,107132
288,432098,161297,1169148,435377,3380074,1257952,1291484,480961,500402,186583,663384,247325
289,390194,145425,1047458,390001,1412798,525814,973090,362286,411944,153592,559354,208344
290,605408,225919,1503230,559736,2198160,818524,1516904,564967,579720,216132,628430,234295
291,465528,173704,1299028,483690,1940362,722321,1606701,598611,365370,136094,483204,180013
292,553190,206413,1494392,556455,6735545,2507051,1173542,436939,507710,189089,591064,220126
293,459300,171211,1255118,467308,1738144,646882,1177346,438225,473008,176181,591582,220341
294,550568,205459,1533840,571219,7985748,2971643,1402690,522346,552748,206076,662206,247026
295,564814,210799,1442986,537351,2654768,988295,1401472,521843,551200,205502,664494,247719
296,448368,167085,1200480,447025,10023716,3729648,1169688,435401,445576,166005,538692,200743
297,521706,194697,1433958,533927,7613333,2833511,1128852,420215,475794,177216,549048,204557
298,523376,195321,1437236,535178,3295818,1226974,1396074,519854,551706,205714,712696,265962
299,561728,209626,1513580,563575,2157036,802980,1491278,555311,577148,215184,657916,245432
300,581264,216846,1509102,561928,2630595,979790,1115940,415487,593150,221018,696466,259657
301,579236,216138,1617414,602342,2315134,862066,1552690,578253,625504,233231,617920,230129
302,607924,226861,1582126,589087,2799580,1042211,1483848,552529,577938,215470,801722,299026
303,554790,206975,1542028,574165,1865077,695019,1112478,414260,466820,173875,578088,215393
304,548448,204661,1596132,594324,7860652,2925175,1548134,576449,646882,241335,658862,245439
305,551766,205901,1523360,567471,6498306,2418115,1480000,551155,580980,216603,704686,262670
306,576516,215112,1599122,595442,6926092,2577449,1478568,550547,578124,215546,691978,257989
307,341954,127428,885912,330015,2108572,784667,996122,370780,384198,143129,539472,200935
308,544628,203258,1447518,538980,3998558,1488250,1394090,519100,548962,204672,900223,336075
309,543614,202885,1521312,566527,6355402,2365124,1460018,543662,557068,207689,570168,212618
310,269336,100407,696148,259254,1371864,510528,720948,268395,290470,108201,409308,152454
311,387766,144525,1156676,430577,2179570,811282,1202372,447557,464888,173168,576570,214732
312,558264,208301,1519862,565916,2164410,805726,1479558,550976,580376,216380,560852,208903
313,546738,204078,1457326,542825,2792870,1039868,1480328,551415,584186,217799,823388,307157
314,587794,219403,1670618,622383,6742466,2510026,1643786,612070,647400,241345,736286,274463
315,528372,196888,1298804,483633,5474946,2037279,1202144,447458,485042,180816,572312,213186
316,580668,216658,1591988,592815,3135764,1167356,1550342,577301,612548,228395,837392,312162
317,630632,235309,1702768,634127,7109966,2645851,1468476,546796,577534,215357,579912,216017
318,607154,227493,1575908,586820,4482136,1668202,1551440,577732,600452,224005,569974,212570
319,459004,171299,931719,347410,1069760,398258,732836,272781,333608,124270,427988,159444
320,459634,171296,1254918,467231,8040058,2991687,1246036,463794,499834,186244,634098,236212
321,506258,188689,1358988,506140,3692402,1374241,1233612,459251,487186,181595,571132,212791
322,586526,219073,1521992,566914,2186994,814519,1484390,553001,573593,214588,678020,252520
323,660768,246510,1719660,640515,10063802,3744846,1467450,546409,581354,216741,1013824,378602
324,553302,206473,1669902,622258,8390841,3122711,829986,309008,346668,129126,423228,157673
325,353234,131642,990342,368672,1920516,714839,1014548,377640,420970,156804,586482,218451
326,459984,171526,1217352,453257,5361156,1994993,1190176,443238,470256,175214,529376,197196
327,577614,215564,1559418,580632,2194334,817035,1485998,553457,578614,215723,700852,261306
328,586982,218997,1698808,632839,6853645,2551103,1237496,460759,515104,191908,721916,268906
329,589946,220152,1621242,603831,2272340,846068,1484338,552845,578586,215714,582056,216803
330,557632,208134,1571028,585227,3017468,1123379,1552920,578236,612368,228363,380450,141725
331,500124,186608,1360551,506853,1493748,556017,751278,279717,300804,112060,379688,141400
332,523802,195461,1428756,531984,2424404,902460,1242950,462859,461998,172272,300542,111993
333,269788,100546,683414,254529,1601854,596211,694174,258400,287098,106936,384474,143252
334,565998,211154,1477044,549968,3463249,1289308,729224,271515,302796,112774,340836,126922
335,288008,107352,788330,293522,1419788,528388,673932,250848,268056,99860,366020,136330
336,592320,221021,1516846,564811,12416366,4620057,1548476,577283,579238,215963,601776,224128
337,492502,183522,1295816,482523,2853272,1062078,1253228,466515,497760,185404,597706,222669
338,576220,214767,1455660,541989,3205860,1193052,1405906,523351,525814,195842,601884,224251
339,563128,210155,1527584,568865,2235742,832457,1581370,588876,656790,244885,801408,298845
340,351768,131094,928460,345765,1310046,487700,955516,355650,385514,143603,575646,214470
341,618300,230633,1523228,567231,9414258,3503148,1267392,471913,486360,181325,534822,199369
342,451892,168628,1257140,468096,2948166,1097333,1173838,437095,458950,171333,657810,245201
343,459780,171357,1266698,471701,2777352,1033547,1167846,434703,482276,179643,562308,209480
344,579420,216202,1591624,592662,2299692,856298,1652582,615467,648506,241771,659452,245631
345,559206,208673,1543592,574819,2937528,1093479,1465952,545849,591348,220462,740546,276070
346,650608,242973,1666435,621654,3374754,1256214,1507328,561111,614980,229054,640562,238635
347,580162,216478,1615098,601440,3037786,1130793,1466628,546099,591944,220726,613422,228591
348,578790,216048,1716872,640052,5343014,1988614,1815544,676014,688094,256559,548034,204293
349,517296,192791,1323286,492710,2335242,869217,1281160,477044,490742,182786,566580,211125
350,612570,228679,1598788,595478,3146400,1171337,1825149,680585,593270,220964,624476,232624
351,603744,225466,1626864,605983,2954676,1099993,1548258,576494,622876,232352,760818,283607
352,312202,116335,958480,356925,2959264,1101339,972090,361827,396314,147743,569436,212066
353,519010,193437,1418092,528196,2983148,1110149,1272102,473532,501990,186964,596600,222254
354,588810,219824,1703330,634462,7108091,2645869,1316284,490222,561856,209297,679382,253029
355,585028,218339,1607154,598494,2360068,878950,1551194,577597,602124,224476,697372,260002
356,551560,205890,1415999,528159,4713228,1753922,1309628,487468,540844,201438,610358,227351
357,582812,217479,1905211,710168,2453936,913302,1238172,460893,519848,193640,611310,227680
358,568750,212322,1535916,572180,2291230,853108,1760003,656192,555014,206827,605460,225527
359,594852,221940,1625478,605269,6926678,2577666,1560784,581212,611262,227908,760698,283704
360,400658,149324,1057886,393895,1561604,581376,1109626,413079,467380,174102,644808,240282
361,583814,217842,1617380,602224,1988475,741157,1193182,444292,462292,172179,610026,227196
362,582366,217490,1526644,568606,2209509,823501,1257064,468045,602830,224580,729514,271729
363,499882,186281,1361068,506700,4685000,1743272,1238978,461182,498786,185787,578990,215682
364,583750,217946,1526786,568686,5244959,1952183,1000668,372534,384034,143046,416854,155255
365,498824,186168,1434938,534518,2994980,1114749,1536986,572288,607148,226400,692584,258211
366,617440,230394,1822640,678760,2509406,934511,1614634,601377,614458,229085,528836,197141
367,652344,243456,1715618,638812,2969505,1106155,1367404,509189,549646,204749,606112,225734
368,620836,231671,1669336,622547,6017116,2239521,1662870,619195,702280,262017,501536,186805
369,587826,219367,1583456,589583,2164456,805906,1579854,588281,577966,215486,576044,214853
370,277470,103441,695468,258898,2333560,868351,739872,275391,295712,110150,412140,153506
371,448264,167038,1217770,453415,3494004,1300138,1006964,374805,393426,146584,427250,159096
372,552896,208150,1485782,553238,2939464,1094173,1488046,554104,581700,216896,626506,233330
373,474990,177175,1343714,500321,5283854,1966244,1307072,486508,534220,199005,638656,238063
374,449358,167465,1205344,448768,4544522,1691181,1181364,439740,507354,189025,544976,203001
375,589292,219969,1625262,605196,7490185,2788175,1289978,480193,520548,193907,587216,218690
376,548870,204831,1555258,579711,3561932,1325837,1547338,576145,611712,228114,743584,277299
377,617296,230327,1739141,648343,4512238,1679150,1231620,458473,515508,192010,609710,227193
378,1152397,429936,1309390,487442,1718176,639530,1180678,439475,477218,177967,571400,212798
379,503076,187481,1374812,511906,1913380,712216,1421658,529252,559720,208520,612440,228161
380,420344,156655,1113602,414564,1438578,535388,998338,371629,364096,135610,393658,146641
381,489596,183200,1389446,517347,2636628,981619,1496938,558362,617050,230043,486662,181310
382,578950,215992,1834393,683720,2040644,759709,1181782,439935,482628,179800,572502,213225
383,592916,221428,1638390,610135,2388984,889543,1624556,604888,630568,235229,773352,288205
384,572160,213216,1488940,554403,1992856,741859,1308134,486913,520330,193814,613746,228610
385,582682,218377,1508970,561894,3586288,1335041,1494847,557209,495810,184738,583504,217302
386,568500,211934,1505910,560789,1929430,718249,1267198,471734,493724,183892,602350,224347
387,470564,175349,1251362,465952,2814522,1047492,1237322,460554,494494,184208,608376,226587
388,462586,172449,1206646,449267,7518142,2797446,1291412,480691,507250,188962,605678,225728
389,560498,209145,1501062,558912,3817799,1422033,1259690,468937,620704,231397,650378,242447
390,656074,244838,1976408,735977,3395712,1264123,1663774,619534,645446,240632,524720,195622
391,609532,227450,1591204,592498,5793495,2156971,1214872,452454,485624,180878,578986,215657
392,761920,284340,1940415,723542,3821164,1422244,1482114,551680,660708,246157,625394,233013
393,582220,217217,2214500,824428,3769788,1403281,1577900,587600,619004,230799,734530,273794
394,655308,244530,1757776,654496,3080350,1146887,1549358,576928,612942,228543,736262,274494
395,621818,232129,1593200,593248,4760548,1771903,1549444,576950,627736,234334,655144,244046
396,838385,313341,1355500,504813,2343494,872424,1288280,479564,505248,188207,607818,226341
397,516414,192543,1339648,498931,3005822,1118709,1316028,490020,527874,196623,641236,238973
398,647614,241639,1714286,638346,3223676,1199969,1559780,580940,792403,296200,612832,228241
399,594826,221974,1713488,638219,3833004,1426680,1490012,555120,579360,215995,697190,259930
400,523132,195198,1462064,544404,3615022,1345614,1549124,576814,622014,232055,590084,219833
401,611232,228041,1615588,601646,2295664,854773,1558890,580511,650158,242593,783588,292112
402,440574,164218,1168976,435274,1741510,648345,1166484,434178,492216,183324,615310,229260
403,467926,174368,1229536,457991,1741002,648113,1176740,438070,477704,178085,628766,234273
404,731888,273130,1924816,716686,4388910,1633644,2018835,752584,563734,210185,646220,240658
405,623788,232795,1576818,587252,4483878,1668887,1490590,555106,585058,218118,659798,245790
406,654874,244350,1766518,657830,4954371,1844148,1018052,379037,421724,157121,582488,216935
407,588174,219429,1603246,597080,6004092,2234433,1048397,391348,360798,134395,414144,154281
408,618802,230956,1636768,609538,8273305,3079164,1185182,441260,497116,185146,572562,213340
409,578068,215713,1615850,601750,2271924,845862,1482392,552048,578764,215774,711396,265345
410,449012,167338,1211988,451299,3811564,1418281,1193172,444121,473654,176415,596962,222375
411,535760,199951,1450304,540157,4092094,1523243,1465890,545821,865995,323572,626122,233233
412,583426,217701,1569740,585258,2156700,802888,1482250,551928,580302,216351,763864,284907
413,475296,177232,1157234,431058,4190536,1559260,1118470,416316,446280,166252,551264,205309
414,474886,176959,1249752,465375,5440052,2024122,958332,356714,372478,138768,397694,148125
415,515318,192320,1366894,508981,2887632,1074950,1427650,531632,550186,205124,292426,108907
416,418996,156371,1176406,438772,2125764,791225,1127748,420026,441732,164695,301910,112442
417,544406,203157,1513666,563610,3303730,1229710,1245868,463935,476460,177653,310120,115499
418,435304,162997,1180298,439498,1646002,612881,1115792,415474,440720,164317,300236,111811
419,416230,155304,1095460,408049,1918903,714432,602278,224201,250118,93165,286400,106669
420,1071181,399063,655010,243852,1155526,430023,584142,217441,244858,91209,288350,107398
421,440666,164433,1215212,452546,2229497,829977,620458,231149,247858,92313,290096,108034
422,424596,158470,1158694,431450,8115597,3019873,610702,227335,243500,90694,287894,107263
423,434684,162183,1180430,439535,2545993,947752,635426,236537,263860,98277,297368,110749
424,233884,87194,618050,230171,1500900,558528,598680,222844,243376,90656,285846,106461
425,468072,174600,1247936,464899,3444157,1281904,602028,224113,250658,93360,297414,110773
426,423788,158139,1160288,432092,3080893,1146765,604610,225135,251390,93632,295756,110153
427,437008,163080,1149098,427879,4462540,1661535,1073224,399627,425404,158611,294080,109536
428,450688,168132,1112714,414327,4187874,1558545,960107,357757,258260,96193,292600,108975
429,405522,151310,1106510,412095,4555000,1695084,1081608,402863,423182,157779,292422,108929
430,402544,150219,1115792,415505,1580482,588680,1082150,402957,422562,157548,290126,108061
431,419166,156453,1113024,414463,4830176,1797530,1072758,399472,424684,158620,300544,111932
432,234656,87454,634368,236251,2368566,881333,617104,229703,246658,91896,289296,107745
433,454150,169599,1160318,432044,4830116,1797519,1115978,415548,439752,163958,528518,197032
434,434270,162038,1187240,442065,2309836,859856,1137524,423728,443936,165519,541574,202130
435,465048,173533,1271060,473280,5247266,1952608,1208010,449804,480984,179324,432676,161136
436,525016,195983,1447724,539048,6967287,2593178,1174390,437167,489528,182408,545046,203003
437,472248,175981,1278946,476238,2221732,826914,1107946,412395,446854,166443,535886,199574
438,522448,194919,1463544,545022,6172474,2296977,1357876,505768,526562,196315,510550,190336
439,573852,214174,1514702,563994,4123668,1534789,1323384,492760,501788,187085,529120,197251
440,499596,186400,1585927,590729,964094,358892,653136,243107,281768,104947,375008,139677
441,572124,213619,1374647,512683,3126352,1163535,1150518,428250,465640,173433,577828,215186
442,474870,176972,1310110,487905,2285488,850550,1182198,440069,470156,175111,564456,210325
443,555914,207617,1521608,566613,5272444,1962083,1478226,550495,591518,220659,582892,217091
444,617580,230436,1577036,587195,3946694,1469806,1552970,578288,714468,266557,741420,276418
445,451466,168242,1291750,481164,2776832,1033407,1231580,458427,595698,221882,601056,223905
446,586454,219247,1551210,577641,2943242,1095493,1467738,546511,603284,224898,657492,244967
447,529790,197485,1415994,527167,1896376,705773,1240836,461912,488990,182160,611240,227636
448,524824,195642,1352072,503393,1912344,711744,1235538,459974,475962,177275,570396,212496
449,591570,220841,1700042,633248,3245144,1208286,1594480,593962,742209,277926,693332,258261
450,617346,230383,1630738,607238,2956270,1100533,1558538,580344,608772,226999,691472,257818
451,612218,228662,1597108,594982,3131528,1165947,1569740,584665,614298,229873,829104,309061
452,589768,220033,1589306,591833,3136934,1167763,1548994,576824,617074,230052,697126,259882
453,716104,267325,2107899,786466,2223812,827981,1513344,563293,626580,233364,794620,295933
454,480216,178983,1373050,511260,8275874,3079446,1234884,459644,511002,190358,686292,255772
455,696016,259771,1966752,732512,4892405,1822154,1580990,588561,635030,236505,649750,241962
456,548708,204726,2179372,811385,2951770,1098850,1479138,550979,580856,216554,874903,327104
457,691460,258034,1776578,661527,4577344,1703654,1452280,540753,553074,206233,531410,198124
458,455176,169873,1617467,602421,1020978,380074,758924,282518,294658,109750,417144,155369
459,619570,231218,1700946,633370,8641162,3215559,1640810,610967,620184,231252,589828,219735
460,465660,173527,1246626,464188,3944036,1467862,1187544,442038,470156,175203,606782,226106
461,505822,188513,1385768,516022,2548238,948438,1235192,459770,495012,184415,599460,223322
462,557404,208005,1519630,565829,8643232,3216588,1474248,549181,588586,219450,700808,261276
463,687420,256506,1781336,663246,4754518,1769581,1558172,580205,613928,228881,581706,216700
464,490534,182806,1305098,485957,1943486,723526,1293066,481340,491120,182944,617014,229836
465,645380,240829,1660239,618919,2543616,946721,1326608,493881,514668,191736,611668,227797
466,585494,218460,1678630,625240,6699922,2493483,1696412,631902,656502,244761,806692,300604
467,576074,214941,1618276,602628,2286320,851236,1556878,579795,632780,235924,691716,257877
468,531018,198218,1538410,573131,5009684,1864562,1576765,588021,464022,172895,640500,238554
469,590954,220508,1598404,595243,5063204,1884386,1467596,546496,584030,217734,299388,111498
470,587606,219219,1555300,579301,2190570,815630,1472144,548162,630962,235444,603156,224642
471,582558,217342,1564596,582700,27407914,10197689,1008989,376566,279468,104195,321982,119951
472,246414,91822,628906,234124,2861334,1064676,618644,230287,239592,89265,332272,123757
473,643322,240067,1593450,593319,2962476,1103388,1477582,550203,581970,216968,575328,214305
474,460128,171474,1207770,449676,1860162,692378,1263402,470273,565956,210895,605896,225954
475,554300,206813,1753395,653647,4534378,1687397,1187624,442087,486692,181278,579444,215832
476,814483,304309,1243200,462926,3208786,1194285,1316668,490164,524730,195470,626566,233361
477,598914,223409,1542404,574326,4195742,1561719,1478042,550354,580970,216595,730426,272334
478,480562,179222,1221832,454936,1805734,672239,1235122,459743,516004,192193,645218,240393
479,592360,221054,1581272,588836,2176648,810431,1468014,546618,581826,216919,562432,209484
480,575768,214894,1622682,604389,2373289,884199,832836,310170,345970,128856,448576,167112
481,581380,216921,1846131,688242,1876794,698797,1267722,472011,507086,188867,572046,213050
482,449026,167337,1260184,469252,4095484,1523967,1201686,447456,466102,173709,598996,223152
483,615864,229859,1659268,617816,6852867,2550813,1240190,461715,583834,217528,645144,240315
484,597074,222858,1605510,598064,6937470,2582136,1708020,636159,659524,245889,526278,196096
485,580912,216792,1636668,609479,5736919,2135188,765742,285065,327738,122075,471196,175539
486,553424,206572,1535052,571809,7333150,2728790,1188788,442783,456734,170285,306076,113994
487,417330,155730,1162564,432958,2151174,800829,1206018,449060,477588,178059,697680,260048
488,555840,207460,1521566,566691,4424878,1647088,1779361,663258,516520,192459,686666,255740
489,478276,178251,1287776,479428,2619650,974924,1197156,445640,463546,172656,574840,214086
490,584164,217971,1557152,580157,5060810,1883565,1549890,577113,648234,241808,748738,278919
491,502690,187332,1315212,489767,1843964,686493,1237250,460531,511870,190841,590098,219811
492,585746,218556,1616652,602163,3923152,1460299,1562418,581942,612238,228283,576310,214849
493,579176,216095,1638530,610228,5052603,1881055,1172530,436691,488170,181823,576194,214685
494,597932,223178,1614220,601238,2285374,850769,1570116,584798,615134,229331,740762,275917
495,607314,226640,1601028,596962,6570930,2445286,1467790,546535,589584,219945,628362,234244
496,479950,179086,1464354,545455,4630577,1723874,889752,331294,421752,157096,547162,203816
497,555476,207266,1500192,558593,8970822,3338102,1551066,577554,624320,232837,739344,275603
498,574484,214344,1611316,600045,3221622,1199308,1601314,596389,616002,229688,735504,274297
499,468480,174732,1221100,454714,1730056,643928,1164346,433403,472666,176068,598232,222843
500,479914,178852,1338708,498572,3024320,1125634,1307726,486768,542236,202111,612896,228296
501,639268,238740,1632964,608240,6061292,2255739,1562026,581932,608226,226760,533650,198953
502,494602,184376,1393472,518862,5087298,1893109,1314316,489211,521918,194400,599526,223544
503,556196,207545,1496482,557209,8352147,3108975,1184510,441190,487090,181455,612074,227949
504,569580,212340,1562186,581691,4144060,1542106,1289812,480132,492076,183279,594062,221431
505,552138,205990,2245166,835853,5327490,1982897,1698798,632810,694506,259331,832780,310538
506,667478,249106,1701196,633556,4504950,1676749,1549862,577158,612696,228453,639390,238185
507,591424,220627,1641890,611600,2338684,870840,1551882,577955,614938,229257,830744,309695
508,592442,220833,1362222,507362,2430442,904628,1231924,458554,532910,198532,615392,229427
509,578066,215749,1643554,612072,5771091,2148772,1330024,495176,578124,215409,655858,244316
510,576886,215601,1623474,604649,2305446,858350,1528594,569167,587836,219172,694452,258887
511,658230,245712,1730146,644429,2463248,917412,1644044,612139,859987,321591,696938,259649
512,709293,264987,1313964,489276,12262732,4562751,1237882,460758,545834,203319,641532,239074
513,431720,160898,1160576,432142,6974190,2595018,819494,305030,327788,122090,340664,126948
514,234868,87528,655034,243986,1135616,422674,616358,229423,242250,90231,285600,106381
515,465444,173677,1264486,470876,1784902,664436,1225564,456389,473928,176699,616548,229854
516,393746,146738,1091814,406553,2830492,1053381,930380,346313,373620,139173,402340,150143
517,295426,110092,827006,307917,1586692,590580,832826,309997,347992,129653,466380,173727
518,415608,154917,1130776,421083,3688110,1372471,983610,366112,377770,140704,386324,143994
519,310662,115851,840988,313150,1265460,471085,884870,329374,350188,130446,486068,181028
520,504164,188063,1309462,487527,3188120,1186599,1056756,393362,421282,156915,459340,171127
521,311512,116233,861740,320863,1496250,556941,767956,285840,287022,106909,345096,128555
522,225618,84086,639774,238279,1405362,523118,622290,231633,248742,92653,283450,105567
523,446826,166729,1212860,451606,2318584,863036,1179202,439138,460508,171694,632118,235791
524,555054,207156,1537752,572766,2219060,826395,1548950,576751,655394,244657,529378,197367
525,549070,204895,1498568,558020,2967850,1104843,1467704,546504,577210,215200,598012,222746
526,584924,218322,1602746,596978,4429510,1648646,1672618,622997,650596,242549,735370,274173
527,550502,205417,1682437,627097,2946672,1096827,1192672,443951,484294,180563,638820,238045
528,511954,190829,1297748,483090,3532624,1314691,1353558,503863,524460,195425,619456,230720
529,485068,180761,1184372,440910,2604560,969247,1014462,377625,397174,147971,416322,155068
530,529132,197399,1500630,559080,3130480,1165433,1557166,579946,774869,289947,601178,223931
531,587740,219328,1610962,599923,3743068,1393239,1475350,549358,580936,216584,715226,266813
532,551228,205677,1514392,563911,10482665,3900805,638658,237826,260450,96999,648376,241466
533,505064,188217,1216306,452869,3919102,1458285,1191084,443349,465820,173499,593368,221101
534,624246,233025,1602683,598012,2687284,1000404,1407664,524003,578770,215555,666592,248320
535,504304,187949,1288874,479859,1736664,646455,1181754,439867,486478,181204,609620,227183
536,587994,219382,1700800,633480,2496888,929705,1740055,648747,731966,272749,733954,273372
537,547028,203845,1351336,503095,4580332,1704401,1237084,460474,491342,183006,526060,195981
538,630714,235381,1701972,633779,3370457,1255041,1319194,491143,542988,202242,603142,224643
539,566530,211406,1506560,561012,2936362,1093049,1507930,561548,578174,215557,656942,244893
540,583198,217700,1502070,559446,8118782,3021294,1489524,554777,581760,216891,510876,190435
541,576784,215405,1463611,545521,4377526,1628921,1110084,413192,464818,173118,550472,205013
542,527650,196880,1461950,544397,4845190,1803231,1394254,519180,548400,204486,582094,216846
543,539974,201686,1433878,533920,3985982,1483731,1394506,519320,554022,206579,676814,252390
544,469734,175253,1236983,460889,1468688,546602,864574,321829,359060,133747,483818,180189
545,529870,197710,1536328,572063,2180434,811870,1448542,539366,558282,208144,660728,246407
546,462286,172316,1208136,449753,2211046,822847,1173732,436930,550868,205172,547500,203915
547,523556,195501,1443246,537410,3546982,1320276,1394854,519415,557306,207786,593300,221051
548,561114,209504,1431158,532894,3248434,1209297,1405020,523200,553270,206299,661834,246764
549,524152,195610,1516797,565276,2028856,755097,1149824,427986,462520,172275,581408,216558
550,568198,212044,1513864,563702,2168102,807279,1448260,539263,556814,207612,657548,245162
551,470712,175416,1285274,478542,4653852,1732509,1340310,499142,504840,188260,637740,237507
552,493008,183735,1290846,480640,7314518,2721728,1110120,413205,434756,161938,438084,163227
553,325100,121297,845176,314758,1567632,583512,764578,284619,291398,108533,322698,120182
554,561630,209508,1422478,529667,2063542,768300,1358876,505988,527166,196560,748372,278972
555,478776,178479,1215528,452681,2948532,1097191,993574,369840,390134,145390,413332,153962
556,515742,192472,1528228,569054,4220290,1570676,1468818,546953,580628,216471,669002,249203
557,552208,206073,1478548,550541,3573322,1330055,1393938,519041,550800,205352,696376,259711
558,768563,287142,923122,343661,1300782,484254,890968,331644,366216,136431,579206,215747
559,485352,180863,1224496,455927,4911944,1827696,1170162,435568,503260,187475,580268,216148
560,546526,203971,1492400,555717,2060322,767183,1404938,523145,549914,205020,551014,205263
561,552840,206257,1507022,561129,2172246,808815,1423504,530049,548352,204470,544900,202969
562,533028,198905,1530649,570410,2723760,1013791,1110950,413520,468276,174425,544802,202890
563,521566,194633,1455536,542040,2670905,994724,1136608,423075,517902,192956,620572,231146
564,524480,195658,1437156,535122,5310190,1976256,1400678,521623,549974,205076,656206,244648
565,582266,217372,1596332,594384,2205394,821166,1484388,552736,579378,216003,695558,259325
566,543404,202783,1528842,569311,2702306,1005921,1408470,524582,549858,205014,655866,244519
567,526498,196478,1454774,541897,4027562,1499287,1439820,536362,585000,218097,712006,265419
568,304962,113662,902466,336111,1279360,476225,924636,344238,375158,139732,552838,205921
569,577826,215642,1589124,591703,7327134,2727027,1627768,606116,653244,243534,617564,230069
570,574978,214725,1499346,558293,2804128,1043903,1474514,549110,578964,215848,695188,259266
571,341590,127310,1098870,409272,1968100,732397,1043384,388400,443394,165143,597480,222542
572,567102,211666,1532280,570728,2174788,809773,1467200,546331,579858,216186,1278947,476440
573,479526,178769,1160170,432040,1697056,631711,1188254,442293,473920,176767,622594,231927
574,577626,215518,1619858,603186,3102202,1154779,1548022,576441,893221,333809,618560,230411
575,578902,216020,1640528,611037,3105372,1156104,1510472,562662,612318,229153,610142,227239
576,550136,205006,1537614,572554,2668844,993212,1302202,484695,508152,189293,624792,232747
577,560608,209184,1516036,564632,7225788,2689409,1499556,558539,580642,216477,847514,316275
578,581266,216894,1622376,604153,2296552,855028,1548128,576456,614374,229036,952483,355763
579,554616,207014,1545090,575495,2187740,814577,1491227,556179,463766,172822,470912,175369
580,606700,226374,1602130,596587,2306123,860548,1267924,471988,490642,182793,628156,233968
581,549936,205215,1537090,572537,6856794,2551837,1485444,553273,590906,220296,652084,242863
582,575342,214704,1635598,609026,6115190,2275765,1479652,551076,577414,215286,1262472,470284
583,475586,177230,1215052,452449,5818966,2165411,1250188,465343,492000,183261,674468,251200
584,583788,217886,1567580,583725,2297958,856379,1669203,622317,519246,193460,578088,215285
585,567592,211862,1540320,573739,5356588,1993785,1471262,547837,642092,239541,657868,245253
586,507012,189141,1390740,517986,2127728,792053,1493138,556258,582318,217099,563136,209759
587,559164,208609,1537116,572526,5604564,2085919,1516680,564903,752423,281089,640378,238506
588,613528,228953,1597330,594757,12676697,4716925,745742,277691,310568,115677,378452,140952
589,595044,222072,1392060,518339,1865198,694489,1210108,450670,457138,170437,505212,188375
590,476770,177918,1324318,493522,1238697,461817,599712,223326,264512,98520,372292,138668
591,596808,222889,1513602,563615,10703856,3982960,1699327,633540,499786,186299,642280,239239
592,497280,185355,1300180,484042,2428014,903579,1173200,436695,472802,176107,581368,216623
593,581878,217261,1501432,559049,4709058,1752662,1470726,547710,602324,224724,738300,275239
594,582816,217508,1589342,591780,2292280,853495,1507358,561269,578072,215517,587616,218883
595,578928,216017,1613964,601368,2296480,855133,1551508,577735,611778,228083,569528,212448
596,884123,330718,1434242,533961,2480278,923134,1244868,463366,506218,188806,571058,212671
597,581242,216916,1611740,600386,2279328,848711,1471268,547859,580644,216475,737173,275035
598,642174,239655,1698742,632532,4593810,1709800,1547410,576193,621476,231759,664152,247629
599,509588,190153,1555293,579843,1275800,474927,941078,350314,397816,148232,556820,207539
600,614126,229184,1799526,670134,5356854,1993623,1575382,586625,613526,228741,581626,216637
601,1151238,428674,1227276,457007,2759604,1027111,1224640,455946,466980,173932,641540,239030
602,665838,248258,1712398,637629,4127256,1535917,1393424,518653,561282,209055,607136,226155
603,550206,205294,1518366,565359,2176922,810629,1501448,559405,592528,220936,753444,280965
604,622714,232414,1575856,586975,2301644,857030,1561264,581513,614838,229236,529230,197325
605,552084,206068,1500728,558799,4591855,1710145,1330638,495559,517292,192670,650446,242273
606,668510,249481,1670456,622055,4465122,1661794,1549054,576829,623220,232408,597370,222507
607,580102,216453,1641306,611504,6845416,2548044,1469603,548572,429860,160220,487224,181488
608,444262,165672,1149394,427987,5183070,1928627,1244948,463426,489604,182395,572748,213391
609,551432,205763,1552802,578293,5643938,2100726,1381755,515357,493464,183906,645538,240391
610,476166,177452,1410764,525283,1761036,655402,1129254,420361,440216,163972,474738,176933
611,398872,148634,1000268,372361,5136886,1911406,1172094,436324,473900,176514,565646,210751
612,585696,218525,1614440,601161,3097862,1153169,1811832,674827,667038,248873,629490,234485
613,457530,170525,1249300,465249,2701306,1005498,1199968,446660,467232,174025,578190,215427
614,656348,244881,1808754,673908,4045683,1506508,1332408,496096,522294,194551,614750,229002
615,583130,217614,1660346,618264,3654126,1360220,1483394,552438,585000,218094,770295,288080
616,405296,151043,1102372,410501,7169218,2667607,1208034,449706,496112,184779,568450,211758
617,560386,209055,1534920,571993,4863846,1810194,1471552,548063,587844,219158,417146,155356
618,569832,212632,1508678,561751,2593322,965435,1314470,489501,500310,186532,525990,196482
619,238676,88953,605852,225645,1180520,439325,602284,224185,241444,89959,318178,118521
620,561530,209566,1552892,578440,3062404,1140022,1634892,608933,653458,243617,577524,215393
621,541106,201631,1358058,505684,2461442,916121,1253460,466562,496736,185015,583688,217416
622,592134,221016,1629402,606956,2966276,1104328,1580868,588795,621180,231584,708198,263757
623,575020,214553,1663716,619804,7722482,2874026,1475564,549443,577424,215554,945189,352794
624,763897,285179,1103814,411129,1609810,599206,1123964,418362,457248,170336,628912,234272
625,807490,301204,1613318,600905,2297501,855825,1176372,437887,513220,191237,569548,212117
626,603790,225372,1602640,597092,4717991,1756414,1254254,466969,520114,193709,691400,257520
627,505184,188280,1364116,507814,3062722,1139920,1281156,476948,489592,182360,570620,212520
628,584798,218276,1644994,612738,8845307,3292243,1224968,456017,470766,175338,472540,176030
629,578620,215931,1598774,595276,2797214,1041403,1467168,546334,578410,215646,657188,244763
630,553174,206516,1538296,573205,1970349,734315,1264028,470652,523108,194833,640232,238490
631,490516,182778,1236142,460195,1651654,614814,1103528,410793,416790,155237,459392,171110
632,549050,204870,1608688,599055,7811830,2907369,1598283,596159,531316,197951,545748,203276
633,587770,219309,1645192,612601,2960040,1101965,1542750,574583,581748,216896,697258,260039
634,872331,326460,1351080,502991,2836852,1055825,1272034,473527,509264,189803,641574,238981
635,581320,216868,1605502,597801,7123660,2650984,1476334,549890,754407,281901,606796,226080
636,540874,201835,1645222,612656,2357415,878963,1313662,489030,559580,208451,682888,254294
637,503500,187684,1311130,488086,2834652,1054968,1175626,437588,478154,178138,578308,215416
638,591206,220624,1589736,592197,3954860,1472133,1617307,603193,557142,207708,644874,240211
639,476968,177761,1268278,472204,2283520,849873,1248096,464603,495946,184722,567196,211259
640,554246,206849,1563952,582486,2216760,825437,1477702,550216,599516,223669,613986,228674
641,608794,227187,1597632,594862,3436163,1280124,1309458,487490,551706,205482,607064,226092
642,842537,314705,1411800,525542,3170252,1179938,1242656,462638,503930,187689,600610,223740
643,616262,229966,1668764,621441,5392790,2007089,1550034,577187,590374,220106,679758,253341
644,590232,220296,1615942,601756,2304412,858098,1553496,578443,619018,230779,634164,236427
645,296664,110674,798470,297399,1090288,405862,776224,289078,331402,123440,432496,161101
646,581866,217101,1544260,575113,5101282,1898467,1467862,546557,621484,231700,571086,213004
647,568526,211873,1376150,512514,3936622,1464956,1403444,522394,555790,207033,598304,222959
648,550998,205650,1529510,569567,3467273,1291532,1234196,459444,585132,218061,651026,242540
649,585386,218437,1715710,638912,2528854,941599,1730100,644187,649074,241992,617738,230094
650,553152,206452,1524248,568275,2938540,1093963,1478864,550674,580372,216380,727466,271345
651,375372,139908,921186,343150,3031080,1127997,1008566,375402,510926,190289,622784,232062
652,610092,227658,1595388,594216,2912416,1084169,1467406,546429,590400,220134,644478,240307
653,481880,179800,937663,349925,2497670,929559,887974,330525,368690,137334,481554,179362
654,578214,215776,1606270,598198,5241566,1950797,1549110,576837,643458,239896,781868,291529
655,588070,219533,2030031,756848,2453762,913677,1434738,534576,546228,203442,650340,242249
656,595606,222212,1634336,608586,4464332,1661473,1479050,550746,579932,216208,491036,183033
657,694736,259374,1779456,662737,4982011,1855026,1577908,587540,662826,246867,730246,272113
658,489428,182389,1324804,493301,1801328,670479,1257226,467973,493052,183642,643074,239508
659,556164,207439,1377446,512873,2713708,1010070,1508182,561414,593224,220953,710454,264760
660,586362,218790,1827387,681064,3548736,1320736,1225534,456238,483182,180013,635232,236608
661,495980,184965,1283788,478010,1727032,642833,1151198,428496,435758,162311,457888,170527
662,341576,127504,871750,324583,3907606,1454236,747372,278263,286246,106616,313918,116923
663,451828,168650,1270644,473172,2952126,1099629,1249098,465101,504452,188081,428470,159829
664,295194,110053,825068,307167,1562756,581554,806098,300066,295340,110007,313888,116919
665,444188,165702,1240050,461760,1514469,564104,754294,280863,344678,128393,351916,131066
666,433720,161829,1225168,456211,5065252,1884967,1464054,545313,579890,216224,582876,217271
667,277094,103282,681082,253652,1578214,587408,747834,278355,288616,107503,409914,152648
668,581902,217135,1811213,674855,3418596,1272257,1299800,483872,512308,190804,640608,238580
669,552588,206190,1523292,567311,2167080,806785,1490266,555635,579016,215868,912575,340768
670,550062,205227,1509096,561907,5767359,2146770,1182766,440274,487038,181423,549342,204578
671,522762,195102,1677477,625089,1659892,617828,1196790,445503,506086,188551,576808,214811
672,460124,171535,1262910,470139,4302098,1601028,1183836,440690,468120,174365,566320,210907
673,557926,208176,1487710,553975,2836808,1056028,1483872,552725,582136,217031,589032,219407
674,553254,207048,1509224,561966,3467048,1290736,1186779,442445,420146,156526,499418,185969
675,434724,162023,1192908,444135,1545780,575295,1087988,404985,445304,165908,534738,199164
676,596200,222434,1649798,614327,2307967,859879,1198818,446337,498484,185685,578614,215530
677,526350,196389,1478838,550652,2650736,986754,1394216,519137,549462,204856,714334,266373
678,546498,203899,1529324,569437,2182040,813094,1476384,549847,581202,216682,698058,260366
679,548840,204805,1449488,539724,2072354,771877,1394296,519184,570660,212744,598742,223121
680,492918,183695,1158296,431440,2662994,991116,1111336,413658,459254,171074,548660,204359
681,557080,207818,1533028,570898,7758210,2887084,1712671,638540,519884,193755,608900,226778
682,559978,209052,1490840,555107,3250505,1210655,1179016,438876,499878,186174,643210,239571
683,549852,205168,1526152,568276,2952284,1099003,1469166,547078,578872,216344,758182,282827
684,582430,217286,1586318,590665,10078182,3750019,1388176,516879,440128,164100,530308,197693
685,526800,196589,1434386,534088,2815708,1048213,1415784,527192,553688,206432,556256,207197
686,581358,217024,1517206,564916,2239034,833650,1488328,554483,584698,217984,701702,261613
687,540738,201752,1565903,583663,2248548,836949,965776,359563,417674,155564,549730,204721
688,519326,193786,1467694,546630,2795796,1040744,1393826,518993,564494,210458,662936,247152
689,552084,205962,1536164,572832,3574438,1330351,1482412,552161,583840,217666,533504,198892
690,562626,209984,1455156,541834,5442640,2025503,1674617,624380,481152,179252,579338,215750
691,557982,208217,1542410,574358,5291852,1969414,1466874,546199,580892,216567,662620,247004
692,519522,193844,1420754,529016,2648296,985874,1406720,523821,549334,204808,666038,248304
693,552728,206258,1711073,638432,2491358,927414,1240058,461566,573412,213712,673728,250984
694,668876,249628,1666264,620495,3943880,1467989,1549256,576908,619622,231047,614568,228914
695,637600,238153,1540555,574600,1798812,669668,1166184,434192,495404,184742,594646,221504
696,557922,208260,1513650,563599,2169496,807796,1488378,554290,580220,216317,696116,259621
697,628086,234494,1662568,619050,3758928,1399131,1560060,580884,611268,227891,694842,259052
698,1415651,527724,1226622,456709,6191272,2303905,1172008,436240,487086,181422,638986,238005
699,573692,214083,1612432,600522,2298386,855664,1550426,577309,612490,228346,601912,224230
700,468476,174580,1224656,456082,4048780,1506767,1177764,438518,468552,174566,587144,218638
701,683736,255236,1705060,635120,2418235,901280,1250600,465615,552734,205961,636618,237181
702,581284,216907,1720652,640891,3303972,1229965,1632092,607725,616340,229857,966309,360561
703,525234,195990,1428166,531938,2557422,951959,1180668,439620,440916,164392,528188,196886
704,487392,181855,962239,358601,3583948,1333651,661936,246696,272686,101562,366630,136543
705,582500,217340,1712210,637716,3382110,1259422,1773358,660498,690106,257282,988587,369411
706,463098,172635,1248598,464964,2314152,861328,1173522,436822,459592,171201,563786,209976
707,623360,232643,1604432,597638,3075309,1145643,1401468,521711,577134,215014,652986,243297
708,585660,218525,1621260,603804,3846482,1431753,1507340,561324,610748,227760,739404,275633
709,486002,181128,1283596,477946,3842216,1429905,1478234,550235,610288,227316,654574,243820
710,480900,179285,1427512,531512,3503002,1303706,1249194,465149,497458,185277,511922,190720
711,583592,217739,1614962,601400,5881644,2188937,1644074,612169,645840,240767,710892,264865
712,553238,206413,1563492,582194,6580829,2449823,1330154,495384,520616,193901,572336,213197
713,695842,259681,2110831,786671,3156174,1174678,1302248,484716,525892,195866,632630,235730
714,550326,205340,1513772,563744,3529293,1314112,1177828,438498,487560,181603,574394,213995
715,538580,200723,1510998,562652,2923722,1088152,1486722,553380,583520,217351,648532,241650
716,563016,210115,1531406,570393,3802448,1415170,1591098,592535,646784,241131,742742,277008
717,662964,247341,1773516,660801,7155998,2662994,1580980,588714,612816,228469,717236,267505
718,601326,224374,1593670,593392,2302082,857220,1564184,582493,617906,230364,707732,263702
719,615290,229594,1704838,634919,4560022,1697142,1560618,581101,610688,227684,694538,258932
720,350918,130802,1009640,376128,2439116,907815,1068008,397629,449428,167389,771398,287429
721,659750,246141,1692870,630363,2369472,882303,1560774,581263,612406,228344,598096,222744
722,483516,180245,1300524,484288,5464124,2033299,1221414,454696,467190,174067,607828,226429
723,564238,210285,1272844,473942,5035638,1873763,1234588,459543,523972,195209,675274,251779
724,551316,205805,1548158,576679,5184970,1929845,1477868,550281,583652,217594,873757,326513
725,560242,209038,1497314,557567,2290066,852698,1518118,565299,579732,216138,628144,234179
726,504696,188389,1347235,502365,1286042,478737,916750,341278,366160,136373,546096,203475
727,648832,242808,1744490,649606,6047053,2251093,1284478,478234,557252,207601,609992,227189
728,595724,222306,1680286,625764,3014192,1122069,1572304,585793,611530,227990,618724,230496
729,648994,242157,1722824,641546,3178328,1183162,1562922,582041,612156,228251,643778,240009
730,503348,188338,1432670,533612,2206882,821785,1041521,388339,369732,137781,534530,199129
731,647210,241567,1771764,659948,11396946,4240833,1541114,574004,579114,215906,456800,170134
732,565282,211042,1510462,562556,3409312,1269054,1275708,475028,504714,188171,319878,119162
733,510302,190447,1470604,547585,4441421,1653204,976052,363371,438806,163431,583484,217338
734,556352,207600,1527958,569003,2170242,807888,1471300,547903,579820,216169,706098,263238
735,601552,224528,1609652,599412,7027476,2615311,1549284,576871,605036,225563,694324,258866
736,462050,172202,1223318,455649,3500784,1302759,1233770,459294,491802,183228,594334,221374
737,619750,231269,1639574,610508,2300528,856521,1548202,576472,627558,234080,616090,229452
738,581466,217000,1617492,602360,2310494,860439,1580590,588850,617634,230259,735800,274302
739,351666,131053,922510,343565,3124698,1162952,1006356,374584,452560,168578,612754,228299
740,555416,207260,2199022,818754,2968186,1104921,1471316,547841,603848,225248,621734,231716
741,543422,202505,1366630,508876,2364362,880029,1242680,462565,491592,183118,598750,223014
742,490240,182689,1316572,490413,2350982,875076,1244172,463181,493346,183752,865576,322689
743,654110,244089,1811770,674818,2576502,959355,1705110,635006,646594,241060,626144,233240
744,595068,222092,1529273,569977,5344044,1988787,1360112,506262,590676,220053,614488,228955
745,526610,196311,1487914,553972,2030850,756101,1310566,487820,524934,195519,599108,223222
746,549624,205070,1513168,563418,4481406,1667894,1711989,638183,497770,185475,649302,241903
747,499400,186107,1416742,527586,5367974,1997462,1234064,459337,486150,181090,579336,215919
748,549196,204674,1298248,483354,2986294,1111534,1283082,477799,533256,198627,671254,250068
749,666410,248663,1784178,664352,7769843,2892160,1292440,481186,513650,191339,575254,214324
750,573054,213816,1801689,671706,2875420,1070150,1181584,439816,482222,179606,583296,217256
751,554950,206838,1449806,539846,8122676,3022391,1317562,490452,495050,184541,511528,190612
752,362628,135174,898080,334290,1253236,466588,845458,314699,326632,121656,332480,123808
753,451628,168610,1092703,407618,1549616,576850,794902,295885,332454,123821,483596,180120
754,459886,171391,1273382,474036,5520696,2054150,982676,365772,385816,143718,399854,149006
755,543836,202983,1488098,554300,6018084,2239868,1943317,724568,527696,196627,535210,199338
756,582182,217211,1626670,605782,2181872,812214,4504373,1676562,630232,234718,289210,107718
757,236548,88158,632716,235629,1460686,543639,600774,223624,246900,92006,324412,120825
758,317896,118454,804270,299587,1878362,699214,788944,293655,316304,117848,330488,123152
759,452386,168784,1291902,481154,3520010,1310015,1334306,496833,521976,194613,692194,258081
760,545416,203354,1601442,596381,2545484,947509,1035138,385300,416184,155006,441102,164301
761,575340,214716,1572502,586146,2295734,854784,1555654,579297,610170,227481,505086,188135
762,553692,206973,1563348,582555,6556586,2440232,1535996,572135,612122,228260,772412,288139
763,583258,217654,1573804,586003,5531100,2058456,1475476,549434,583646,217592,701324,262470
764,456666,170186,1273160,474087,2803864,1043485,1240714,461812,493718,183897,686922,255863
765,580128,216448,1601732,596465,3113880,1159182,1529354,569445,586230,218573,589068,219440
766,586124,218766,1506882,561177,2233078,831361,1557906,580158,610296,227529,755372,281620
767,337418,125851,932392,347198,6037210,2246407,1114260,414755,474418,176757,615652,229454
768,552602,206268,1551098,577713,8411297,3130551,1312190,488609,547628,204000,620884,231271
769,555358,207333,1503494,559878,4414208,1643101,1558156,580383,583502,217556,698150,260274
770,577900,215660,1652196,615248,10846074,4035686,1550026,577150,611618,228028,833097,310768
771,558248,208336,1496964,557458,2011630,748945,1265280,471146,482410,179894,529838,197571
772,421122,157154,1144940,426319,3203946,1192545,1115654,415421,442080,164828,387224,144378
773,615852,229796,1679400,625372,3109692,1157604,1547074,576050,625928,233344,737780,275016
774,565040,210584,1358686,506020,2673892,995212,1380844,513986,533132,198571,600520,223769
775,555270,207185,1538626,573054,4179384,1555580,2128728,792557,586596,218691,617262,229972
776,584544,218159,1656338,616819,2412012,897943,1754766,653424,684966,255371,730444,272354
777,504080,187834,1399772,521233,3535916,1315987,1233132,459002,484864,180744,591138,220443
778,554954,207091,1518592,565486,2290538,852904,1651378,614987,650354,242459,625422,232997
779,554900,207057,1516502,564655,2177504,811286,1481190,551575,578574,215751,735718,274453
780,465246,173571,1530112,569752,2890208,1075951,1603820,597354,825057,308502,693046,258204
781,559966,208926,1528200,569018,4946108,1840733,1526466,568459,583544,217552,723900,269984
782,579824,216388,1608534,598956,4047036,1506380,1724086,642075,686772,256041,529534,197404
783,552560,206216,1545470,575556,3012869,1122315,1172366,436487,532132,198217,592522,220801
784,589364,219926,1641020,611141,2329736,867475,1639536,610495,662956,247165,819842,305621
785,601054,224238,1538642,572935,2178386,811009,1468298,546724,580352,216365,783594,292314
786,728185,272650,1442688,537291,4087076,1521063,1307600,486711,532394,198305,643536,239862
787,552918,206296,1535958,571959,2154592,802071,1477282,550104,579106,215907,665156,247809
788,548954,204851,1523880,567405,2956098,1100445,1468424,546771,579652,216106,721712,269136
789,508559,190178,910794,339059,1293778,481532,910732,339003,394112,146798,543630,202471
790,523942,195512,1421216,529197,2659192,989950,1414040,526609,550690,205314,657770,245200
791,480884,179204,1240378,461905,2660728,990142,1166136,434069,465850,173521,580670,216279
792,574998,214758,1514394,563877,2949600,1098027,1419758,528708,549060,204735,561736,209217
793,555114,207118,1551756,577801,2168222,807193,1468122,546654,578712,215760,661644,246683
794,741151,276741,1209208,450144,1753736,652768,1167324,434507,493016,183769,596760,222299
795,453594,169046,1212670,451485,2299624,855916,1166640,434258,483582,180155,612662,228248
796,562584,209962,1504636,560250,4344518,1616962,1478656,550743,578650,215759,562402,209516
797,517420,193093,1454496,541719,2075008,772502,1406462,523875,549980,205073,696926,259831
798,522860,195122,1455725,542399,3047528,1134041,967574,360153,425968,158663,571718,212939
799,530778,199354,1168120,434866,2526416,940168,1123550,418216,488408,181943,540730,201397
800,436578,162684,1161774,432481,1972420,734029,955132,355523,372900,138921,393692,146635
801,509374,190074,1445760,538583,3101397,1155068,1015054,377893,404080,150519,579724,216008
802,490862,182917,1613603,601807,5427776,2020059,1636988,609652,623702,232552,740744,276141
803,719849,268826,1251254,465909,2890872,1075888,1207642,449521,469112,174762,563834,210022
804,547192,204193,1521340,566535,3453950,1285696,1478056,550410,576028,214761,584084,217542
805,610992,227999,1579124,587981,2189752,815341,1450556,540298,548948,204664,661550,246652
806,523878,195507,1457708,542849,1992793,742146,915804,341016,386750,144053,557784,207776
807,535768,200004,1416786,527547,3541996,1318426,1394778,519378,548176,204400,687964,256510
808,554446,206870,1510640,562503,2791742,1039274,1404950,523203,550586,205270,668040,249094
809,547032,204103,1525346,567949,2799892,1042395,1472615,549185,488690,182037,577936,215262
810,548154,204566,1519574,565830,2186712,814148,1468798,546904,580144,216289,614928,229343
811,486944,181467,1262576,470023,3237548,1204748,1171774,436165,469588,174923,595540,221849
812,547300,204252,1510292,562770,6229362,2318251,1466582,546088,556706,207577,586910,218577
813,596490,222648,1506272,560853,4196218,1561777,1466922,546222,589876,219914,691950,258004
814,466662,173908,1221534,454944,4039780,1503190,1175224,437450,477410,177859,550152,205224
815,454616,169411,1201420,447250,1712644,637412,1214106,451954,472630,176034,560146,208677
816,548744,204758,1508776,561778,2175958,810197,1482554,552029,581052,216661,698286,260360
817,553892,206632,1508936,561856,4446274,1654849,1493730,556394,588548,219416,584692,217938
818,530210,197843,1467676,546703,2711522,1009512,1289762,480248,503610,188244,673586,251113
819,360372,134294,929802,346327,2139028,796094,1004126,373762,406858,151543,585698,218138
820,805266,300722,2051622,764045,2760690,1027921,1744606,649671,692314,258122,615004,229348
821,566258,211303,1619425,603472,3999526,1488512,1245140,463552,507714,189116,616368,229554
822,481850,179560,1226174,456447,3370132,1254054,1167572,434593,473184,176291,593530,221055
823,554028,206875,1523576,567466,3889599,1448396,1174956,437421,492544,183449,591262,220291
824,585582,218471,1610998,599994,3606972,1342584,1550376,577278,579642,216117,695560,259296
825,357850,133353,935844,348458,3714282,1382197,1122334,417845,448410,167023,604162,225041
826,620270,231399,1576704,587125,3925398,1461098,1546864,575989,640205,239548,615834,229515
827,473224,176406,1224884,456078,2305114,858114,1177184,438181,489648,182571,638270,237811
828,506856,188883,1402990,522367,2543546,946670,1236742,460413,493044,183644,605408,225484
829,547972,204524,1518960,565582,2794286,1040322,1480888,551466,583704,217635,600084,223725
830,504158,187875,1371224,510567,1806938,672566,1288970,479854,486306,181156,600838,223784
831,551348,205787,1720361,641293,5524238,2055699,1232060,458617,532084,198280,652236,243048
832,575082,214616,1621476,603848,4926718,1833570,1548964,576752,607910,226646,584680,217801
833,477686,178013,1224464,456062,5597760,2083054,1263232,470223,494730,184323,606940,226162
834,586428,218552,1623876,604617,2127990,792164,1390258,517468,541918,201853,584948,217913
835,553060,206338,1513356,563484,10820064,4026303,1486658,553774,597270,222833,840788,313583
836,582314,217274,1621164,603769,8973409,3339478,1198080,446025,488408,181947,644038,239877
837,579462,216246,1645994,612903,4110370,1529895,1817844,676982,733264,273368,662688,246811
838,555246,207895,1525948,568268,2944204,1095905,1492424,555847,612100,228202,698018,260231
839,896797,335119,1217536,453244,2290284,852525,1189150,442620,555736,207064,607620,226296
840,467976,174399,1258994,468711,2785262,1036600,1209412,450169,475432,177101,580170,216102
841,576632,215305,1513064,563630,3753312,1397226,1551208,577600,612798,228461,662530,246811
842,591758,220799,1533500,571114,8666466,3224815,1508232,561655,614634,229259,441710,164626
843,554326,206812,1538208,572819,2482283,924583,759798,282806,311622,116073,388964,144888
844,607042,226528,1395024,519469,5978015,2224681,671198,249865,266824,99375,332276,123738
845,488170,182276,1234488,459770,2693600,1002654,1127598,420110,443186,165235,527522,196843
846,279042,104089,638576,237886,4266652,1587499,601956,224076,241624,90004,333498,124243
847,549778,205116,1337695,498956,3096336,1152278,1052630,391820,456774,170153,583698,217447
848,578358,215885,1544626,575297,2901750,1080267,1629656,607035,648038,241601,940375,351336
849,547992,204454,1543508,574832,3620346,1347568,1520386,566173,609466,227228,381354,142089
850,532946,198797,1877022,699272,3115149,1160409,1020666,380064,431570,160737,633126,235893
851,584092,217951,1608981,599936,4905970,1825534,1172832,436554,485104,180693,583408,217360
852,595454,222264,1626006,605620,5755732,2142260,1762008,656291,690220,257353,659788,245774
853,586466,219306,1566838,583497,4506292,1677065,1467154,546333,582870,217303,665410,248042
854,509040,190010,1381270,514479,7012843,2610185,1017162,378678,468442,174502,635944,236877
855,558284,208289,1529666,569580,2953083,1100024,1174008,437109,491978,183266,572604,213361
856,485246,180837,1286434,479016,4548598,1692708,1422048,529370,548946,204462,600142,223575
857,616736,230422,1584336,589913,2211620,823504,1503766,559958,804319,300635,648806,241678
858,695632,259641,1591878,592719,4942070,1839380,1749444,651426,692672,258231,916563,342547
859,346810,129255,906386,337513,6667550,2480934,1010280,376054,398206,148335,563040,209787
860,554260,206574,1569442,584386,3395120,1263591,1364990,508114,527070,196311,580758,216422
861,559206,209274,1563574,582352,2815470,1048256,1467888,546601,621694,231745,702448,261883
862,381928,142340,1044024,388783,4081200,1518772,1171404,436027,468976,174682,616104,229574
863,548020,204522,1512560,563187,2188746,814954,1479820,551031,577378,215260,696050,259517
864,461388,172012,1305208,486154,2975546,1107327,1233974,459321,530820,197768,694658,258732
865,576112,214953,1615838,601671,4414832,1643002,1535927,572916,500226,186342,578122,215282
866,594818,222023,1578740,587994,2310846,860450,1623654,604821,648076,241612,649826,242101
867,584302,218035,1599220,595674,4721214,1757184,1468462,546840,581172,216701,700382,261134
868,649493,243317,1225388,456158,3180424,1183612,1279756,476437,508728,189483,651192,242505
869,605190,225801,1594584,593753,4389479,1634318,1176314,437892,498892,185819,612198,227977
870,598216,223255,1615992,601859,2420954,901273,1740312,647994,687324,256242,611636,227866
871,603168,225117,1599792,595675,2800598,1042604,1496090,557064,581382,216750,768842,286850
872,458374,170842,1343466,500286,2374570,883790,1387318,516395,540668,201392,665828,248004
873,589862,220116,1666552,620614,2153712,801756,1603403,597885,498274,185697,605714,225878
874,584464,218223,1594582,594560,3378766,1257947,1744232,649478,713650,266244,779102,290539
875,597818,223076,1577962,587642,3719464,1384411,1477644,550224,581690,216894,747076,278528
876,617946,230563,2095443,781181,2208066,822119,1502284,559181,613156,228361,619880,230936
877,579314,216143,1566538,583423,4170674,1552304,1478348,550469,580574,216449,531428,198085
878,554276,206808,1566478,583418,2330038,867452,1644920,612491,652494,243697,735734,274270
879,577852,215644,1502413,560072,4589642,1707966,1279164,476119,507050,188851,611214,227719
880,593910,221584,1644226,612310,6989734,2601187,1495553,557546,363042,135224,378960,141166
881,580878,216828,1619766,603220,5870068,2184454,1489130,554549,581866,216941,700526,261165
882,514798,191858,1417856,527944,3708410,1380125,1374110,511473,529420,197200,682470,254137
883,619266,231074,1601626,596511,4271706,1590029,1549200,577586,610694,227679,739956,275856
884,626288,233693,1668334,621186,3923026,1460206,1563644,582259,614714,229965,586830,218561
885,498862,185900,1239588,461699,1739546,647620,1182068,439995,465342,173466,565314,210608
886,903035,337639,1481202,551453,2107378,784675,1369262,509954,538712,200695,609314,226935
887,581816,217115,1618574,602844,5327638,1982784,1466496,546064,588482,219466,291808,108744
888,606174,226376,1577492,587369,2421770,901683,1615402,601524,609526,227243,731760,272769
889,586902,218972,1513425,564141,3340680,1243380,1256972,467921,506898,188800,581074,216410
890,585340,218374,1768547,659256,2974920,1107287,1374952,511937,580358,216201,648944,241729
891,440300,164091,1094480,407439,1501622,558877,998888,371803,393728,146686,400754,149282
892,487564,182070,1362360,508058,4076744,1517576,1550476,577320,614094,228944,297018,110636
893,660130,246313,1724066,642014,3863466,1438077,1590241,592848,522324,194601,546900,203704
894,809031,302117,1232036,458826,2359072,878128,1213688,451791,625346,232997,524956,195574
895,609636,227489,1786692,665301,2419096,900599,1575882,586862,612550,228372,872395,325723
896,452864,168773,1230600,458210,5416804,2015546,1201112,447182,473410,176469,611442,227835
897,607244,226597,1489119,555534,1886232,702316,1232130,458673,503212,187473,576482,214714
898,614938,229567,1588604,591530,3412814,1270695,1574652,586316,622072,231913,481162,179271
899,608650,227142,1537674,572558,2778732,1034413,1299664,483975,479624,178817,541536,201952
900,485478,181190,2000382,744667,2432813,905751,675596,251478,282506,105263,375870,139997
901,591948,220922,1653226,615815,8333236,3101144,1638720,610192,656876,245089,584570,217770
902,474382,176935,1219696,454150,2311330,860360,1174346,437119,466210,173669,572496,213275
903,616416,230035,1748966,651451,3454945,1286820,1312274,488449,532674,198449,639014,238119
904,564002,210561,1505238,560520,2795354,1040771,1467172,546300,579846,216180,725956,270653
905,706912,263860,1907228,710182,7429312,2764763,1592344,592932,612028,228176,742578,276870
906,601334,224423,1615470,601683,2507785,934191,1257134,468164,556104,207199,612156,228027
907,633276,236267,1651400,614919,4586958,1707933,1831820,682448,627178,233817,820737,306450
908,618226,230696,1528188,569076,2173170,809215,1469908,547466,616284,229901,774760,288822
909,339198,126414,897944,334456,5668472,2109163,1123848,418358,452414,168509,619042,230632
910,550178,205304,1537934,572848,4890549,1821015,1261648,469755,510758,190232,646172,240666
911,576834,215271,1607720,598746,2288722,852005,1548208,576516,610448,227591,716898,267431
912,535478,199643,1416692,527527,2300800,856430,1208888,450035,466614,173803,581644,216638
913,555566,207286,1529616,569640,5723142,2129921,1474680,549126,778597,290693,594254,221320
914,550504,205410,1539006,573105,2189590,815118,1483934,552670,580262,216333,614364,229030
915,266558,99339,715388,266395,1043838,388660,739664,275319,291940,108795,402422,149872
916,431974,160999,1170224,435653,3954210,1471396,1179992,439210,466936,173933,576184,214602
917,432592,161214,1177800,438557,1620632,603149,1234976,459893,453036,168768,535986,199619
918,546728,204013,1537086,572376,7907926,2942860,1397710,520451,549456,204852,560532,208750
919,439798,163919,1282920,481493,3856306,1435073,1209982,450422,469556,174891,555550,206930
920,449196,167425,1251320,465909,3838288,1428248,1109996,413166,458672,170885,553344,206070
921,558776,208515,1432860,533578,2653538,987873,1406156,523610,550134,205109,502800,187277
922,521532,194630,1460576,543889,5297988,1971639,1187576,442207,458324,170903,511226,190597
923,476968,178150,1248628,464948,5544513,2063454,725578,270267,356234,132723,401350,149473
924,587966,219332,1525226,567945,4193500,1560807,1479866,551049,578190,215565,659062,245674
925,439798,163951,1187614,442290,1651480,614623,1125132,418793,448576,167082,579028,215651
926,524958,195942,1444640,537927,7377640,2745476,1410136,525376,553628,206403,556956,207469
927,587966,219377,1583674,589731,4938978,1838031,1403166,522493,551674,205707,661402,246548
928,400534,149315,1056860,393468,4145828,1542733,1110162,413231,471984,175873,553732,206239
929,547504,204274,1432700,533480,9558013,3556773,897878,334215,367786,137000,551850,205554
930,555628,207428,1431332,532950,2791878,1039315,1419200,528600,581296,216719,659712,245951
931,464176,172992,1259084,468846,2654598,987833,1183606,440567,468368,174450,546038,203394
932,525752,196196,1453912,541406,6095206,2268445,1395976,519822,593148,221430,301486,112300
933,547314,204251,1513240,563570,3546632,1320179,1394692,519316,549018,204691,673270,251863
934,811187,302752,1080212,402097,1632056,607486,1115616,415266,462236,172175,574260,213869
935,577416,215483,1505282,560516,2938198,1093837,1473080,548534,579160,215951,660038,246072
936,527496,196811,1451110,540399,3383280,1259169,1401640,522690,555244,207007,666970,248659
937,547596,204368,1541564,574019,4393983,1636032,1220378,454312,490852,182864,545020,203042
938,529888,197731,1457468,542736,2055718,765329,1407846,524226,551600,205650,661686,246671
939,461024,171949,1263200,470370,1838452,684287,1285202,478409,466364,173710,637720,237546
940,554116,206772,1520374,566250,3639856,1354739,1393762,519000,555778,207351,555360,206847
941,731175,272997,1175572,437635,3573056,1329799,1120432,417043,456932,170236,577190,215029
942,585688,218691,1594536,594022,3222164,1199594,1436509,535821,521734,194408,642434,239252
943,592156,220968,1608308,599121,2283786,850242,1571122,585097,607660,226553,711706,265118
944,487276,181595,1273814,474362,2903110,1080482,1173096,436660,469196,174807,571218,212747
945,486898,279760,1208986,450207,4254716,1583337,1244642,463275,511658,190826,672428,250561
946,551230,205712,1547250,576386,2932104,1091518,1468544,546814,580536,216434,566258,210927
947,583986,217978,1528088,569204,5076656,1889449,1344480,500794,533262,198802,508230,189449
948,475602,177631,798471,297931,3344962,1248396,718892,267706,316496,117884,411264,153255
949,452796,168752,1254180,466945,1706892,635278,1187374,441965,461280,171907,612090,228231
950,555004,206828,1562378,581765,2146634,798942,1410160,524880,547966,204105,610370,227480
951,496876,185265,1312630,488821,1827676,680319,1241774,462221,497580,185345,618778,230467
952,522434,194680,1326986,494152,3220104,1198447,1388516,516880,558242,207920,602392,224324
953,639704,238663,1587542,591133,3767222,1402194,1550392,577454,609006,227054,715166,266723
954,550630,205519,1547446,577344,5340236,1987678,1742850,648962,706400,263532,531822,198247
955,593364,221434,1588766,591572,4932767,1836706,1213334,452107,508440,189395,575442,214425
956,589272,219977,1711334,637378,5134378,1910965,1879232,699860,689960,257226,614260,228806
957,550188,205288,1528450,569159,4509762,1678469,1479618,550966,584032,217793,576082,214755
958,523080,195187,1283561,478462,3244286,1207309,769890,286583,347698,129518,480218,178940
959,567498,211748,1538052,572731,2217456,825642,1471938,548085,1270976,473286,325134,121134
960,440532,164448,1327234,495063,2581248,960929,1394182,519127,583640,217742,776588,289496
961,591860,220867,1510830,562627,4259911,1586172,1172840,436583,494396,184140,608394,226686
962,561626,209611,1525516,568238,4600940,1712487,1561356,581546,612708,229139,688522,256490
963,555710,207337,1549970,577289,4191138,1559924,1480728,551507,581286,216710,721996,270332
964,453238,168922,1228624,457515,1841294,685446,1284686,478228,512976,191142,634214,236231
965,648420,241959,1599028,595446,4378738,1629571,1468886,546936,596976,222660,593268,220958
966,561686,209551,1524476,567687,4490632,1671288,1653370,615650,647932,241557,736220,274455
967,552836,206344,1533484,571193,2170568,808182,1467684,546497,580208,216311,717550,267716
968,582936,217555,1628950,606716,13530631,5035612,1238692,461132,518858,193294,588150,219166
969,556238,207577,1519848,565921,4352238,1619953,1488834,554527,585014,218159,431696,160795
970,548556,204702,1500324,558701,4885236,1817945,1115252,415271,441070,164446,528150,196895
971,235384,87718,632088,235408,2555188,950763,596988,222334,234484,87355,313070,116683
972,498750,186178,1465304,545743,3447394,1283188,1536988,572449,622450,232224,774406,288834
973,559644,208803,1535318,571850,2948438,1097436,1482066,551860,586468,218837,666610,248521
974,529400,197548,1518064,565481,6316965,2351750,1392486,518555,593524,221055,614308,228906
975,571328,213165,1511116,562715,3450834,1284525,1466494,546065,581292,216736,624284,232554
976,566572,211335,1533548,571127,3157962,1175480,1640270,610754,659044,245715,729856,272078
977,474126,176679,1246108,463988,2215604,824519,1165944,434002,466208,173680,569966,212371
978,586704,218999,1522464,566916,5341154,1987834,1621034,603653,646902,241178,620848,231288
979,544600,203231,1537270,572431,2937968,1093648,1466814,546165,1242650,462942,697406,260005
980,613944,229131,1688720,628801,5743413,2138692,1393770,518782,586814,218556,598156,222906
981,557114,207868,1504150,560064,2173500,809312,1482198,551944,578120,215564,698358,260384
982,590578,220350,1585008,590174,4057284,1510161,1728892,643750,648416,241775,737916,275134
983,911257,340647,1335146,497103,1760768,655537,1166872,434415,504644,188192,596446,222149
984,555088,207301,1515948,564667,3148764,1172185,1464997,546616,551794,205594,601676,224120
985,454190,169323,1227920,457107,1720940,640531,1172390,436429,472862,176137,574674,214074
986,464800,173336,1202630,447780,2468518,918804,1219144,453827,497026,185120,675230,251547
987,639750,238832,1585456,590370,3874906,1442258,1467188,546308,618992,230743,588296,219111
988,484322,180509,1308528,487291,6252314,2326590,1281966,477263,527828,196733,666480,248197
989,606981,227458,1288478,479770,1763366,656387,1163820,433191,469510,174915,1269502,472673
990,553082,206384,1536654,572214,2625953,978438,1243690,463000,524948,195514,681990,254073
991,586452,218830,1539844,573493,2181780,812370,1467298,547039,580274,216338,509026,189570
992,628952,234710,1601238,596401,2304784,858135,1546424,576003,521489,194991,412196,153521
993,575874,215046,1442608,537809,2207325,822025,756632,281751,318986,118807,373668,139177
994,520210,194153,1348162,501994,2097549,780983,675774,251557,281086,104690,318214,118524
995,332120,123816,880012,327729,1249398,465141,889772,331190,386952,144253,497810,185414
996,470746,175480,1247834,464584,1807378,672805,1247612,464505,493974,183992,556798,207465
997,574498,214439,1515322,564276,4517274,1681317,1478480,550540,583372,217528,654985,244833
998,326072,121545,887176,330445,1664544,619607,888254,330630,353570,131693,531680,198054
999,551042,205660,1529106,569421,3426933,1276013,1200828,447167,491216,183009,562294,209510
1000,475696,177275,1265054,471073,1804438,671685,1322026,492108,518900,193298,595846,221952

Mean,541204.85,202041.14,1442771.46,537340.3,3701802.97,1377858.29,1322535.45,492480.32,525090.05,195731.82
Median,554181.0,206843.5,1513390.5,563604.5,3034433.0,1129395.0,1371686.0,510713.5,533259.0,198714.5
Std Dev,104955.67,39293.13,261095.02,97272.23,2293784.39,853475.42,286146.17,106622.64,111300.29,41559.7
Margin of Error,6505.22,2435.41,16182.84,6029.0,142170.23,52898.95,17735.52,6608.54,6898.46,2575.9
95% CI,"[534699.63, 547710.07]","[199605.72, 204476.55]","[1426588.62, 1458954.29]","[531311.31, 543369.3]","[3559632.74, 3843973.2]","[1324959.33, 1430757.24]","[1304799.92, 1340270.97]","[485871.78, 499088.86]","[518191.59, 531988.51]","[193155.92, 198307.71]"
